"alpha","r2","n_fit","effective_r_max","vocabulary","tokens","r_max","generator","replicate","seed","benchmark"
0.99040688772436,0.999037917737433,291,300,4855,100000,300,"finite Zipf reference",1,2001,"strict equifinality"
0.991535714254089,0.99890625820387,491,500,4855,100000,500,"finite Zipf reference",1,2001,"strict equifinality"
0.988621710146074,0.999159529567116,991,1000,4855,100000,1000,"finite Zipf reference",1,2001,"strict equifinality"
0.971293081228966,0.998416523335929,1991,2000,4855,100000,2000,"finite Zipf reference",1,2001,"strict equifinality"
0.966530936996413,0.998068555316544,2598,2607,4855,100000,3000,"finite Zipf reference",1,2001,"strict equifinality"
0.996624262504698,0.998646637697993,291,300,4614,100000,300,"Zipf Markov control",1,2001,"strict equifinality"
0.980195839558417,0.998797401741763,491,500,4614,100000,500,"Zipf Markov control",1,2001,"strict equifinality"
0.966477641677862,0.999052358849383,991,1000,4614,100000,1000,"Zipf Markov control",1,2001,"strict equifinality"
0.95928637885436,0.998597422006693,1991,2000,4614,100000,2000,"Zipf Markov control",1,2001,"strict equifinality"
0.966360628710828,0.998159971168295,2548,2557,4614,100000,3000,"Zipf Markov control",1,2001,"strict equifinality"
0.991997220909893,0.998485891599125,291,300,4782,100000,300,"latent mixture",1,2001,"strict equifinality"
1.02478463544239,0.998013260071012,491,500,4782,100000,500,"latent mixture",1,2001,"strict equifinality"
1.02632843051431,0.998674627023328,991,1000,4782,100000,1000,"latent mixture",1,2001,"strict equifinality"
0.996599199646593,0.997470161184541,1991,2000,4782,100000,2000,"latent mixture",1,2001,"strict equifinality"
0.991910533220386,0.997403705237551,2335,2344,4782,100000,3000,"latent mixture",1,2001,"strict equifinality"
0.998692131078388,0.999429213579765,291,300,5023,100000,300,"sample-space reduction",1,2001,"strict equifinality"
0.999624249493846,0.999548363595666,491,500,5023,100000,500,"sample-space reduction",1,2001,"strict equifinality"
0.985425312512838,0.999340497655165,991,1000,5023,100000,1000,"sample-space reduction",1,2001,"strict equifinality"
0.979639323660169,0.998856182120567,1991,2000,5023,100000,2000,"sample-space reduction",1,2001,"strict equifinality"
0.971893944826053,0.998234971673806,2587,2596,5023,100000,3000,"sample-space reduction",1,2001,"strict equifinality"
0.99876441809591,0.999262687310141,291,300,4870,100000,300,"finite Zipf reference",2,2002,"strict equifinality"
0.993827279535599,0.99943732030069,491,500,4870,100000,500,"finite Zipf reference",2,2002,"strict equifinality"
0.980944780909537,0.999301211067754,991,1000,4870,100000,1000,"finite Zipf reference",2,2002,"strict equifinality"
0.976412863663415,0.998847289528292,1991,2000,4870,100000,2000,"finite Zipf reference",2,2002,"strict equifinality"
0.96718111693909,0.99810923740238,2638,2647,4870,100000,3000,"finite Zipf reference",2,2002,"strict equifinality"
0.987317229939871,0.998576590745822,291,300,4605,100000,300,"Zipf Markov control",2,2002,"strict equifinality"
0.991817659864838,0.999134062629981,491,500,4605,100000,500,"Zipf Markov control",2,2002,"strict equifinality"
0.976426400608966,0.999145566773801,991,1000,4605,100000,1000,"Zipf Markov control",2,2002,"strict equifinality"
0.968883372235489,0.99861094780845,1991,2000,4605,100000,2000,"Zipf Markov control",2,2002,"strict equifinality"
0.970702635641371,0.998316804289914,2565,2574,4605,100000,3000,"Zipf Markov control",2,2002,"strict equifinality"
1.03457279026122,0.999086585174127,291,300,4763,100000,300,"latent mixture",2,2002,"strict equifinality"
1.04223591770368,0.999342384617281,491,500,4763,100000,500,"latent mixture",2,2002,"strict equifinality"
1.02636211407433,0.999114390378763,991,1000,4763,100000,1000,"latent mixture",2,2002,"strict equifinality"
1.00778019506064,0.998155877639511,1991,2000,4763,100000,2000,"latent mixture",2,2002,"strict equifinality"
1.00069206615124,0.997874209163527,2286,2295,4763,100000,3000,"latent mixture",2,2002,"strict equifinality"
1.00321281353683,0.999323309645095,291,300,5016,100000,300,"sample-space reduction",2,2002,"strict equifinality"
0.987144638663261,0.999231923040873,491,500,5016,100000,500,"sample-space reduction",2,2002,"strict equifinality"
0.983855765195202,0.999360128238049,991,1000,5016,100000,1000,"sample-space reduction",2,2002,"strict equifinality"
0.976799594468345,0.998828560724859,1991,2000,5016,100000,2000,"sample-space reduction",2,2002,"strict equifinality"
0.96712922234046,0.998071498234276,2641,2650,5016,100000,3000,"sample-space reduction",2,2002,"strict equifinality"
0.999797413576397,0.999254850366826,291,300,4865,100000,300,"finite Zipf reference",3,2003,"strict equifinality"
0.991395233778701,0.999409099054819,491,500,4865,100000,500,"finite Zipf reference",3,2003,"strict equifinality"
0.983669313011681,0.999401073378671,991,1000,4865,100000,1000,"finite Zipf reference",3,2003,"strict equifinality"
0.972186867064077,0.998754560900892,1991,2000,4865,100000,2000,"finite Zipf reference",3,2003,"strict equifinality"
0.967990203663634,0.998171530035679,2628,2637,4865,100000,3000,"finite Zipf reference",3,2003,"strict equifinality"
1.00327348921458,0.999011101937415,291,300,4605,100000,300,"Zipf Markov control",3,2003,"strict equifinality"
0.980666076836278,0.998742888895932,491,500,4605,100000,500,"Zipf Markov control",3,2003,"strict equifinality"
0.956203202258344,0.998543585525817,991,1000,4605,100000,1000,"Zipf Markov control",3,2003,"strict equifinality"
0.962393481927086,0.998281996379947,1991,2000,4605,100000,2000,"Zipf Markov control",3,2003,"strict equifinality"
0.968192005357171,0.997983632301133,2565,2574,4605,100000,3000,"Zipf Markov control",3,2003,"strict equifinality"
1.04243508836524,0.999299993011769,291,300,4695,100000,300,"latent mixture",3,2003,"strict equifinality"
1.03693628303411,0.999465795240764,491,500,4695,100000,500,"latent mixture",3,2003,"strict equifinality"
1.026106333546,0.999285451586998,991,1000,4695,100000,1000,"latent mixture",3,2003,"strict equifinality"
1.02257821269221,0.998601163864859,1991,2000,4695,100000,2000,"latent mixture",3,2003,"strict equifinality"
1.01778700165751,0.998410892408152,2148,2157,4695,100000,3000,"latent mixture",3,2003,"strict equifinality"
0.990802732540345,0.999369925406158,291,300,5019,100000,300,"sample-space reduction",3,2003,"strict equifinality"
0.995420426931256,0.999402331671642,491,500,5019,100000,500,"sample-space reduction",3,2003,"strict equifinality"
0.988282969113656,0.999397795336402,991,1000,5019,100000,1000,"sample-space reduction",3,2003,"strict equifinality"
0.979799468507801,0.99880405684466,1991,2000,5019,100000,2000,"sample-space reduction",3,2003,"strict equifinality"
0.972039144542125,0.998207210437964,2579,2588,5019,100000,3000,"sample-space reduction",3,2003,"strict equifinality"
0.99832307649782,0.999448423517214,291,300,4842,100000,300,"finite Zipf reference",4,2004,"strict equifinality"
0.989462762376521,0.999446096832685,491,500,4842,100000,500,"finite Zipf reference",4,2004,"strict equifinality"
0.982034707274385,0.999442138717753,991,1000,4842,100000,1000,"finite Zipf reference",4,2004,"strict equifinality"
0.974267215065676,0.998819463945059,1991,2000,4842,100000,2000,"finite Zipf reference",4,2004,"strict equifinality"
0.971404363148538,0.99840644719601,2574,2583,4842,100000,3000,"finite Zipf reference",4,2004,"strict equifinality"
0.980641273981374,0.998769353915505,291,300,4651,100000,300,"Zipf Markov control",4,2004,"strict equifinality"
0.979480291484675,0.999228320920879,491,500,4651,100000,500,"Zipf Markov control",4,2004,"strict equifinality"
0.972272446751874,0.99927175772841,991,1000,4651,100000,1000,"Zipf Markov control",4,2004,"strict equifinality"
0.962430783427039,0.998602186243423,1991,2000,4651,100000,2000,"Zipf Markov control",4,2004,"strict equifinality"
0.965650199002344,0.998317399747899,2592,2601,4651,100000,3000,"Zipf Markov control",4,2004,"strict equifinality"
1.0057963133094,0.998944537217258,291,300,4677,100000,300,"latent mixture",4,2004,"strict equifinality"
1.02477024722416,0.999009828852673,491,500,4677,100000,500,"latent mixture",4,2004,"strict equifinality"
1.03889812567297,0.999115620115981,991,1000,4677,100000,1000,"latent mixture",4,2004,"strict equifinality"
1.03533460477586,0.99854027923913,1991,2000,4677,100000,2000,"latent mixture",4,2004,"strict equifinality"
1.03036575087466,0.998349828030044,2153,2162,4677,100000,3000,"latent mixture",4,2004,"strict equifinality"
0.995435207900229,0.999310986684323,291,300,4997,100000,300,"sample-space reduction",4,2004,"strict equifinality"
0.99104283017976,0.999459102347942,491,500,4997,100000,500,"sample-space reduction",4,2004,"strict equifinality"
0.98461859729406,0.999444224328714,991,1000,4997,100000,1000,"sample-space reduction",4,2004,"strict equifinality"
0.982762150685702,0.998908735718372,1991,2000,4997,100000,2000,"sample-space reduction",4,2004,"strict equifinality"
0.972533126315549,0.998026683711952,2631,2640,4997,100000,3000,"sample-space reduction",4,2004,"strict equifinality"
1.00633910625712,0.999302644156614,291,300,4872,100000,300,"finite Zipf reference",5,2005,"strict equifinality"
1.00160692685535,0.999474803862655,491,500,4872,100000,500,"finite Zipf reference",5,2005,"strict equifinality"
0.984027906516872,0.999143758789549,991,1000,4872,100000,1000,"finite Zipf reference",5,2005,"strict equifinality"
0.970803482393921,0.998580249640909,1991,2000,4872,100000,2000,"finite Zipf reference",5,2005,"strict equifinality"
0.96580781768965,0.998107929843977,2622,2631,4872,100000,3000,"finite Zipf reference",5,2005,"strict equifinality"
0.987887155695276,0.999034853720783,291,300,4619,100000,300,"Zipf Markov control",5,2005,"strict equifinality"
0.97765958037754,0.999200950286818,491,500,4619,100000,500,"Zipf Markov control",5,2005,"strict equifinality"
0.966922699823271,0.999186910775512,991,1000,4619,100000,1000,"Zipf Markov control",5,2005,"strict equifinality"
0.956638391550441,0.998535119575891,1991,2000,4619,100000,2000,"Zipf Markov control",5,2005,"strict equifinality"
0.963527617714312,0.998129016129405,2579,2588,4619,100000,3000,"Zipf Markov control",5,2005,"strict equifinality"
0.995962370589032,0.996945009989071,291,300,4830,100000,300,"latent mixture",5,2005,"strict equifinality"
0.958970742028445,0.996619504328119,491,500,4830,100000,500,"latent mixture",5,2005,"strict equifinality"
0.94544448723028,0.997997908687517,991,1000,4830,100000,1000,"latent mixture",5,2005,"strict equifinality"
0.95040945676751,0.998220860834981,1991,2000,4830,100000,2000,"latent mixture",5,2005,"strict equifinality"
0.948857676493493,0.997878654170362,2531,2540,4830,100000,3000,"latent mixture",5,2005,"strict equifinality"
0.984309093282058,0.999212454553483,291,300,5030,100000,300,"sample-space reduction",5,2005,"strict equifinality"
0.988332592509399,0.999493110683385,491,500,5030,100000,500,"sample-space reduction",5,2005,"strict equifinality"
0.985872991622844,0.999485875024018,991,1000,5030,100000,1000,"sample-space reduction",5,2005,"strict equifinality"
0.978624804296499,0.998752495080799,1991,2000,5030,100000,2000,"sample-space reduction",5,2005,"strict equifinality"
0.971316138954693,0.998156044055346,2603,2612,5030,100000,3000,"sample-space reduction",5,2005,"strict equifinality"
1.0038651803143,0.999601255655388,291,300,4853,100000,300,"finite Zipf reference",6,2006,"strict equifinality"
0.998711657377657,0.999514514245129,491,500,4853,100000,500,"finite Zipf reference",6,2006,"strict equifinality"
0.989185035645923,0.999400724823906,991,1000,4853,100000,1000,"finite Zipf reference",6,2006,"strict equifinality"
0.976866882183839,0.998727951800515,1991,2000,4853,100000,2000,"finite Zipf reference",6,2006,"strict equifinality"
0.972350173241059,0.998224276679781,2589,2598,4853,100000,3000,"finite Zipf reference",6,2006,"strict equifinality"
0.982190097642255,0.998703566170835,291,300,4595,100000,300,"Zipf Markov control",6,2006,"strict equifinality"
0.969958993347539,0.998992024230749,491,500,4595,100000,500,"Zipf Markov control",6,2006,"strict equifinality"
0.973323710928219,0.999282632369607,991,1000,4595,100000,1000,"Zipf Markov control",6,2006,"strict equifinality"
0.965163629443475,0.99866108930867,1991,2000,4595,100000,2000,"Zipf Markov control",6,2006,"strict equifinality"
0.971252682015269,0.998222704785956,2557,2566,4595,100000,3000,"Zipf Markov control",6,2006,"strict equifinality"
0.952647380790051,0.999265691160632,291,300,4758,100000,300,"latent mixture",6,2006,"strict equifinality"
0.958071153573184,0.999478550220959,491,500,4758,100000,500,"latent mixture",6,2006,"strict equifinality"
0.964286103823949,0.999379211556807,991,1000,4758,100000,1000,"latent mixture",6,2006,"strict equifinality"
0.977366497087475,0.998608984705215,1991,2000,4758,100000,2000,"latent mixture",6,2006,"strict equifinality"
0.98592230928406,0.997999961245857,2392,2401,4758,100000,3000,"latent mixture",6,2006,"strict equifinality"
0.992069372028983,0.999143913657611,291,300,5020,100000,300,"sample-space reduction",6,2006,"strict equifinality"
0.988820684877445,0.999421831593759,491,500,5020,100000,500,"sample-space reduction",6,2006,"strict equifinality"
0.986720600674882,0.999398813844551,991,1000,5020,100000,1000,"sample-space reduction",6,2006,"strict equifinality"
0.974889990861121,0.998748377875262,1991,2000,5020,100000,2000,"sample-space reduction",6,2006,"strict equifinality"
0.965803225657789,0.998093171118338,2628,2637,5020,100000,3000,"sample-space reduction",6,2006,"strict equifinality"
1.00359896231943,0.999562438897418,291,300,4849,100000,300,"finite Zipf reference",7,2007,"strict equifinality"
0.99846916736537,0.999608848152081,491,500,4849,100000,500,"finite Zipf reference",7,2007,"strict equifinality"
0.988372965535202,0.999386433176726,991,1000,4849,100000,1000,"finite Zipf reference",7,2007,"strict equifinality"
0.978815497247556,0.998747516061603,1991,2000,4849,100000,2000,"finite Zipf reference",7,2007,"strict equifinality"
0.969807261070084,0.998067300254526,2615,2624,4849,100000,3000,"finite Zipf reference",7,2007,"strict equifinality"
1.00280503113125,0.999157556138903,291,300,4611,100000,300,"Zipf Markov control",7,2007,"strict equifinality"
0.986857083143794,0.999117948033263,491,500,4611,100000,500,"Zipf Markov control",7,2007,"strict equifinality"
0.971191124950918,0.999101598910777,991,1000,4611,100000,1000,"Zipf Markov control",7,2007,"strict equifinality"
0.962053393632632,0.99855518371854,1991,2000,4611,100000,2000,"Zipf Markov control",7,2007,"strict equifinality"
0.963915703051356,0.998296789394361,2584,2593,4611,100000,3000,"Zipf Markov control",7,2007,"strict equifinality"
0.98610948457148,0.999020690791196,291,300,4761,100000,300,"latent mixture",7,2007,"strict equifinality"
0.976337820697688,0.999292267422337,491,500,4761,100000,500,"latent mixture",7,2007,"strict equifinality"
0.972141271772007,0.999385670563563,991,1000,4761,100000,1000,"latent mixture",7,2007,"strict equifinality"
0.979018277576564,0.998649714062864,1991,2000,4761,100000,2000,"latent mixture",7,2007,"strict equifinality"
0.98170943580001,0.998388653352537,2369,2378,4761,100000,3000,"latent mixture",7,2007,"strict equifinality"
0.99834758472478,0.999301613407388,291,300,5018,100000,300,"sample-space reduction",7,2007,"strict equifinality"
1.0001106497115,0.999502099769699,491,500,5018,100000,500,"sample-space reduction",7,2007,"strict equifinality"
0.989030019354457,0.999383286148644,991,1000,5018,100000,1000,"sample-space reduction",7,2007,"strict equifinality"
0.978332353173861,0.998781816456137,1991,2000,5018,100000,2000,"sample-space reduction",7,2007,"strict equifinality"
0.966883691537879,0.99797362765822,2631,2640,5018,100000,3000,"sample-space reduction",7,2007,"strict equifinality"
0.99429155870272,0.999178158445933,291,300,4863,100000,300,"finite Zipf reference",8,2008,"strict equifinality"
0.991264289593896,0.99943212318443,491,500,4863,100000,500,"finite Zipf reference",8,2008,"strict equifinality"
0.983233821130042,0.999401676430391,991,1000,4863,100000,1000,"finite Zipf reference",8,2008,"strict equifinality"
0.979705139928229,0.998884745815409,1991,2000,4863,100000,2000,"finite Zipf reference",8,2008,"strict equifinality"
0.976145971894481,0.998378114974866,2556,2565,4863,100000,3000,"finite Zipf reference",8,2008,"strict equifinality"
1.00251925056545,0.999031241980232,291,300,4609,100000,300,"Zipf Markov control",8,2008,"strict equifinality"
0.989607392093197,0.999070744478683,491,500,4609,100000,500,"Zipf Markov control",8,2008,"strict equifinality"
0.964333654357294,0.998781642379072,991,1000,4609,100000,1000,"Zipf Markov control",8,2008,"strict equifinality"
0.954163737793148,0.998383634858938,1991,2000,4609,100000,2000,"Zipf Markov control",8,2008,"strict equifinality"
0.958800869224517,0.998121947212345,2587,2596,4609,100000,3000,"Zipf Markov control",8,2008,"strict equifinality"
0.967469955244082,0.998791482238426,291,300,4711,100000,300,"latent mixture",8,2008,"strict equifinality"
0.979458501524242,0.999071445438448,491,500,4711,100000,500,"latent mixture",8,2008,"strict equifinality"
1.00224917162811,0.998872712340648,991,1000,4711,100000,1000,"latent mixture",8,2008,"strict equifinality"
1.03031605988324,0.997801023459847,1991,2000,4711,100000,2000,"latent mixture",8,2008,"strict equifinality"
1.02939707907902,0.997929792252699,2203,2212,4711,100000,3000,"latent mixture",8,2008,"strict equifinality"
0.989177961695344,0.999354956556741,291,300,5026,100000,300,"sample-space reduction",8,2008,"strict equifinality"
0.99398417323245,0.999558217680127,491,500,5026,100000,500,"sample-space reduction",8,2008,"strict equifinality"
0.987334217412422,0.999482999167785,991,1000,5026,100000,1000,"sample-space reduction",8,2008,"strict equifinality"
0.984270191864525,0.998965889141729,1991,2000,5026,100000,2000,"sample-space reduction",8,2008,"strict equifinality"
0.976038001257811,0.998235425582123,2602,2611,5026,100000,3000,"sample-space reduction",8,2008,"strict equifinality"
0.998181342260988,0.999259151035586,291,300,4843,100000,300,"finite Zipf reference",9,2009,"strict equifinality"
0.981986721305212,0.999075085424604,491,500,4843,100000,500,"finite Zipf reference",9,2009,"strict equifinality"
0.974703245641699,0.999290621939797,991,1000,4843,100000,1000,"finite Zipf reference",9,2009,"strict equifinality"
0.980164884668519,0.998815403038724,1991,2000,4843,100000,2000,"finite Zipf reference",9,2009,"strict equifinality"
0.972143880998944,0.998102149150618,2632,2641,4843,100000,3000,"finite Zipf reference",9,2009,"strict equifinality"
0.999824157896242,0.99919682196868,291,300,4613,100000,300,"Zipf Markov control",9,2009,"strict equifinality"
0.98875925721333,0.999280240530223,491,500,4613,100000,500,"Zipf Markov control",9,2009,"strict equifinality"
0.974117510509255,0.9992417755499,991,1000,4613,100000,1000,"Zipf Markov control",9,2009,"strict equifinality"
0.955118060455094,0.998388775283552,1991,2000,4613,100000,2000,"Zipf Markov control",9,2009,"strict equifinality"
0.960170481832869,0.998098898246084,2596,2605,4613,100000,3000,"Zipf Markov control",9,2009,"strict equifinality"
0.955569433272751,0.999146777153951,291,300,4712,100000,300,"latent mixture",9,2009,"strict equifinality"
0.97180341798246,0.999189605953674,491,500,4712,100000,500,"latent mixture",9,2009,"strict equifinality"
0.980457394621503,0.999323871353379,991,1000,4712,100000,1000,"latent mixture",9,2009,"strict equifinality"
1.00280992522601,0.998120999472982,1991,2000,4712,100000,2000,"latent mixture",9,2009,"strict equifinality"
1.00179145280797,0.998179363112762,2257,2266,4712,100000,3000,"latent mixture",9,2009,"strict equifinality"
0.990180486778014,0.999201212070038,291,300,5033,100000,300,"sample-space reduction",9,2009,"strict equifinality"
0.995566568241598,0.999326779692702,491,500,5033,100000,500,"sample-space reduction",9,2009,"strict equifinality"
0.988233558439722,0.99926123159433,991,1000,5033,100000,1000,"sample-space reduction",9,2009,"strict equifinality"
0.978212905310926,0.998750589029717,1991,2000,5033,100000,2000,"sample-space reduction",9,2009,"strict equifinality"
0.967794434140083,0.997958515000044,2643,2652,5033,100000,3000,"sample-space reduction",9,2009,"strict equifinality"
1.00341044932146,0.999427777305603,291,300,4855,100000,300,"finite Zipf reference",10,2010,"strict equifinality"
0.985861217904567,0.999251192889552,491,500,4855,100000,500,"finite Zipf reference",10,2010,"strict equifinality"
0.989386585520283,0.999266195280098,991,1000,4855,100000,1000,"finite Zipf reference",10,2010,"strict equifinality"
0.976291283365142,0.998674562626783,1991,2000,4855,100000,2000,"finite Zipf reference",10,2010,"strict equifinality"
0.968171214895819,0.99808964238885,2615,2624,4855,100000,3000,"finite Zipf reference",10,2010,"strict equifinality"
0.984738839681301,0.999034039285248,291,300,4593,100000,300,"Zipf Markov control",10,2010,"strict equifinality"
0.978589182993188,0.999322336566516,491,500,4593,100000,500,"Zipf Markov control",10,2010,"strict equifinality"
0.96229291488272,0.999197033098567,991,1000,4593,100000,1000,"Zipf Markov control",10,2010,"strict equifinality"
0.956974604770616,0.998556480086741,1991,2000,4593,100000,2000,"Zipf Markov control",10,2010,"strict equifinality"
0.966627635449424,0.997972071277922,2580,2589,4593,100000,3000,"Zipf Markov control",10,2010,"strict equifinality"
1.00142253136279,0.9991174233694,291,300,4832,100000,300,"latent mixture",10,2010,"strict equifinality"
0.985673047401253,0.99901090932809,491,500,4832,100000,500,"latent mixture",10,2010,"strict equifinality"
0.946003668819763,0.997624275364239,991,1000,4832,100000,1000,"latent mixture",10,2010,"strict equifinality"
0.917958609137612,0.997278255116825,1991,2000,4832,100000,2000,"latent mixture",10,2010,"strict equifinality"
0.924453035272326,0.997198466722313,2768,2777,4832,100000,3000,"latent mixture",10,2010,"strict equifinality"
0.990304196518335,0.999462721227576,291,300,5026,100000,300,"sample-space reduction",10,2010,"strict equifinality"
0.994621444225479,0.999523696155482,491,500,5026,100000,500,"sample-space reduction",10,2010,"strict equifinality"
0.996136028109001,0.999482309235406,991,1000,5026,100000,1000,"sample-space reduction",10,2010,"strict equifinality"
0.977290539234103,0.998586370405573,1991,2000,5026,100000,2000,"sample-space reduction",10,2010,"strict equifinality"
0.968473621796685,0.997951519503828,2619,2628,5026,100000,3000,"sample-space reduction",10,2010,"strict equifinality"
1.00107333274159,0.999120690614522,291,300,4847,100000,300,"finite Zipf reference",11,2011,"strict equifinality"
0.990817109168799,0.999305896693579,491,500,4847,100000,500,"finite Zipf reference",11,2011,"strict equifinality"
0.986806979141963,0.9994031827158,991,1000,4847,100000,1000,"finite Zipf reference",11,2011,"strict equifinality"
0.982728820739449,0.998880452826365,1991,2000,4847,100000,2000,"finite Zipf reference",11,2011,"strict equifinality"
0.974995722878797,0.998179116750897,2615,2624,4847,100000,3000,"finite Zipf reference",11,2011,"strict equifinality"
0.980149085626285,0.99833442322771,291,300,4625,100000,300,"Zipf Markov control",11,2011,"strict equifinality"
0.980046053950951,0.999012393381744,491,500,4625,100000,500,"Zipf Markov control",11,2011,"strict equifinality"
0.969916180956402,0.999163150824563,991,1000,4625,100000,1000,"Zipf Markov control",11,2011,"strict equifinality"
0.955634834542882,0.998451589813362,1991,2000,4625,100000,2000,"Zipf Markov control",11,2011,"strict equifinality"
0.960447285704236,0.998164310844919,2580,2589,4625,100000,3000,"Zipf Markov control",11,2011,"strict equifinality"
0.974937901383865,0.999466996690789,291,300,4793,100000,300,"latent mixture",11,2011,"strict equifinality"
0.990809675035193,0.999289730312661,491,500,4793,100000,500,"latent mixture",11,2011,"strict equifinality"
0.986650258638034,0.999357973808444,991,1000,4793,100000,1000,"latent mixture",11,2011,"strict equifinality"
0.98130061466844,0.998686411136755,1991,2000,4793,100000,2000,"latent mixture",11,2011,"strict equifinality"
0.980650582631525,0.998380075429462,2398,2407,4793,100000,3000,"latent mixture",11,2011,"strict equifinality"
0.998405416932874,0.999398147400216,291,300,5014,100000,300,"sample-space reduction",11,2011,"strict equifinality"
0.996413017622323,0.999542439342837,491,500,5014,100000,500,"sample-space reduction",11,2011,"strict equifinality"
0.988923812993132,0.999425870042349,991,1000,5014,100000,1000,"sample-space reduction",11,2011,"strict equifinality"
0.980626986154342,0.998869646526893,1991,2000,5014,100000,2000,"sample-space reduction",11,2011,"strict equifinality"
0.97439837933701,0.998250601810192,2581,2590,5014,100000,3000,"sample-space reduction",11,2011,"strict equifinality"
0.990687626250784,0.999253685650546,291,300,4864,100000,300,"finite Zipf reference",12,2012,"strict equifinality"
0.99510675958099,0.999491284235409,491,500,4864,100000,500,"finite Zipf reference",12,2012,"strict equifinality"
0.990205066649344,0.999459970324945,991,1000,4864,100000,1000,"finite Zipf reference",12,2012,"strict equifinality"
0.980852138730824,0.998858649588648,1991,2000,4864,100000,2000,"finite Zipf reference",12,2012,"strict equifinality"
0.971977900681563,0.998158822124393,2623,2632,4864,100000,3000,"finite Zipf reference",12,2012,"strict equifinality"
0.996074272127204,0.99895386248062,291,300,4595,100000,300,"Zipf Markov control",12,2012,"strict equifinality"
0.992764349218981,0.999335270831842,491,500,4595,100000,500,"Zipf Markov control",12,2012,"strict equifinality"
0.971938597192,0.998842730931782,991,1000,4595,100000,1000,"Zipf Markov control",12,2012,"strict equifinality"
0.961439302686421,0.998470404080901,1991,2000,4595,100000,2000,"Zipf Markov control",12,2012,"strict equifinality"
0.967344136811819,0.99813820767093,2555,2564,4595,100000,3000,"Zipf Markov control",12,2012,"strict equifinality"
0.960794315091397,0.998529947646618,291,300,4747,100000,300,"latent mixture",12,2012,"strict equifinality"
0.963271697668797,0.999132115017195,491,500,4747,100000,500,"latent mixture",12,2012,"strict equifinality"
0.95752464480224,0.9991914565173,991,1000,4747,100000,1000,"latent mixture",12,2012,"strict equifinality"
0.960307352054807,0.998631000934954,1991,2000,4747,100000,2000,"latent mixture",12,2012,"strict equifinality"
0.967110186104227,0.998106724932082,2405,2414,4747,100000,3000,"latent mixture",12,2012,"strict equifinality"
1.00635438119872,0.99939178281291,291,300,5009,100000,300,"sample-space reduction",12,2012,"strict equifinality"
1.00528206925213,0.999495528826998,491,500,5009,100000,500,"sample-space reduction",12,2012,"strict equifinality"
0.989602551321074,0.999309039715204,991,1000,5009,100000,1000,"sample-space reduction",12,2012,"strict equifinality"
0.97751027797188,0.998730291582138,1991,2000,5009,100000,2000,"sample-space reduction",12,2012,"strict equifinality"
0.969292117039282,0.997995237694664,2627,2636,5009,100000,3000,"sample-space reduction",12,2012,"strict equifinality"
0.993122033430336,0.998956763379372,291,300,4878,100000,300,"finite Zipf reference",13,2013,"strict equifinality"
0.993623483705608,0.999362047428271,491,500,4878,100000,500,"finite Zipf reference",13,2013,"strict equifinality"
0.985243280008477,0.999379805473939,991,1000,4878,100000,1000,"finite Zipf reference",13,2013,"strict equifinality"
0.979522972214687,0.998805907128675,1991,2000,4878,100000,2000,"finite Zipf reference",13,2013,"strict equifinality"
0.974483876068573,0.998251168447458,2587,2596,4878,100000,3000,"finite Zipf reference",13,2013,"strict equifinality"
1.00513536063496,0.999210278783313,291,300,4617,100000,300,"Zipf Markov control",13,2013,"strict equifinality"
0.98505701547823,0.999002822199807,491,500,4617,100000,500,"Zipf Markov control",13,2013,"strict equifinality"
0.966711111335743,0.99886391748489,991,1000,4617,100000,1000,"Zipf Markov control",13,2013,"strict equifinality"
0.95329669547486,0.998341539775886,1991,2000,4617,100000,2000,"Zipf Markov control",13,2013,"strict equifinality"
0.961221575851605,0.997944364976818,2564,2573,4617,100000,3000,"Zipf Markov control",13,2013,"strict equifinality"
0.986137638169259,0.998869459502476,291,300,4687,100000,300,"latent mixture",13,2013,"strict equifinality"
1.00991095673879,0.998730801529314,491,500,4687,100000,500,"latent mixture",13,2013,"strict equifinality"
1.04091371733653,0.998498356133638,991,1000,4687,100000,1000,"latent mixture",13,2013,"strict equifinality"
1.05897845093054,0.99808607109945,1991,2000,4687,100000,2000,"latent mixture",13,2013,"strict equifinality"
1.05430591739893,0.997869321990992,2108,2117,4687,100000,3000,"latent mixture",13,2013,"strict equifinality"
0.981390924854376,0.998830259194367,291,300,5035,100000,300,"sample-space reduction",13,2013,"strict equifinality"
0.984723417608042,0.999267396094618,491,500,5035,100000,500,"sample-space reduction",13,2013,"strict equifinality"
0.988659732696005,0.999369449921196,991,1000,5035,100000,1000,"sample-space reduction",13,2013,"strict equifinality"
0.982284176089638,0.998786777548419,1991,2000,5035,100000,2000,"sample-space reduction",13,2013,"strict equifinality"
0.975998247483859,0.998203959931029,2576,2585,5035,100000,3000,"sample-space reduction",13,2013,"strict equifinality"
0.981814954644907,0.999295877656208,291,300,4840,100000,300,"finite Zipf reference",14,2014,"strict equifinality"
0.98565359607421,0.999341736418304,491,500,4840,100000,500,"finite Zipf reference",14,2014,"strict equifinality"
0.981423954896662,0.999291502419168,991,1000,4840,100000,1000,"finite Zipf reference",14,2014,"strict equifinality"
0.97624048184362,0.998779218809845,1991,2000,4840,100000,2000,"finite Zipf reference",14,2014,"strict equifinality"
0.970284706165957,0.998209413708084,2626,2635,4840,100000,3000,"finite Zipf reference",14,2014,"strict equifinality"
0.994161946971261,0.998906136486913,291,300,4609,100000,300,"Zipf Markov control",14,2014,"strict equifinality"
0.990352192954297,0.999139408535431,491,500,4609,100000,500,"Zipf Markov control",14,2014,"strict equifinality"
0.969336478399172,0.99894028979037,991,1000,4609,100000,1000,"Zipf Markov control",14,2014,"strict equifinality"
0.95474625770018,0.998408291803335,1991,2000,4609,100000,2000,"Zipf Markov control",14,2014,"strict equifinality"
0.959290393073374,0.998131750813225,2605,2614,4609,100000,3000,"Zipf Markov control",14,2014,"strict equifinality"
1.02679160699838,0.996668064096955,291,300,4633,100000,300,"latent mixture",14,2014,"strict equifinality"
0.985737419731849,0.996115691441892,491,500,4633,100000,500,"latent mixture",14,2014,"strict equifinality"
0.965349512142193,0.997425351744353,991,1000,4633,100000,1000,"latent mixture",14,2014,"strict equifinality"
0.992618738930785,0.996969717259374,1991,2000,4633,100000,2000,"latent mixture",14,2014,"strict equifinality"
0.992030399826559,0.997133337761937,2113,2122,4633,100000,3000,"latent mixture",14,2014,"strict equifinality"
1.00274216707451,0.999063236198075,291,300,5013,100000,300,"sample-space reduction",14,2014,"strict equifinality"
0.992309540879893,0.999263567450022,491,500,5013,100000,500,"sample-space reduction",14,2014,"strict equifinality"
0.990129415335012,0.999274837124576,991,1000,5013,100000,1000,"sample-space reduction",14,2014,"strict equifinality"
0.969527981774996,0.998340123127057,1991,2000,5013,100000,2000,"sample-space reduction",14,2014,"strict equifinality"
0.962088603805263,0.997849252733732,2634,2643,5013,100000,3000,"sample-space reduction",14,2014,"strict equifinality"
0.994259092456944,0.999110785427779,291,300,4847,100000,300,"finite Zipf reference",15,2015,"strict equifinality"
0.992664636230983,0.999436798319945,491,500,4847,100000,500,"finite Zipf reference",15,2015,"strict equifinality"
0.975695740991661,0.999259157479847,991,1000,4847,100000,1000,"finite Zipf reference",15,2015,"strict equifinality"
0.975654134833553,0.998830010867041,1991,2000,4847,100000,2000,"finite Zipf reference",15,2015,"strict equifinality"
0.973330052854069,0.998352810959294,2585,2594,4847,100000,3000,"finite Zipf reference",15,2015,"strict equifinality"
0.986412146704456,0.99922680955665,291,300,4628,100000,300,"Zipf Markov control",15,2015,"strict equifinality"
0.997661054738453,0.999275213934928,491,500,4628,100000,500,"Zipf Markov control",15,2015,"strict equifinality"
0.975632306964611,0.999004961737487,991,1000,4628,100000,1000,"Zipf Markov control",15,2015,"strict equifinality"
0.957320218293541,0.99833522215375,1991,2000,4628,100000,2000,"Zipf Markov control",15,2015,"strict equifinality"
0.958523616174194,0.998144768243387,2621,2630,4628,100000,3000,"Zipf Markov control",15,2015,"strict equifinality"
0.9810149668756,0.99932192947217,291,300,4720,100000,300,"latent mixture",15,2015,"strict equifinality"
0.984654902449266,0.99932886051383,491,500,4720,100000,500,"latent mixture",15,2015,"strict equifinality"
1.01125604748963,0.998793041900213,991,1000,4720,100000,1000,"latent mixture",15,2015,"strict equifinality"
1.03363197800928,0.99798749682529,1991,2000,4720,100000,2000,"latent mixture",15,2015,"strict equifinality"
1.03216138755652,0.998057301067545,2255,2264,4720,100000,3000,"latent mixture",15,2015,"strict equifinality"
1.00507366601086,0.999255774205441,291,300,5013,100000,300,"sample-space reduction",15,2015,"strict equifinality"
0.98518218320945,0.998802130439997,491,500,5013,100000,500,"sample-space reduction",15,2015,"strict equifinality"
0.981604977780018,0.999168036960001,991,1000,5013,100000,1000,"sample-space reduction",15,2015,"strict equifinality"
0.975112348965053,0.998735080759869,1991,2000,5013,100000,2000,"sample-space reduction",15,2015,"strict equifinality"
0.967324512399556,0.998146639371559,2624,2633,5013,100000,3000,"sample-space reduction",15,2015,"strict equifinality"
0.99744641971549,0.999457918367942,291,300,4872,100000,300,"finite Zipf reference",16,2016,"strict equifinality"
0.991652348868943,0.999511373791971,491,500,4872,100000,500,"finite Zipf reference",16,2016,"strict equifinality"
0.989395939706158,0.999414636604452,991,1000,4872,100000,1000,"finite Zipf reference",16,2016,"strict equifinality"
0.9753725130948,0.998711465089528,1991,2000,4872,100000,2000,"finite Zipf reference",16,2016,"strict equifinality"
0.970149708578517,0.998234168330179,2578,2587,4872,100000,3000,"finite Zipf reference",16,2016,"strict equifinality"
0.992471195786326,0.999116475083855,291,300,4553,100000,300,"Zipf Markov control",16,2016,"strict equifinality"
0.986330471896991,0.999403274656814,491,500,4553,100000,500,"Zipf Markov control",16,2016,"strict equifinality"
0.975047265301539,0.999208801831886,991,1000,4553,100000,1000,"Zipf Markov control",16,2016,"strict equifinality"
0.955679946039307,0.998391915720157,1991,2000,4553,100000,2000,"Zipf Markov control",16,2016,"strict equifinality"
0.960440197626245,0.998115975511454,2574,2583,4553,100000,3000,"Zipf Markov control",16,2016,"strict equifinality"
0.97706186366388,0.999502792360789,291,300,4788,100000,300,"latent mixture",16,2016,"strict equifinality"
0.981992022038763,0.999593168126289,491,500,4788,100000,500,"latent mixture",16,2016,"strict equifinality"
1.0009353237876,0.999187583286476,991,1000,4788,100000,1000,"latent mixture",16,2016,"strict equifinality"
0.99293140124399,0.998503688754948,1991,2000,4788,100000,2000,"latent mixture",16,2016,"strict equifinality"
0.991623358922497,0.998232010396548,2395,2404,4788,100000,3000,"latent mixture",16,2016,"strict equifinality"
0.999333203791182,0.999238320832653,291,300,5028,100000,300,"sample-space reduction",16,2016,"strict equifinality"
0.998846247637992,0.999456545522643,491,500,5028,100000,500,"sample-space reduction",16,2016,"strict equifinality"
0.985509437779746,0.999321689774019,991,1000,5028,100000,1000,"sample-space reduction",16,2016,"strict equifinality"
0.978006376867636,0.998739880211909,1991,2000,5028,100000,2000,"sample-space reduction",16,2016,"strict equifinality"
0.969506334916561,0.998069453361142,2623,2632,5028,100000,3000,"sample-space reduction",16,2016,"strict equifinality"
1.00475342528505,0.99947278863358,291,300,4860,100000,300,"finite Zipf reference",17,2017,"strict equifinality"
0.985522012044216,0.999237015025293,491,500,4860,100000,500,"finite Zipf reference",17,2017,"strict equifinality"
0.97537559537865,0.99929263656868,991,1000,4860,100000,1000,"finite Zipf reference",17,2017,"strict equifinality"
0.977571648563224,0.998853134644339,1991,2000,4860,100000,2000,"finite Zipf reference",17,2017,"strict equifinality"
0.975619918012399,0.998427344825097,2557,2566,4860,100000,3000,"finite Zipf reference",17,2017,"strict equifinality"
0.995134257551737,0.998574893712994,291,300,4561,100000,300,"Zipf Markov control",17,2017,"strict equifinality"
0.983366860399939,0.998994314068032,491,500,4561,100000,500,"Zipf Markov control",17,2017,"strict equifinality"
0.984843168196998,0.999323253498557,991,1000,4561,100000,1000,"Zipf Markov control",17,2017,"strict equifinality"
0.964177640444673,0.99833404705136,1991,2000,4561,100000,2000,"Zipf Markov control",17,2017,"strict equifinality"
0.966402329902296,0.99814124352172,2565,2574,4561,100000,3000,"Zipf Markov control",17,2017,"strict equifinality"
1.01393039218045,0.999115814243684,291,300,4790,100000,300,"latent mixture",17,2017,"strict equifinality"
1.01440576559417,0.999434223622955,491,500,4790,100000,500,"latent mixture",17,2017,"strict equifinality"
1.00956061579236,0.999461520490337,991,1000,4790,100000,1000,"latent mixture",17,2017,"strict equifinality"
1.00183968992775,0.9989170712508,1991,2000,4790,100000,2000,"latent mixture",17,2017,"strict equifinality"
1.00155310062915,0.99851019089636,2434,2443,4790,100000,3000,"latent mixture",17,2017,"strict equifinality"
0.989005813616828,0.999545105360378,291,300,5034,100000,300,"sample-space reduction",17,2017,"strict equifinality"
0.996291371261379,0.999611256846971,491,500,5034,100000,500,"sample-space reduction",17,2017,"strict equifinality"
0.987591645927765,0.999353260796383,991,1000,5034,100000,1000,"sample-space reduction",17,2017,"strict equifinality"
0.976003012425093,0.9987566465303,1991,2000,5034,100000,2000,"sample-space reduction",17,2017,"strict equifinality"
0.971079000675964,0.998190030108596,2590,2599,5034,100000,3000,"sample-space reduction",17,2017,"strict equifinality"
0.985443733914687,0.99877639180405,291,300,4884,100000,300,"finite Zipf reference",18,2018,"strict equifinality"
0.987196170112104,0.999233414376383,491,500,4884,100000,500,"finite Zipf reference",18,2018,"strict equifinality"
0.984056511879553,0.999408380539748,991,1000,4884,100000,1000,"finite Zipf reference",18,2018,"strict equifinality"
0.981255198203894,0.998896416487552,1991,2000,4884,100000,2000,"finite Zipf reference",18,2018,"strict equifinality"
0.975874281196536,0.998352426766341,2584,2593,4884,100000,3000,"finite Zipf reference",18,2018,"strict equifinality"
0.982646135286722,0.999317762808934,291,300,4601,100000,300,"Zipf Markov control",18,2018,"strict equifinality"
0.98801477194928,0.999505289112854,491,500,4601,100000,500,"Zipf Markov control",18,2018,"strict equifinality"
0.979334242656626,0.999304378777595,991,1000,4601,100000,1000,"Zipf Markov control",18,2018,"strict equifinality"
0.962834003098794,0.998488367535306,1991,2000,4601,100000,2000,"Zipf Markov control",18,2018,"strict equifinality"
0.966037431629393,0.998212429373724,2581,2590,4601,100000,3000,"Zipf Markov control",18,2018,"strict equifinality"
1.03648504029335,0.999382744745768,291,300,4762,100000,300,"latent mixture",18,2018,"strict equifinality"
1.00671948722032,0.998377723641897,491,500,4762,100000,500,"latent mixture",18,2018,"strict equifinality"
0.977535089353988,0.998330830393846,991,1000,4762,100000,1000,"latent mixture",18,2018,"strict equifinality"
0.971144834642272,0.998350762084611,1991,2000,4762,100000,2000,"latent mixture",18,2018,"strict equifinality"
0.976277962005103,0.997976434695506,2432,2441,4762,100000,3000,"latent mixture",18,2018,"strict equifinality"
0.991928762587548,0.999350301306627,291,300,5021,100000,300,"sample-space reduction",18,2018,"strict equifinality"
0.987721881706769,0.999448738020464,491,500,5021,100000,500,"sample-space reduction",18,2018,"strict equifinality"
0.988426928500632,0.999195818516288,991,1000,5021,100000,1000,"sample-space reduction",18,2018,"strict equifinality"
0.978003252607785,0.998708458110779,1991,2000,5021,100000,2000,"sample-space reduction",18,2018,"strict equifinality"
0.971529608220877,0.998171991548425,2594,2603,5021,100000,3000,"sample-space reduction",18,2018,"strict equifinality"
0.987198607781134,0.9994790580953,291,300,4850,100000,300,"finite Zipf reference",19,2019,"strict equifinality"
0.988046275833138,0.999602045678049,491,500,4850,100000,500,"finite Zipf reference",19,2019,"strict equifinality"
0.985850674198206,0.999458217595984,991,1000,4850,100000,1000,"finite Zipf reference",19,2019,"strict equifinality"
0.973762142555541,0.998766177042705,1991,2000,4850,100000,2000,"finite Zipf reference",19,2019,"strict equifinality"
0.969890465475191,0.99830618130838,2592,2601,4850,100000,3000,"finite Zipf reference",19,2019,"strict equifinality"
0.991466055252345,0.998586255329236,291,300,4597,100000,300,"Zipf Markov control",19,2019,"strict equifinality"
0.983811470642656,0.999017119041742,491,500,4597,100000,500,"Zipf Markov control",19,2019,"strict equifinality"
0.976443880722075,0.999204736893562,991,1000,4597,100000,1000,"Zipf Markov control",19,2019,"strict equifinality"
0.975507510781411,0.99876193767408,1991,2000,4597,100000,2000,"Zipf Markov control",19,2019,"strict equifinality"
0.976932579300561,0.998433718935987,2538,2547,4597,100000,3000,"Zipf Markov control",19,2019,"strict equifinality"
1.01415703191433,0.99920213913458,291,300,4728,100000,300,"latent mixture",19,2019,"strict equifinality"
1.01444198099151,0.999497537923475,491,500,4728,100000,500,"latent mixture",19,2019,"strict equifinality"
1.01013229437888,0.99940644164153,991,1000,4728,100000,1000,"latent mixture",19,2019,"strict equifinality"
1.01470722077742,0.99857251378211,1991,2000,4728,100000,2000,"latent mixture",19,2019,"strict equifinality"
1.01166550198686,0.998544246978683,2220,2229,4728,100000,3000,"latent mixture",19,2019,"strict equifinality"
1.00149070991841,0.999507520100186,291,300,5020,100000,300,"sample-space reduction",19,2019,"strict equifinality"
0.992895533670507,0.999527281115864,491,500,5020,100000,500,"sample-space reduction",19,2019,"strict equifinality"
0.984948524554732,0.999422933230591,991,1000,5020,100000,1000,"sample-space reduction",19,2019,"strict equifinality"
0.978848357526117,0.998871100414979,1991,2000,5020,100000,2000,"sample-space reduction",19,2019,"strict equifinality"
0.971806625441949,0.998243353239317,2596,2605,5020,100000,3000,"sample-space reduction",19,2019,"strict equifinality"
0.989844019399611,0.999382051751456,291,300,4854,100000,300,"finite Zipf reference",20,2020,"strict equifinality"
0.988002291230043,0.999549944096301,491,500,4854,100000,500,"finite Zipf reference",20,2020,"strict equifinality"
0.986786813731269,0.999474121448691,991,1000,4854,100000,1000,"finite Zipf reference",20,2020,"strict equifinality"
0.984548868596924,0.998960497918018,1991,2000,4854,100000,2000,"finite Zipf reference",20,2020,"strict equifinality"
0.978852973984262,0.998278742657691,2593,2602,4854,100000,3000,"finite Zipf reference",20,2020,"strict equifinality"
0.992771841980915,0.998868968838792,291,300,4644,100000,300,"Zipf Markov control",20,2020,"strict equifinality"
0.990910038919448,0.999223094582169,491,500,4644,100000,500,"Zipf Markov control",20,2020,"strict equifinality"
0.966714936256757,0.99883949819496,991,1000,4644,100000,1000,"Zipf Markov control",20,2020,"strict equifinality"
0.961502021324207,0.998452691762906,1991,2000,4644,100000,2000,"Zipf Markov control",20,2020,"strict equifinality"
0.966417104023719,0.998129935818827,2586,2595,4644,100000,3000,"Zipf Markov control",20,2020,"strict equifinality"
1.00817240318249,0.998297995280423,291,300,4713,100000,300,"latent mixture",20,2020,"strict equifinality"
0.995334170228669,0.99867968413942,491,500,4713,100000,500,"latent mixture",20,2020,"strict equifinality"
0.971316576607541,0.99848639581917,991,1000,4713,100000,1000,"latent mixture",20,2020,"strict equifinality"
0.970256062407646,0.998028976394115,1991,2000,4713,100000,2000,"latent mixture",20,2020,"strict equifinality"
0.970180700749735,0.998109812043966,2254,2263,4713,100000,3000,"latent mixture",20,2020,"strict equifinality"
0.992202460777747,0.999272495198588,291,300,5021,100000,300,"sample-space reduction",20,2020,"strict equifinality"
0.990623894311137,0.99948803761741,491,500,5021,100000,500,"sample-space reduction",20,2020,"strict equifinality"
0.989148980640891,0.999450078267098,991,1000,5021,100000,1000,"sample-space reduction",20,2020,"strict equifinality"
0.986685588730171,0.998940755573481,1991,2000,5021,100000,2000,"sample-space reduction",20,2020,"strict equifinality"
0.978432392782223,0.99823356050825,2579,2588,5021,100000,3000,"sample-space reduction",20,2020,"strict equifinality"
1.00318288520245,0.999193462502058,291,300,4865,100000,300,"finite Zipf reference",21,2021,"strict equifinality"
0.991194317214832,0.999265796979431,491,500,4865,100000,500,"finite Zipf reference",21,2021,"strict equifinality"
0.988107667454046,0.999372123111568,991,1000,4865,100000,1000,"finite Zipf reference",21,2021,"strict equifinality"
0.978506814928823,0.998809183059992,1991,2000,4865,100000,2000,"finite Zipf reference",21,2021,"strict equifinality"
0.974295220888254,0.998327590152862,2570,2579,4865,100000,3000,"finite Zipf reference",21,2021,"strict equifinality"
0.985829326861312,0.99897163193833,291,300,4593,100000,300,"Zipf Markov control",21,2021,"strict equifinality"
0.992566262389777,0.999124474904725,491,500,4593,100000,500,"Zipf Markov control",21,2021,"strict equifinality"
0.97302604801205,0.998978480080873,991,1000,4593,100000,1000,"Zipf Markov control",21,2021,"strict equifinality"
0.95160370440906,0.998205264503377,1991,2000,4593,100000,2000,"Zipf Markov control",21,2021,"strict equifinality"
0.956829614176688,0.997957964216267,2619,2628,4593,100000,3000,"Zipf Markov control",21,2021,"strict equifinality"
0.975830270256353,0.998102687112312,291,300,4803,100000,300,"latent mixture",21,2021,"strict equifinality"
0.977990499737648,0.998858906967631,491,500,4803,100000,500,"latent mixture",21,2021,"strict equifinality"
0.97637246832496,0.999151611994229,991,1000,4803,100000,1000,"latent mixture",21,2021,"strict equifinality"
0.966174752037815,0.998572789214039,1991,2000,4803,100000,2000,"latent mixture",21,2021,"strict equifinality"
0.966306021671827,0.998201096922596,2425,2434,4803,100000,3000,"latent mixture",21,2021,"strict equifinality"
0.998115178146466,0.999259925994332,291,300,5006,100000,300,"sample-space reduction",21,2021,"strict equifinality"
0.991644858015184,0.999438520355838,491,500,5006,100000,500,"sample-space reduction",21,2021,"strict equifinality"
0.991849396438062,0.9994848683974,991,1000,5006,100000,1000,"sample-space reduction",21,2021,"strict equifinality"
0.986828788654754,0.998925386551768,1991,2000,5006,100000,2000,"sample-space reduction",21,2021,"strict equifinality"
0.982325923253988,0.998385188135242,2529,2538,5006,100000,3000,"sample-space reduction",21,2021,"strict equifinality"
1.00205429047077,0.999320088829828,291,300,4864,100000,300,"finite Zipf reference",22,2022,"strict equifinality"
0.997815545378634,0.999525988723164,491,500,4864,100000,500,"finite Zipf reference",22,2022,"strict equifinality"
0.989690896939019,0.999460507031383,991,1000,4864,100000,1000,"finite Zipf reference",22,2022,"strict equifinality"
0.975999493595963,0.998718497515164,1991,2000,4864,100000,2000,"finite Zipf reference",22,2022,"strict equifinality"
0.971654029653463,0.998161953148881,2601,2610,4864,100000,3000,"finite Zipf reference",22,2022,"strict equifinality"
1.00423994916218,0.99883062213396,291,300,4586,100000,300,"Zipf Markov control",22,2022,"strict equifinality"
0.988445324900265,0.998951652873366,491,500,4586,100000,500,"Zipf Markov control",22,2022,"strict equifinality"
0.973020180001668,0.999064453930533,991,1000,4586,100000,1000,"Zipf Markov control",22,2022,"strict equifinality"
0.964404342532255,0.998567752237517,1991,2000,4586,100000,2000,"Zipf Markov control",22,2022,"strict equifinality"
0.968708590774898,0.998262255281217,2546,2555,4586,100000,3000,"Zipf Markov control",22,2022,"strict equifinality"
0.9597533701241,0.998522801832212,291,300,4807,100000,300,"latent mixture",22,2022,"strict equifinality"
0.937588922100333,0.998533360161718,491,500,4807,100000,500,"latent mixture",22,2022,"strict equifinality"
0.936409191720225,0.998968377761363,991,1000,4807,100000,1000,"latent mixture",22,2022,"strict equifinality"
0.946888310373768,0.998387039605674,1991,2000,4807,100000,2000,"latent mixture",22,2022,"strict equifinality"
0.95655226806984,0.997715353495317,2514,2523,4807,100000,3000,"latent mixture",22,2022,"strict equifinality"
0.999699681460091,0.999414134523371,291,300,5020,100000,300,"sample-space reduction",22,2022,"strict equifinality"
0.984866825936684,0.999359076284818,491,500,5020,100000,500,"sample-space reduction",22,2022,"strict equifinality"
0.979524553679864,0.999446552792072,991,1000,5020,100000,1000,"sample-space reduction",22,2022,"strict equifinality"
0.97757279529279,0.998880152719367,1991,2000,5020,100000,2000,"sample-space reduction",22,2022,"strict equifinality"
0.968855101300431,0.998176600133141,2635,2644,5020,100000,3000,"sample-space reduction",22,2022,"strict equifinality"
0.996250375655377,0.999299775211233,291,300,4870,100000,300,"finite Zipf reference",23,2023,"strict equifinality"
0.991725046804934,0.999346161695393,491,500,4870,100000,500,"finite Zipf reference",23,2023,"strict equifinality"
0.988800676965371,0.99937635232343,991,1000,4870,100000,1000,"finite Zipf reference",23,2023,"strict equifinality"
0.976370029133708,0.998673494077427,1991,2000,4870,100000,2000,"finite Zipf reference",23,2023,"strict equifinality"
0.971094888999315,0.998196820436997,2579,2588,4870,100000,3000,"finite Zipf reference",23,2023,"strict equifinality"
0.982767183714548,0.999612478334545,291,300,4600,100000,300,"Zipf Markov control",23,2023,"strict equifinality"
0.981614279502992,0.999702629209573,491,500,4600,100000,500,"Zipf Markov control",23,2023,"strict equifinality"
0.973036795802606,0.999549115730696,991,1000,4600,100000,1000,"Zipf Markov control",23,2023,"strict equifinality"
0.9604776487363,0.998737001451647,1991,2000,4600,100000,2000,"Zipf Markov control",23,2023,"strict equifinality"
0.964686397891328,0.998382859880083,2585,2594,4600,100000,3000,"Zipf Markov control",23,2023,"strict equifinality"
0.981162899884968,0.99841483952006,291,300,4738,100000,300,"latent mixture",23,2023,"strict equifinality"
0.976457073039902,0.999047954997824,491,500,4738,100000,500,"latent mixture",23,2023,"strict equifinality"
0.975147163944644,0.999184602192607,991,1000,4738,100000,1000,"latent mixture",23,2023,"strict equifinality"
0.986893145564665,0.99827683174159,1991,2000,4738,100000,2000,"latent mixture",23,2023,"strict equifinality"
0.988928633351197,0.998151054703103,2347,2356,4738,100000,3000,"latent mixture",23,2023,"strict equifinality"
0.995010249154323,0.999110261507948,291,300,5016,100000,300,"sample-space reduction",23,2023,"strict equifinality"
0.992231188201432,0.999385156975772,491,500,5016,100000,500,"sample-space reduction",23,2023,"strict equifinality"
0.98729250968021,0.99937471607389,991,1000,5016,100000,1000,"sample-space reduction",23,2023,"strict equifinality"
0.971183463628459,0.998573534147357,1991,2000,5016,100000,2000,"sample-space reduction",23,2023,"strict equifinality"
0.966761029515894,0.998129984025338,2605,2614,5016,100000,3000,"sample-space reduction",23,2023,"strict equifinality"
0.987510151661067,0.999019943125253,291,300,4863,100000,300,"finite Zipf reference",24,2024,"strict equifinality"
0.985000409346109,0.999363583518207,491,500,4863,100000,500,"finite Zipf reference",24,2024,"strict equifinality"
0.978084334799275,0.999414625961968,991,1000,4863,100000,1000,"finite Zipf reference",24,2024,"strict equifinality"
0.975713126299979,0.998876793467457,1991,2000,4863,100000,2000,"finite Zipf reference",24,2024,"strict equifinality"
0.970209480436289,0.998332082567295,2609,2618,4863,100000,3000,"finite Zipf reference",24,2024,"strict equifinality"
0.982221677070391,0.997999312400152,291,300,4614,100000,300,"Zipf Markov control",24,2024,"strict equifinality"
0.978780120383547,0.998832670776268,491,500,4614,100000,500,"Zipf Markov control",24,2024,"strict equifinality"
0.972085041865086,0.999145765363092,991,1000,4614,100000,1000,"Zipf Markov control",24,2024,"strict equifinality"
0.957548164157848,0.998471768078502,1991,2000,4614,100000,2000,"Zipf Markov control",24,2024,"strict equifinality"
0.96394429902618,0.99808744548946,2593,2602,4614,100000,3000,"Zipf Markov control",24,2024,"strict equifinality"
1.02997882688088,0.998894139827888,291,300,4741,100000,300,"latent mixture",24,2024,"strict equifinality"
1.01968320104367,0.999209415321147,491,500,4741,100000,500,"latent mixture",24,2024,"strict equifinality"
1.00919392441428,0.999296596977342,991,1000,4741,100000,1000,"latent mixture",24,2024,"strict equifinality"
1.01001794275755,0.998496077725002,1991,2000,4741,100000,2000,"latent mixture",24,2024,"strict equifinality"
1.00758413783005,0.998399913471618,2312,2321,4741,100000,3000,"latent mixture",24,2024,"strict equifinality"
0.987125425447815,0.999349364444433,291,300,5024,100000,300,"sample-space reduction",24,2024,"strict equifinality"
0.985455012258444,0.999546507208875,491,500,5024,100000,500,"sample-space reduction",24,2024,"strict equifinality"
0.986852274624252,0.999329229904752,991,1000,5024,100000,1000,"sample-space reduction",24,2024,"strict equifinality"
0.974343234302391,0.998689159192628,1991,2000,5024,100000,2000,"sample-space reduction",24,2024,"strict equifinality"
0.968080624774163,0.998175463715306,2599,2608,5024,100000,3000,"sample-space reduction",24,2024,"strict equifinality"
0.986727231304235,0.99921009097402,291,300,4870,100000,300,"finite Zipf reference",25,2025,"strict equifinality"
0.990562829400257,0.999441192855673,491,500,4870,100000,500,"finite Zipf reference",25,2025,"strict equifinality"
0.989590513904258,0.999441060001695,991,1000,4870,100000,1000,"finite Zipf reference",25,2025,"strict equifinality"
0.975528215836012,0.998654464564792,1991,2000,4870,100000,2000,"finite Zipf reference",25,2025,"strict equifinality"
0.968391329052352,0.998131697888841,2596,2605,4870,100000,3000,"finite Zipf reference",25,2025,"strict equifinality"
0.988926162178629,0.999158008240797,291,300,4575,100000,300,"Zipf Markov control",25,2025,"strict equifinality"
0.983695510529321,0.999432567949888,491,500,4575,100000,500,"Zipf Markov control",25,2025,"strict equifinality"
0.97327279850438,0.999408649154542,991,1000,4575,100000,1000,"Zipf Markov control",25,2025,"strict equifinality"
0.971085585445626,0.998853752873579,1991,2000,4575,100000,2000,"Zipf Markov control",25,2025,"strict equifinality"
0.972400509960357,0.998501253427663,2566,2575,4575,100000,3000,"Zipf Markov control",25,2025,"strict equifinality"
1.08800783914127,0.999085602601527,291,300,4765,100000,300,"latent mixture",25,2025,"strict equifinality"
1.07940759020013,0.999350779388698,491,500,4765,100000,500,"latent mixture",25,2025,"strict equifinality"
1.0339684358616,0.99748858348609,991,1000,4765,100000,1000,"latent mixture",25,2025,"strict equifinality"
0.988514334602968,0.995761047573833,1991,2000,4765,100000,2000,"latent mixture",25,2025,"strict equifinality"
0.976883107739717,0.995083729831397,2249,2258,4765,100000,3000,"latent mixture",25,2025,"strict equifinality"
0.988948115434461,0.999532252859859,291,300,5010,100000,300,"sample-space reduction",25,2025,"strict equifinality"
0.993267647421581,0.999650534548794,491,500,5010,100000,500,"sample-space reduction",25,2025,"strict equifinality"
0.994982976318334,0.999449894418411,991,1000,5010,100000,1000,"sample-space reduction",25,2025,"strict equifinality"
0.984156969675405,0.99885003826012,1991,2000,5010,100000,2000,"sample-space reduction",25,2025,"strict equifinality"
0.977233268316332,0.998232950405517,2577,2586,5010,100000,3000,"sample-space reduction",25,2025,"strict equifinality"
0.992720311685456,0.999213420174861,291,300,4834,100000,300,"finite Zipf reference",26,2026,"strict equifinality"
0.996604648622609,0.999473163082094,491,500,4834,100000,500,"finite Zipf reference",26,2026,"strict equifinality"
0.982646698655285,0.999333799974426,991,1000,4834,100000,1000,"finite Zipf reference",26,2026,"strict equifinality"
0.977912037462468,0.998844752079263,1991,2000,4834,100000,2000,"finite Zipf reference",26,2026,"strict equifinality"
0.973911659725867,0.998369925396694,2587,2596,4834,100000,3000,"finite Zipf reference",26,2026,"strict equifinality"
0.996695074862147,0.999239888576844,291,300,4601,100000,300,"Zipf Markov control",26,2026,"strict equifinality"
0.995388747994895,0.99947233210386,491,500,4601,100000,500,"Zipf Markov control",26,2026,"strict equifinality"
0.966545429413627,0.998656886865615,991,1000,4601,100000,1000,"Zipf Markov control",26,2026,"strict equifinality"
0.955918456366578,0.998262114577262,1991,2000,4601,100000,2000,"Zipf Markov control",26,2026,"strict equifinality"
0.963966842657965,0.997861764816408,2551,2560,4601,100000,3000,"Zipf Markov control",26,2026,"strict equifinality"
1.01955868749734,0.998992314528532,291,300,4805,100000,300,"latent mixture",26,2026,"strict equifinality"
0.996602555712916,0.998720357629832,491,500,4805,100000,500,"latent mixture",26,2026,"strict equifinality"
0.97070375666212,0.998573192904486,991,1000,4805,100000,1000,"latent mixture",26,2026,"strict equifinality"
0.964493303130572,0.998300886245837,1991,2000,4805,100000,2000,"latent mixture",26,2026,"strict equifinality"
0.96295287175103,0.997958249018836,2433,2442,4805,100000,3000,"latent mixture",26,2026,"strict equifinality"
0.998907346386599,0.99915772132764,291,300,5000,100000,300,"sample-space reduction",26,2026,"strict equifinality"
0.995347011496811,0.999435964422528,491,500,5000,100000,500,"sample-space reduction",26,2026,"strict equifinality"
0.984919769985318,0.999365672702862,991,1000,5000,100000,1000,"sample-space reduction",26,2026,"strict equifinality"
0.975249528113295,0.998787091107904,1991,2000,5000,100000,2000,"sample-space reduction",26,2026,"strict equifinality"
0.970222079423816,0.998267366111795,2590,2599,5000,100000,3000,"sample-space reduction",26,2026,"strict equifinality"
0.994799712860014,0.999263215977515,291,300,4876,100000,300,"finite Zipf reference",27,2027,"strict equifinality"
0.994977503309287,0.999504183047837,491,500,4876,100000,500,"finite Zipf reference",27,2027,"strict equifinality"
0.990997636122794,0.999468210135138,991,1000,4876,100000,1000,"finite Zipf reference",27,2027,"strict equifinality"
0.980135674948407,0.998788659740051,1991,2000,4876,100000,2000,"finite Zipf reference",27,2027,"strict equifinality"
0.969671951677588,0.998048811689357,2615,2624,4876,100000,3000,"finite Zipf reference",27,2027,"strict equifinality"
0.978190962896201,0.999105922114543,291,300,4596,100000,300,"Zipf Markov control",27,2027,"strict equifinality"
0.970868555801984,0.999344973489751,491,500,4596,100000,500,"Zipf Markov control",27,2027,"strict equifinality"
0.96392174273738,0.999331778312641,991,1000,4596,100000,1000,"Zipf Markov control",27,2027,"strict equifinality"
0.968268529824453,0.998682861493964,1991,2000,4596,100000,2000,"Zipf Markov control",27,2027,"strict equifinality"
0.975264926843582,0.998202754811608,2544,2553,4596,100000,3000,"Zipf Markov control",27,2027,"strict equifinality"
1.018725788478,0.99929835501137,291,300,4836,100000,300,"latent mixture",27,2027,"strict equifinality"
1.01099229633787,0.9994099385981,491,500,4836,100000,500,"latent mixture",27,2027,"strict equifinality"
0.991924726916557,0.999065213013087,991,1000,4836,100000,1000,"latent mixture",27,2027,"strict equifinality"
0.977884497851734,0.99857261719745,1991,2000,4836,100000,2000,"latent mixture",27,2027,"strict equifinality"
0.971704943114315,0.998016164048126,2526,2535,4836,100000,3000,"latent mixture",27,2027,"strict equifinality"
1.00273769693543,0.999477553049367,291,300,5013,100000,300,"sample-space reduction",27,2027,"strict equifinality"
0.997308857437492,0.999532054376646,491,500,5013,100000,500,"sample-space reduction",27,2027,"strict equifinality"
0.991720542924392,0.999462320769596,991,1000,5013,100000,1000,"sample-space reduction",27,2027,"strict equifinality"
0.977771133675297,0.998758913490923,1991,2000,5013,100000,2000,"sample-space reduction",27,2027,"strict equifinality"
0.965704159155922,0.997902031110927,2638,2647,5013,100000,3000,"sample-space reduction",27,2027,"strict equifinality"
0.992585496116939,0.998735633302345,291,300,4878,100000,300,"finite Zipf reference",28,2028,"strict equifinality"
1.00273855978308,0.99917118175159,491,500,4878,100000,500,"finite Zipf reference",28,2028,"strict equifinality"
0.987781419390972,0.999163104213697,991,1000,4878,100000,1000,"finite Zipf reference",28,2028,"strict equifinality"
0.972931156663173,0.998559632607752,1991,2000,4878,100000,2000,"finite Zipf reference",28,2028,"strict equifinality"
0.967306949871132,0.998113712966959,2605,2614,4878,100000,3000,"finite Zipf reference",28,2028,"strict equifinality"
0.979369704179831,0.999047534849815,291,300,4600,100000,300,"Zipf Markov control",28,2028,"strict equifinality"
0.971349771260359,0.999290600888811,491,500,4600,100000,500,"Zipf Markov control",28,2028,"strict equifinality"
0.968953366867351,0.999264934975569,991,1000,4600,100000,1000,"Zipf Markov control",28,2028,"strict equifinality"
0.957484338489964,0.998600519809643,1991,2000,4600,100000,2000,"Zipf Markov control",28,2028,"strict equifinality"
0.964594634300355,0.998182022837703,2577,2586,4600,100000,3000,"Zipf Markov control",28,2028,"strict equifinality"
0.98104426463382,0.996989376884021,291,300,4813,100000,300,"latent mixture",28,2028,"strict equifinality"
0.966149972035535,0.998055012426228,491,500,4813,100000,500,"latent mixture",28,2028,"strict equifinality"
0.954925443645615,0.9986438569863,991,1000,4813,100000,1000,"latent mixture",28,2028,"strict equifinality"
0.950359903393276,0.998469141055216,1991,2000,4813,100000,2000,"latent mixture",28,2028,"strict equifinality"
0.946248096631307,0.998016676702237,2501,2510,4813,100000,3000,"latent mixture",28,2028,"strict equifinality"
0.990469718934087,0.998937252797678,291,300,5014,100000,300,"sample-space reduction",28,2028,"strict equifinality"
0.978264594023392,0.999077525612115,491,500,5014,100000,500,"sample-space reduction",28,2028,"strict equifinality"
0.986091070295537,0.999249598359366,991,1000,5014,100000,1000,"sample-space reduction",28,2028,"strict equifinality"
0.978426618182197,0.998749720905352,1991,2000,5014,100000,2000,"sample-space reduction",28,2028,"strict equifinality"
0.972261039924506,0.998229965520895,2582,2591,5014,100000,3000,"sample-space reduction",28,2028,"strict equifinality"
0.993887624737752,0.999319147522662,291,300,4876,100000,300,"finite Zipf reference",29,2029,"strict equifinality"
1.00239938313385,0.99937261496533,491,500,4876,100000,500,"finite Zipf reference",29,2029,"strict equifinality"
0.996196726143791,0.99940704894705,991,1000,4876,100000,1000,"finite Zipf reference",29,2029,"strict equifinality"
0.975768730982574,0.998494068462854,1991,2000,4876,100000,2000,"finite Zipf reference",29,2029,"strict equifinality"
0.967462412238245,0.997935343330236,2622,2631,4876,100000,3000,"finite Zipf reference",29,2029,"strict equifinality"
0.998439867072497,0.998651337189186,291,300,4611,100000,300,"Zipf Markov control",29,2029,"strict equifinality"
0.990830277526056,0.999073453613797,491,500,4611,100000,500,"Zipf Markov control",29,2029,"strict equifinality"
0.973288461881334,0.999038370499176,991,1000,4611,100000,1000,"Zipf Markov control",29,2029,"strict equifinality"
0.952485246217857,0.998254247299417,1991,2000,4611,100000,2000,"Zipf Markov control",29,2029,"strict equifinality"
0.954817855441992,0.998052410310009,2652,2661,4611,100000,3000,"Zipf Markov control",29,2029,"strict equifinality"
0.998374255610147,0.99843898491274,291,300,4755,100000,300,"latent mixture",29,2029,"strict equifinality"
0.990896857836145,0.998799937500833,491,500,4755,100000,500,"latent mixture",29,2029,"strict equifinality"
0.962752430891573,0.998357930020566,991,1000,4755,100000,1000,"latent mixture",29,2029,"strict equifinality"
0.961316383654685,0.998178691681406,1991,2000,4755,100000,2000,"latent mixture",29,2029,"strict equifinality"
0.965659228229856,0.997986502117442,2347,2356,4755,100000,3000,"latent mixture",29,2029,"strict equifinality"
1.00299630857551,0.999300170446261,291,300,5020,100000,300,"sample-space reduction",29,2029,"strict equifinality"
0.99528288213365,0.999216000730901,491,500,5020,100000,500,"sample-space reduction",29,2029,"strict equifinality"
0.988130652123163,0.999230959449662,991,1000,5020,100000,1000,"sample-space reduction",29,2029,"strict equifinality"
0.986154331462275,0.998843986494546,1991,2000,5020,100000,2000,"sample-space reduction",29,2029,"strict equifinality"
0.974870191737011,0.997943074382199,2628,2637,5020,100000,3000,"sample-space reduction",29,2029,"strict equifinality"
0.995165396456276,0.998834076773704,291,300,4841,100000,300,"finite Zipf reference",30,2030,"strict equifinality"
0.987553235083222,0.999182669589273,491,500,4841,100000,500,"finite Zipf reference",30,2030,"strict equifinality"
0.988142966648376,0.999310891712711,991,1000,4841,100000,1000,"finite Zipf reference",30,2030,"strict equifinality"
0.972946106078291,0.998621023774527,1991,2000,4841,100000,2000,"finite Zipf reference",30,2030,"strict equifinality"
0.970013790608755,0.998233678487336,2576,2585,4841,100000,3000,"finite Zipf reference",30,2030,"strict equifinality"
0.982958299877296,0.998579006586747,291,300,4595,100000,300,"Zipf Markov control",30,2030,"strict equifinality"
0.975284232105639,0.999070727175407,491,500,4595,100000,500,"Zipf Markov control",30,2030,"strict equifinality"
0.974939788460668,0.999233425300089,991,1000,4595,100000,1000,"Zipf Markov control",30,2030,"strict equifinality"
0.953790392965346,0.998033499438097,1991,2000,4595,100000,2000,"Zipf Markov control",30,2030,"strict equifinality"
0.96302384365586,0.997596113331057,2546,2555,4595,100000,3000,"Zipf Markov control",30,2030,"strict equifinality"
0.983107069357571,0.999282126081865,291,300,4877,100000,300,"latent mixture",30,2030,"strict equifinality"
0.982361733617934,0.99953373413983,491,500,4877,100000,500,"latent mixture",30,2030,"strict equifinality"
0.970772021525009,0.999215512952002,991,1000,4877,100000,1000,"latent mixture",30,2030,"strict equifinality"
0.939236718755335,0.997705196122696,1991,2000,4877,100000,2000,"latent mixture",30,2030,"strict equifinality"
0.93607699900374,0.997557623015744,2709,2718,4877,100000,3000,"latent mixture",30,2030,"strict equifinality"
0.991350677095355,0.999275090888568,291,300,5014,100000,300,"sample-space reduction",30,2030,"strict equifinality"
0.984502573525317,0.999403144311102,491,500,5014,100000,500,"sample-space reduction",30,2030,"strict equifinality"
0.979252409622739,0.999434735360587,991,1000,5014,100000,1000,"sample-space reduction",30,2030,"strict equifinality"
0.975105160924273,0.99889619654678,1991,2000,5014,100000,2000,"sample-space reduction",30,2030,"strict equifinality"
0.968764060811348,0.998288656641731,2623,2632,5014,100000,3000,"sample-space reduction",30,2030,"strict equifinality"
1.00067333357219,0.999484484371766,291,300,4842,100000,300,"finite Zipf reference",31,2031,"strict equifinality"
0.991240274077336,0.999522909211924,491,500,4842,100000,500,"finite Zipf reference",31,2031,"strict equifinality"
0.987684600463619,0.999504831935667,991,1000,4842,100000,1000,"finite Zipf reference",31,2031,"strict equifinality"
0.97880865380361,0.998865692938509,1991,2000,4842,100000,2000,"finite Zipf reference",31,2031,"strict equifinality"
0.974700811687882,0.998407748743824,2561,2570,4842,100000,3000,"finite Zipf reference",31,2031,"strict equifinality"
0.984156756529848,0.999185702453198,291,300,4594,100000,300,"Zipf Markov control",31,2031,"strict equifinality"
0.977041683196356,0.999355730313096,491,500,4594,100000,500,"Zipf Markov control",31,2031,"strict equifinality"
0.976504910925474,0.999448633478145,991,1000,4594,100000,1000,"Zipf Markov control",31,2031,"strict equifinality"
0.966422487810984,0.998734428928372,1991,2000,4594,100000,2000,"Zipf Markov control",31,2031,"strict equifinality"
0.971296156503415,0.998306033551434,2594,2603,4594,100000,3000,"Zipf Markov control",31,2031,"strict equifinality"
1.03466959532098,0.998792582903878,291,300,4766,100000,300,"latent mixture",31,2031,"strict equifinality"
1.01716791034032,0.998943829326591,491,500,4766,100000,500,"latent mixture",31,2031,"strict equifinality"
0.9813324459234,0.998095183676612,991,1000,4766,100000,1000,"latent mixture",31,2031,"strict equifinality"
0.967761513110671,0.997906202339298,1991,2000,4766,100000,2000,"latent mixture",31,2031,"strict equifinality"
0.968957058036222,0.997777628954018,2381,2390,4766,100000,3000,"latent mixture",31,2031,"strict equifinality"
0.983801519449817,0.999214515106673,291,300,5007,100000,300,"sample-space reduction",31,2031,"strict equifinality"
0.98941161069825,0.99947469816082,491,500,5007,100000,500,"sample-space reduction",31,2031,"strict equifinality"
0.982236209799559,0.999419922907518,991,1000,5007,100000,1000,"sample-space reduction",31,2031,"strict equifinality"
0.982247548872918,0.998916001133439,1991,2000,5007,100000,2000,"sample-space reduction",31,2031,"strict equifinality"
0.972337426539517,0.997948822850733,2668,2677,5007,100000,3000,"sample-space reduction",31,2031,"strict equifinality"
0.993139610363462,0.999488593819365,291,300,4858,100000,300,"finite Zipf reference",32,2032,"strict equifinality"
0.990099663853227,0.999631674989444,491,500,4858,100000,500,"finite Zipf reference",32,2032,"strict equifinality"
0.991211533405812,0.999526062368911,991,1000,4858,100000,1000,"finite Zipf reference",32,2032,"strict equifinality"
0.982210224077184,0.998835177307323,1991,2000,4858,100000,2000,"finite Zipf reference",32,2032,"strict equifinality"
0.973427864399567,0.998160579836964,2610,2619,4858,100000,3000,"finite Zipf reference",32,2032,"strict equifinality"
0.992707938623399,0.999257855094909,291,300,4590,100000,300,"Zipf Markov control",32,2032,"strict equifinality"
0.979995231917023,0.999342554227417,491,500,4590,100000,500,"Zipf Markov control",32,2032,"strict equifinality"
0.974020580743513,0.999418837351317,991,1000,4590,100000,1000,"Zipf Markov control",32,2032,"strict equifinality"
0.966995670925006,0.99877613511825,1991,2000,4590,100000,2000,"Zipf Markov control",32,2032,"strict equifinality"
0.969874985333146,0.99844801230509,2535,2544,4590,100000,3000,"Zipf Markov control",32,2032,"strict equifinality"
0.977933150994121,0.999169358961703,291,300,4788,100000,300,"latent mixture",32,2032,"strict equifinality"
0.974643985742805,0.99944154682959,491,500,4788,100000,500,"latent mixture",32,2032,"strict equifinality"
0.956473956115269,0.99913517042632,991,1000,4788,100000,1000,"latent mixture",32,2032,"strict equifinality"
0.952376290680477,0.998683928978772,1991,2000,4788,100000,2000,"latent mixture",32,2032,"strict equifinality"
0.954794215864365,0.998278507735416,2428,2437,4788,100000,3000,"latent mixture",32,2032,"strict equifinality"
0.991687973804314,0.999090195543046,291,300,4989,100000,300,"sample-space reduction",32,2032,"strict equifinality"
0.983934052720226,0.999368307839321,491,500,4989,100000,500,"sample-space reduction",32,2032,"strict equifinality"
0.981609297304871,0.999332855165775,991,1000,4989,100000,1000,"sample-space reduction",32,2032,"strict equifinality"
0.976509175223125,0.998844226165816,1991,2000,4989,100000,2000,"sample-space reduction",32,2032,"strict equifinality"
0.969528944622073,0.998156644080517,2635,2644,4989,100000,3000,"sample-space reduction",32,2032,"strict equifinality"
0.995765002350932,0.999025038245221,291,300,4845,100000,300,"finite Zipf reference",33,2033,"strict equifinality"
0.990975540082161,0.999306568655408,491,500,4845,100000,500,"finite Zipf reference",33,2033,"strict equifinality"
0.983992956539979,0.999401910938501,991,1000,4845,100000,1000,"finite Zipf reference",33,2033,"strict equifinality"
0.978745738930517,0.998846647801275,1991,2000,4845,100000,2000,"finite Zipf reference",33,2033,"strict equifinality"
0.975408636536105,0.998378719557126,2566,2575,4845,100000,3000,"finite Zipf reference",33,2033,"strict equifinality"
0.981659901094174,0.998735449076325,291,300,4587,100000,300,"Zipf Markov control",33,2033,"strict equifinality"
0.98594003225763,0.999061515884189,491,500,4587,100000,500,"Zipf Markov control",33,2033,"strict equifinality"
0.97227341074744,0.999141144703093,991,1000,4587,100000,1000,"Zipf Markov control",33,2033,"strict equifinality"
0.962167004126982,0.998576457097131,1991,2000,4587,100000,2000,"Zipf Markov control",33,2033,"strict equifinality"
0.966723410066642,0.99824575490627,2598,2607,4587,100000,3000,"Zipf Markov control",33,2033,"strict equifinality"
1.0220481743775,0.999268965519999,291,300,4778,100000,300,"latent mixture",33,2033,"strict equifinality"
1.00921144667579,0.999355871409142,491,500,4778,100000,500,"latent mixture",33,2033,"strict equifinality"
0.988818371768505,0.999027758723669,991,1000,4778,100000,1000,"latent mixture",33,2033,"strict equifinality"
0.989653411724311,0.998448531827025,1991,2000,4778,100000,2000,"latent mixture",33,2033,"strict equifinality"
0.992155138622491,0.998251837112603,2360,2369,4778,100000,3000,"latent mixture",33,2033,"strict equifinality"
0.993922328143297,0.999166642993698,291,300,5000,100000,300,"sample-space reduction",33,2033,"strict equifinality"
0.990272241102497,0.99933890721508,491,500,5000,100000,500,"sample-space reduction",33,2033,"strict equifinality"
0.986452760745345,0.999329531645388,991,1000,5000,100000,1000,"sample-space reduction",33,2033,"strict equifinality"
0.978330401610404,0.99881216184744,1991,2000,5000,100000,2000,"sample-space reduction",33,2033,"strict equifinality"
0.974648381262917,0.998280442151339,2576,2585,5000,100000,3000,"sample-space reduction",33,2033,"strict equifinality"
0.994344555949718,0.999084476598862,291,300,4873,100000,300,"finite Zipf reference",34,2034,"strict equifinality"
0.991443272173762,0.999430225276305,491,500,4873,100000,500,"finite Zipf reference",34,2034,"strict equifinality"
0.977328880335595,0.99927581729545,991,1000,4873,100000,1000,"finite Zipf reference",34,2034,"strict equifinality"
0.9815131818531,0.998863019052607,1991,2000,4873,100000,2000,"finite Zipf reference",34,2034,"strict equifinality"
0.978865376371616,0.998295206886718,2575,2584,4873,100000,3000,"finite Zipf reference",34,2034,"strict equifinality"
0.986283652950099,0.998977798846112,291,300,4609,100000,300,"Zipf Markov control",34,2034,"strict equifinality"
0.99003824822914,0.99937049916186,491,500,4609,100000,500,"Zipf Markov control",34,2034,"strict equifinality"
0.981985102472441,0.999411508554477,991,1000,4609,100000,1000,"Zipf Markov control",34,2034,"strict equifinality"
0.967204563238604,0.998625603966549,1991,2000,4609,100000,2000,"Zipf Markov control",34,2034,"strict equifinality"
0.970006160356937,0.998327640865263,2565,2574,4609,100000,3000,"Zipf Markov control",34,2034,"strict equifinality"
1.04303105447248,0.998849035208876,291,300,4828,100000,300,"latent mixture",34,2034,"strict equifinality"
1.01959777245141,0.998653480849199,491,500,4828,100000,500,"latent mixture",34,2034,"strict equifinality"
0.98821848946785,0.998207578798307,991,1000,4828,100000,1000,"latent mixture",34,2034,"strict equifinality"
0.95403901460711,0.997148149660385,1991,2000,4828,100000,2000,"latent mixture",34,2034,"strict equifinality"
0.9459113758057,0.996846414258613,2536,2545,4828,100000,3000,"latent mixture",34,2034,"strict equifinality"
0.991882914971052,0.999325914999012,291,300,5018,100000,300,"sample-space reduction",34,2034,"strict equifinality"
0.991543754720818,0.99941215718998,491,500,5018,100000,500,"sample-space reduction",34,2034,"strict equifinality"
0.986547078712093,0.999432158994666,991,1000,5018,100000,1000,"sample-space reduction",34,2034,"strict equifinality"
0.975451673651508,0.998780155580546,1991,2000,5018,100000,2000,"sample-space reduction",34,2034,"strict equifinality"
0.96780689293952,0.998146688225143,2620,2629,5018,100000,3000,"sample-space reduction",34,2034,"strict equifinality"
0.983230971088131,0.999090498257317,291,300,4849,100000,300,"finite Zipf reference",35,2035,"strict equifinality"
0.991987142965173,0.999353686963998,491,500,4849,100000,500,"finite Zipf reference",35,2035,"strict equifinality"
0.982501650186821,0.999361545032059,991,1000,4849,100000,1000,"finite Zipf reference",35,2035,"strict equifinality"
0.98122022284044,0.998856390968443,1991,2000,4849,100000,2000,"finite Zipf reference",35,2035,"strict equifinality"
0.97344949334162,0.9981521358569,2616,2625,4849,100000,3000,"finite Zipf reference",35,2035,"strict equifinality"
0.986667089905571,0.998933999239974,291,300,4602,100000,300,"Zipf Markov control",35,2035,"strict equifinality"
0.986355660435722,0.999248683467675,491,500,4602,100000,500,"Zipf Markov control",35,2035,"strict equifinality"
0.975738917605067,0.999230416674869,991,1000,4602,100000,1000,"Zipf Markov control",35,2035,"strict equifinality"
0.962564289447842,0.998560706401996,1991,2000,4602,100000,2000,"Zipf Markov control",35,2035,"strict equifinality"
0.966028744653144,0.998271738764539,2569,2578,4602,100000,3000,"Zipf Markov control",35,2035,"strict equifinality"
0.997344994450523,0.999101243382686,291,300,4747,100000,300,"latent mixture",35,2035,"strict equifinality"
1.00733245047822,0.999339926329408,491,500,4747,100000,500,"latent mixture",35,2035,"strict equifinality"
0.988798057293465,0.9991625081457,991,1000,4747,100000,1000,"latent mixture",35,2035,"strict equifinality"
0.972536581281354,0.998482912741351,1991,2000,4747,100000,2000,"latent mixture",35,2035,"strict equifinality"
0.972189563860224,0.998148242655039,2423,2432,4747,100000,3000,"latent mixture",35,2035,"strict equifinality"
1.00591019948149,0.999419586923783,291,300,5014,100000,300,"sample-space reduction",35,2035,"strict equifinality"
0.995626511139692,0.999476139703731,491,500,5014,100000,500,"sample-space reduction",35,2035,"strict equifinality"
0.985544886855962,0.999392745409654,991,1000,5014,100000,1000,"sample-space reduction",35,2035,"strict equifinality"
0.976301604220976,0.998821782159631,1991,2000,5014,100000,2000,"sample-space reduction",35,2035,"strict equifinality"
0.966697998993325,0.998041147690056,2639,2648,5014,100000,3000,"sample-space reduction",35,2035,"strict equifinality"
0.998301134435703,0.99931718712254,291,300,4848,100000,300,"finite Zipf reference",36,2036,"strict equifinality"
0.998755282357448,0.999499929721986,491,500,4848,100000,500,"finite Zipf reference",36,2036,"strict equifinality"
0.992012088803511,0.999438586762009,991,1000,4848,100000,1000,"finite Zipf reference",36,2036,"strict equifinality"
0.979781952273807,0.998795452977713,1991,2000,4848,100000,2000,"finite Zipf reference",36,2036,"strict equifinality"
0.970985436304491,0.998099180268943,2624,2633,4848,100000,3000,"finite Zipf reference",36,2036,"strict equifinality"
0.989417824631789,0.999270067772274,291,300,4581,100000,300,"Zipf Markov control",36,2036,"strict equifinality"
0.990981873495947,0.9995008285698,491,500,4581,100000,500,"Zipf Markov control",36,2036,"strict equifinality"
0.977516539640844,0.999366571748634,991,1000,4581,100000,1000,"Zipf Markov control",36,2036,"strict equifinality"
0.959123523434278,0.998438602922756,1991,2000,4581,100000,2000,"Zipf Markov control",36,2036,"strict equifinality"
0.963013510446563,0.998174281860278,2583,2592,4581,100000,3000,"Zipf Markov control",36,2036,"strict equifinality"
0.989510443846348,0.999583412392159,291,300,4740,100000,300,"latent mixture",36,2036,"strict equifinality"
0.995439370143673,0.999589445346371,491,500,4740,100000,500,"latent mixture",36,2036,"strict equifinality"
0.996816121495474,0.999529511667317,991,1000,4740,100000,1000,"latent mixture",36,2036,"strict equifinality"
1.00197606629718,0.998603805322755,1991,2000,4740,100000,2000,"latent mixture",36,2036,"strict equifinality"
1.00452656902472,0.998491068045271,2308,2317,4740,100000,3000,"latent mixture",36,2036,"strict equifinality"
0.99821896850791,0.999376311493957,291,300,5002,100000,300,"sample-space reduction",36,2036,"strict equifinality"
0.996639799804998,0.999496422612802,491,500,5002,100000,500,"sample-space reduction",36,2036,"strict equifinality"
0.98794172803363,0.999402808699349,991,1000,5002,100000,1000,"sample-space reduction",36,2036,"strict equifinality"
0.974016270110824,0.998654856606439,1991,2000,5002,100000,2000,"sample-space reduction",36,2036,"strict equifinality"
0.964090128018944,0.997914457618325,2659,2668,5002,100000,3000,"sample-space reduction",36,2036,"strict equifinality"
1.00409160959617,0.998979970943613,291,300,4855,100000,300,"finite Zipf reference",37,2037,"strict equifinality"
0.991171916143061,0.999191187306028,491,500,4855,100000,500,"finite Zipf reference",37,2037,"strict equifinality"
0.988255525458875,0.999335478234881,991,1000,4855,100000,1000,"finite Zipf reference",37,2037,"strict equifinality"
0.97642063978773,0.998681502283846,1991,2000,4855,100000,2000,"finite Zipf reference",37,2037,"strict equifinality"
0.969902149947286,0.998145590004333,2606,2615,4855,100000,3000,"finite Zipf reference",37,2037,"strict equifinality"
1.00279667960037,0.999110195461395,291,300,4623,100000,300,"Zipf Markov control",37,2037,"strict equifinality"
0.991750260476258,0.999208072867751,491,500,4623,100000,500,"Zipf Markov control",37,2037,"strict equifinality"
0.968631884469686,0.99894374605856,991,1000,4623,100000,1000,"Zipf Markov control",37,2037,"strict equifinality"
0.960996726017468,0.998543589637829,1991,2000,4623,100000,2000,"Zipf Markov control",37,2037,"strict equifinality"
0.965819725707629,0.998202975573589,2571,2580,4623,100000,3000,"Zipf Markov control",37,2037,"strict equifinality"
0.968024915606157,0.999246624122122,291,300,4707,100000,300,"latent mixture",37,2037,"strict equifinality"
1.00494353239821,0.998077955655339,491,500,4707,100000,500,"latent mixture",37,2037,"strict equifinality"
1.02196697641137,0.998674944743499,991,1000,4707,100000,1000,"latent mixture",37,2037,"strict equifinality"
1.04187371540425,0.998080885919085,1991,2000,4707,100000,2000,"latent mixture",37,2037,"strict equifinality"
1.03894384938557,0.998107890797916,2167,2176,4707,100000,3000,"latent mixture",37,2037,"strict equifinality"
0.989785345130891,0.999608731791289,291,300,5033,100000,300,"sample-space reduction",37,2037,"strict equifinality"
0.998615637083385,0.999392893020194,491,500,5033,100000,500,"sample-space reduction",37,2037,"strict equifinality"
0.98745739479115,0.999322794872678,991,1000,5033,100000,1000,"sample-space reduction",37,2037,"strict equifinality"
0.977408034898193,0.998696619173227,1991,2000,5033,100000,2000,"sample-space reduction",37,2037,"strict equifinality"
0.967755485723157,0.997925472813706,2635,2644,5033,100000,3000,"sample-space reduction",37,2037,"strict equifinality"
0.996868564750965,0.99902479209782,291,300,4867,100000,300,"finite Zipf reference",38,2038,"strict equifinality"
0.996394010928819,0.999372313418586,491,500,4867,100000,500,"finite Zipf reference",38,2038,"strict equifinality"
0.980561880541621,0.999252643011063,991,1000,4867,100000,1000,"finite Zipf reference",38,2038,"strict equifinality"
0.974856053064947,0.998791191082724,1991,2000,4867,100000,2000,"finite Zipf reference",38,2038,"strict equifinality"
0.972081659694564,0.998216547487781,2614,2623,4867,100000,3000,"finite Zipf reference",38,2038,"strict equifinality"
0.987282817845231,0.998944734193981,291,300,4599,100000,300,"Zipf Markov control",38,2038,"strict equifinality"
0.975755889256285,0.999155483778791,491,500,4599,100000,500,"Zipf Markov control",38,2038,"strict equifinality"
0.970206748296294,0.999319819614042,991,1000,4599,100000,1000,"Zipf Markov control",38,2038,"strict equifinality"
0.967295588273906,0.998716604885912,1991,2000,4599,100000,2000,"Zipf Markov control",38,2038,"strict equifinality"
0.970023220599013,0.998379882934564,2575,2584,4599,100000,3000,"Zipf Markov control",38,2038,"strict equifinality"
0.974240772025483,0.998899866029012,291,300,4773,100000,300,"latent mixture",38,2038,"strict equifinality"
0.969529128975546,0.999246267472341,491,500,4773,100000,500,"latent mixture",38,2038,"strict equifinality"
0.969132410628591,0.999362321518732,991,1000,4773,100000,1000,"latent mixture",38,2038,"strict equifinality"
0.971154691400564,0.998706062964972,1991,2000,4773,100000,2000,"latent mixture",38,2038,"strict equifinality"
0.978303564342004,0.998147045753754,2435,2444,4773,100000,3000,"latent mixture",38,2038,"strict equifinality"
1.00023596461179,0.999281159057434,291,300,5007,100000,300,"sample-space reduction",38,2038,"strict equifinality"
1.00077809110721,0.999332683876423,491,500,5007,100000,500,"sample-space reduction",38,2038,"strict equifinality"
0.98120000584132,0.999060035945951,991,1000,5007,100000,1000,"sample-space reduction",38,2038,"strict equifinality"
0.983255949207107,0.998757179957285,1991,2000,5007,100000,2000,"sample-space reduction",38,2038,"strict equifinality"
0.976069639042661,0.998082887809612,2596,2605,5007,100000,3000,"sample-space reduction",38,2038,"strict equifinality"
0.99147722224729,0.999442980525338,291,300,4848,100000,300,"finite Zipf reference",39,2039,"strict equifinality"
0.990115034906301,0.999565161244133,491,500,4848,100000,500,"finite Zipf reference",39,2039,"strict equifinality"
0.987527156117317,0.999502018462268,991,1000,4848,100000,1000,"finite Zipf reference",39,2039,"strict equifinality"
0.987154949219525,0.998913334509538,1991,2000,4848,100000,2000,"finite Zipf reference",39,2039,"strict equifinality"
0.979400942783842,0.998231335456854,2574,2583,4848,100000,3000,"finite Zipf reference",39,2039,"strict equifinality"
0.992370348136361,0.999195826662343,291,300,4597,100000,300,"Zipf Markov control",39,2039,"strict equifinality"
0.977811440794054,0.999218403027711,491,500,4597,100000,500,"Zipf Markov control",39,2039,"strict equifinality"
0.967081757371271,0.999260193740874,991,1000,4597,100000,1000,"Zipf Markov control",39,2039,"strict equifinality"
0.957313723548667,0.998672470566061,1991,2000,4597,100000,2000,"Zipf Markov control",39,2039,"strict equifinality"
0.961213362882555,0.998310664143544,2640,2649,4597,100000,3000,"Zipf Markov control",39,2039,"strict equifinality"
1.01445005927091,0.998941794983994,291,300,4709,100000,300,"latent mixture",39,2039,"strict equifinality"
1.01234443862112,0.999314201923421,491,500,4709,100000,500,"latent mixture",39,2039,"strict equifinality"
1.00274781944937,0.999261253428347,991,1000,4709,100000,1000,"latent mixture",39,2039,"strict equifinality"
1.01508662467093,0.998362661472093,1991,2000,4709,100000,2000,"latent mixture",39,2039,"strict equifinality"
1.01238997792393,0.998378517440813,2195,2204,4709,100000,3000,"latent mixture",39,2039,"strict equifinality"
0.996922896873694,0.999284631235103,291,300,5014,100000,300,"sample-space reduction",39,2039,"strict equifinality"
0.99453627712228,0.999516315761869,491,500,5014,100000,500,"sample-space reduction",39,2039,"strict equifinality"
0.992834622587506,0.999462064464342,991,1000,5014,100000,1000,"sample-space reduction",39,2039,"strict equifinality"
0.980460067383675,0.998784248202615,1991,2000,5014,100000,2000,"sample-space reduction",39,2039,"strict equifinality"
0.970765921181556,0.998007715367894,2623,2632,5014,100000,3000,"sample-space reduction",39,2039,"strict equifinality"
1.00135038328342,0.999226536265847,291,300,4851,100000,300,"finite Zipf reference",40,2040,"strict equifinality"
1.00204183179903,0.999287479284352,491,500,4851,100000,500,"finite Zipf reference",40,2040,"strict equifinality"
0.991814268765476,0.999228100318712,991,1000,4851,100000,1000,"finite Zipf reference",40,2040,"strict equifinality"
0.984121800314725,0.99880013886803,1991,2000,4851,100000,2000,"finite Zipf reference",40,2040,"strict equifinality"
0.975120879182484,0.998077473753351,2601,2610,4851,100000,3000,"finite Zipf reference",40,2040,"strict equifinality"
0.982268730928926,0.999069765008573,291,300,4591,100000,300,"Zipf Markov control",40,2040,"strict equifinality"
0.979946788155796,0.999252270956025,491,500,4591,100000,500,"Zipf Markov control",40,2040,"strict equifinality"
0.9653065417591,0.999193494374038,991,1000,4591,100000,1000,"Zipf Markov control",40,2040,"strict equifinality"
0.956817182890294,0.998614538728097,1991,2000,4591,100000,2000,"Zipf Markov control",40,2040,"strict equifinality"
0.963037903564374,0.99822254934082,2595,2604,4591,100000,3000,"Zipf Markov control",40,2040,"strict equifinality"
1.0726508041915,0.998666506636694,291,300,4787,100000,300,"latent mixture",40,2040,"strict equifinality"
1.06201578771846,0.999049334571634,491,500,4787,100000,500,"latent mixture",40,2040,"strict equifinality"
1.02107045866071,0.99777963710145,991,1000,4787,100000,1000,"latent mixture",40,2040,"strict equifinality"
0.974217682569168,0.996087647686561,1991,2000,4787,100000,2000,"latent mixture",40,2040,"strict equifinality"
0.963379952986137,0.995728313324038,2495,2504,4787,100000,3000,"latent mixture",40,2040,"strict equifinality"
0.992942996644423,0.999325652929422,291,300,5016,100000,300,"sample-space reduction",40,2040,"strict equifinality"
1.00149120851384,0.999388641932846,491,500,5016,100000,500,"sample-space reduction",40,2040,"strict equifinality"
0.9838930175466,0.999131962361937,991,1000,5016,100000,1000,"sample-space reduction",40,2040,"strict equifinality"
0.980119584029139,0.998792943044886,1991,2000,5016,100000,2000,"sample-space reduction",40,2040,"strict equifinality"
0.973480949239597,0.99810285754478,2610,2619,5016,100000,3000,"sample-space reduction",40,2040,"strict equifinality"
0.989562493280525,0.99934558339945,291,300,4856,100000,300,"finite Zipf reference",41,2041,"strict equifinality"
0.987052443910646,0.99954124120409,491,500,4856,100000,500,"finite Zipf reference",41,2041,"strict equifinality"
0.978078815613711,0.999461743664367,991,1000,4856,100000,1000,"finite Zipf reference",41,2041,"strict equifinality"
0.98068831498404,0.998905402955964,1991,2000,4856,100000,2000,"finite Zipf reference",41,2041,"strict equifinality"
0.975653266121678,0.99838290870488,2579,2588,4856,100000,3000,"finite Zipf reference",41,2041,"strict equifinality"
0.991590022365005,0.999293239332969,291,300,4588,100000,300,"Zipf Markov control",41,2041,"strict equifinality"
0.987399119786537,0.999485486032438,491,500,4588,100000,500,"Zipf Markov control",41,2041,"strict equifinality"
0.96475265314594,0.999044839152553,991,1000,4588,100000,1000,"Zipf Markov control",41,2041,"strict equifinality"
0.956665983578477,0.998493742793327,1991,2000,4588,100000,2000,"Zipf Markov control",41,2041,"strict equifinality"
0.963138912003915,0.998125495975139,2544,2553,4588,100000,3000,"Zipf Markov control",41,2041,"strict equifinality"
1.02551019170361,0.998016206268195,291,300,4772,100000,300,"latent mixture",41,2041,"strict equifinality"
1.00234527698642,0.998207254621547,491,500,4772,100000,500,"latent mixture",41,2041,"strict equifinality"
0.959078813735373,0.997183738041821,991,1000,4772,100000,1000,"latent mixture",41,2041,"strict equifinality"
0.946635179170565,0.997542390168082,1991,2000,4772,100000,2000,"latent mixture",41,2041,"strict equifinality"
0.951087506305966,0.997324103371955,2417,2426,4772,100000,3000,"latent mixture",41,2041,"strict equifinality"
0.986161998758559,0.999235173997887,291,300,5015,100000,300,"sample-space reduction",41,2041,"strict equifinality"
0.991383760567278,0.999447578511858,491,500,5015,100000,500,"sample-space reduction",41,2041,"strict equifinality"
0.983704200749131,0.999441319473517,991,1000,5015,100000,1000,"sample-space reduction",41,2041,"strict equifinality"
0.971774618032128,0.998745015095812,1991,2000,5015,100000,2000,"sample-space reduction",41,2041,"strict equifinality"
0.964996755595789,0.998203487289538,2620,2629,5015,100000,3000,"sample-space reduction",41,2041,"strict equifinality"
0.97937391539934,0.998809938979051,291,300,4858,100000,300,"finite Zipf reference",42,2042,"strict equifinality"
0.990004276664038,0.999111104127086,491,500,4858,100000,500,"finite Zipf reference",42,2042,"strict equifinality"
0.984502152087973,0.999283251192791,991,1000,4858,100000,1000,"finite Zipf reference",42,2042,"strict equifinality"
0.972254746352892,0.99866462193133,1991,2000,4858,100000,2000,"finite Zipf reference",42,2042,"strict equifinality"
0.969220282402879,0.998230052436128,2597,2606,4858,100000,3000,"finite Zipf reference",42,2042,"strict equifinality"
0.988985151679438,0.999113622251062,291,300,4592,100000,300,"Zipf Markov control",42,2042,"strict equifinality"
0.991720942245203,0.999401687879885,491,500,4592,100000,500,"Zipf Markov control",42,2042,"strict equifinality"
0.973936631056079,0.999166481567599,991,1000,4592,100000,1000,"Zipf Markov control",42,2042,"strict equifinality"
0.967841779226275,0.998693636596138,1991,2000,4592,100000,2000,"Zipf Markov control",42,2042,"strict equifinality"
0.968796251075542,0.998382997811421,2563,2572,4592,100000,3000,"Zipf Markov control",42,2042,"strict equifinality"
0.960152017543975,0.998785699926792,291,300,4805,100000,300,"latent mixture",42,2042,"strict equifinality"
0.940736533907847,0.998715933567659,491,500,4805,100000,500,"latent mixture",42,2042,"strict equifinality"
0.950529209700698,0.999108096288004,991,1000,4805,100000,1000,"latent mixture",42,2042,"strict equifinality"
0.968264876786712,0.998428861227081,1991,2000,4805,100000,2000,"latent mixture",42,2042,"strict equifinality"
0.973592484600852,0.997981857022089,2474,2483,4805,100000,3000,"latent mixture",42,2042,"strict equifinality"
0.990742319766285,0.999084190123351,291,300,5011,100000,300,"sample-space reduction",42,2042,"strict equifinality"
0.997437999146926,0.999348698479429,491,500,5011,100000,500,"sample-space reduction",42,2042,"strict equifinality"
0.990762645889285,0.999336040163428,991,1000,5011,100000,1000,"sample-space reduction",42,2042,"strict equifinality"
0.973908935899535,0.998552735889557,1991,2000,5011,100000,2000,"sample-space reduction",42,2042,"strict equifinality"
0.96648798810882,0.998036746868684,2608,2617,5011,100000,3000,"sample-space reduction",42,2042,"strict equifinality"
1.00412529955515,0.999375071405176,291,300,4859,100000,300,"finite Zipf reference",43,2043,"strict equifinality"
0.999164327672378,0.999509213139725,491,500,4859,100000,500,"finite Zipf reference",43,2043,"strict equifinality"
0.982163145372489,0.99927102413309,991,1000,4859,100000,1000,"finite Zipf reference",43,2043,"strict equifinality"
0.965916660779947,0.998410966370642,1991,2000,4859,100000,2000,"finite Zipf reference",43,2043,"strict equifinality"
0.960352732483781,0.998019890653938,2632,2641,4859,100000,3000,"finite Zipf reference",43,2043,"strict equifinality"
0.978195846169636,0.998632342917963,291,300,4601,100000,300,"Zipf Markov control",43,2043,"strict equifinality"
0.986636601945715,0.999087799944104,491,500,4601,100000,500,"Zipf Markov control",43,2043,"strict equifinality"
0.986797924992448,0.999194326416253,991,1000,4601,100000,1000,"Zipf Markov control",43,2043,"strict equifinality"
0.966256271618592,0.998271103772166,1991,2000,4601,100000,2000,"Zipf Markov control",43,2043,"strict equifinality"
0.967238241682965,0.998086712471786,2575,2584,4601,100000,3000,"Zipf Markov control",43,2043,"strict equifinality"
0.976678926078851,0.999227560473623,291,300,4715,100000,300,"latent mixture",43,2043,"strict equifinality"
0.985898123604266,0.999353838125511,491,500,4715,100000,500,"latent mixture",43,2043,"strict equifinality"
1.00373215914661,0.999180569551301,991,1000,4715,100000,1000,"latent mixture",43,2043,"strict equifinality"
1.01244337825763,0.99844516338147,1991,2000,4715,100000,2000,"latent mixture",43,2043,"strict equifinality"
1.01074897100205,0.998333052168908,2333,2342,4715,100000,3000,"latent mixture",43,2043,"strict equifinality"
0.988238657960387,0.999444327190838,291,300,5003,100000,300,"sample-space reduction",43,2043,"strict equifinality"
0.986487366846452,0.999541033291628,491,500,5003,100000,500,"sample-space reduction",43,2043,"strict equifinality"
0.988843479891414,0.999496733302256,991,1000,5003,100000,1000,"sample-space reduction",43,2043,"strict equifinality"
0.981903249085101,0.998902918464209,1991,2000,5003,100000,2000,"sample-space reduction",43,2043,"strict equifinality"
0.973824875480596,0.998212681917298,2598,2607,5003,100000,3000,"sample-space reduction",43,2043,"strict equifinality"
0.991130997378528,0.999056413051334,291,300,4855,100000,300,"finite Zipf reference",44,2044,"strict equifinality"
0.988833184839595,0.999329201782486,491,500,4855,100000,500,"finite Zipf reference",44,2044,"strict equifinality"
0.984360739698711,0.99934877671601,991,1000,4855,100000,1000,"finite Zipf reference",44,2044,"strict equifinality"
0.979476878633177,0.998810304610921,1991,2000,4855,100000,2000,"finite Zipf reference",44,2044,"strict equifinality"
0.975199522331197,0.998315439058069,2567,2576,4855,100000,3000,"finite Zipf reference",44,2044,"strict equifinality"
0.986795992483361,0.998997003034529,291,300,4636,100000,300,"Zipf Markov control",44,2044,"strict equifinality"
0.977095184561819,0.999276872836882,491,500,4636,100000,500,"Zipf Markov control",44,2044,"strict equifinality"
0.970392440460827,0.999397708463612,991,1000,4636,100000,1000,"Zipf Markov control",44,2044,"strict equifinality"
0.962503915514181,0.998782231477341,1991,2000,4636,100000,2000,"Zipf Markov control",44,2044,"strict equifinality"
0.965700491472453,0.998447344521117,2593,2602,4636,100000,3000,"Zipf Markov control",44,2044,"strict equifinality"
0.97955033462994,0.99784285481223,291,300,4809,100000,300,"latent mixture",44,2044,"strict equifinality"
0.958672185171567,0.998206972944828,491,500,4809,100000,500,"latent mixture",44,2044,"strict equifinality"
0.965460836151388,0.998881799085628,991,1000,4809,100000,1000,"latent mixture",44,2044,"strict equifinality"
0.965219630946225,0.998583994539565,1991,2000,4809,100000,2000,"latent mixture",44,2044,"strict equifinality"
0.967421521539388,0.998191687157028,2429,2438,4809,100000,3000,"latent mixture",44,2044,"strict equifinality"
1.00275686655306,0.999165248149166,291,300,5056,100000,300,"sample-space reduction",44,2044,"strict equifinality"
0.98859709296387,0.999229666066492,491,500,5056,100000,500,"sample-space reduction",44,2044,"strict equifinality"
0.990308382847245,0.999323959218496,991,1000,5056,100000,1000,"sample-space reduction",44,2044,"strict equifinality"
0.982749995776885,0.998823391703885,1991,2000,5056,100000,2000,"sample-space reduction",44,2044,"strict equifinality"
0.975230876137899,0.998216766990327,2578,2587,5056,100000,3000,"sample-space reduction",44,2044,"strict equifinality"
0.990064099143337,0.999433679309375,291,300,4876,100000,300,"finite Zipf reference",45,2045,"strict equifinality"
0.990502537209591,0.999501723992062,491,500,4876,100000,500,"finite Zipf reference",45,2045,"strict equifinality"
0.984451940438573,0.999294715360371,991,1000,4876,100000,1000,"finite Zipf reference",45,2045,"strict equifinality"
0.974240516163242,0.998670262608312,1991,2000,4876,100000,2000,"finite Zipf reference",45,2045,"strict equifinality"
0.966518676499114,0.998171432244433,2614,2623,4876,100000,3000,"finite Zipf reference",45,2045,"strict equifinality"
0.974500824851559,0.998920119374077,291,300,4591,100000,300,"Zipf Markov control",45,2045,"strict equifinality"
0.984260197948662,0.999112395977109,491,500,4591,100000,500,"Zipf Markov control",45,2045,"strict equifinality"
0.981165680660473,0.999169091297465,991,1000,4591,100000,1000,"Zipf Markov control",45,2045,"strict equifinality"
0.968113110615107,0.998552437294867,1991,2000,4591,100000,2000,"Zipf Markov control",45,2045,"strict equifinality"
0.969500420886568,0.998292233779574,2580,2589,4591,100000,3000,"Zipf Markov control",45,2045,"strict equifinality"
0.973457542287213,0.999217279126949,291,300,4799,100000,300,"latent mixture",45,2045,"strict equifinality"
0.985964090939822,0.999266321590408,491,500,4799,100000,500,"latent mixture",45,2045,"strict equifinality"
0.993766291231057,0.9993504256959,991,1000,4799,100000,1000,"latent mixture",45,2045,"strict equifinality"
0.988369159292705,0.998896789642521,1991,2000,4799,100000,2000,"latent mixture",45,2045,"strict equifinality"
0.987595755327015,0.998412699845151,2493,2502,4799,100000,3000,"latent mixture",45,2045,"strict equifinality"
0.990186456181517,0.998589835626294,291,300,5030,100000,300,"sample-space reduction",45,2045,"strict equifinality"
0.995558512834647,0.998975146668947,491,500,5030,100000,500,"sample-space reduction",45,2045,"strict equifinality"
0.984291699000444,0.998935164072676,991,1000,5030,100000,1000,"sample-space reduction",45,2045,"strict equifinality"
0.976811004623232,0.998632159586443,1991,2000,5030,100000,2000,"sample-space reduction",45,2045,"strict equifinality"
0.969346013383647,0.99800257265653,2642,2651,5030,100000,3000,"sample-space reduction",45,2045,"strict equifinality"
0.998772325497808,0.99919455754687,291,300,4856,100000,300,"finite Zipf reference",46,2046,"strict equifinality"
0.988352982404388,0.99935754997438,491,500,4856,100000,500,"finite Zipf reference",46,2046,"strict equifinality"
0.98839756218444,0.999437324378614,991,1000,4856,100000,1000,"finite Zipf reference",46,2046,"strict equifinality"
0.983183473288992,0.998815874745681,1991,2000,4856,100000,2000,"finite Zipf reference",46,2046,"strict equifinality"
0.976433399899535,0.998174585313919,2593,2602,4856,100000,3000,"finite Zipf reference",46,2046,"strict equifinality"
0.989532569170804,0.998697815796454,291,300,4597,100000,300,"Zipf Markov control",46,2046,"strict equifinality"
0.979733635996234,0.999082217784548,491,500,4597,100000,500,"Zipf Markov control",46,2046,"strict equifinality"
0.967030815276569,0.999174850364691,991,1000,4597,100000,1000,"Zipf Markov control",46,2046,"strict equifinality"
0.963842487756514,0.998641905748426,1991,2000,4597,100000,2000,"Zipf Markov control",46,2046,"strict equifinality"
0.969695066944023,0.998238529127095,2571,2580,4597,100000,3000,"Zipf Markov control",46,2046,"strict equifinality"
0.983352328555502,0.999296933958334,291,300,4775,100000,300,"latent mixture",46,2046,"strict equifinality"
0.989666998135733,0.999434208492425,491,500,4775,100000,500,"latent mixture",46,2046,"strict equifinality"
1.00191365578594,0.99928818864549,991,1000,4775,100000,1000,"latent mixture",46,2046,"strict equifinality"
0.990734548730835,0.998459850588732,1991,2000,4775,100000,2000,"latent mixture",46,2046,"strict equifinality"
0.988556808597466,0.998271291978932,2362,2371,4775,100000,3000,"latent mixture",46,2046,"strict equifinality"
0.99036280085128,0.999569143526192,291,300,5001,100000,300,"sample-space reduction",46,2046,"strict equifinality"
0.990797873259684,0.999675034848942,491,500,5001,100000,500,"sample-space reduction",46,2046,"strict equifinality"
0.976658414555183,0.9994290542405,991,1000,5001,100000,1000,"sample-space reduction",46,2046,"strict equifinality"
0.968181644802026,0.998786320719176,1991,2000,5001,100000,2000,"sample-space reduction",46,2046,"strict equifinality"
0.965294553804743,0.998334585941488,2617,2626,5001,100000,3000,"sample-space reduction",46,2046,"strict equifinality"
0.992490064168749,0.999160925539669,291,300,4869,100000,300,"finite Zipf reference",47,2047,"strict equifinality"
0.994773092879601,0.999403811841072,491,500,4869,100000,500,"finite Zipf reference",47,2047,"strict equifinality"
0.986591180439902,0.999389679228942,991,1000,4869,100000,1000,"finite Zipf reference",47,2047,"strict equifinality"
0.981071734839182,0.998836318555766,1991,2000,4869,100000,2000,"finite Zipf reference",47,2047,"strict equifinality"
0.973824473506735,0.998193709569952,2618,2627,4869,100000,3000,"finite Zipf reference",47,2047,"strict equifinality"
0.984907793132757,0.999031845386995,291,300,4599,100000,300,"Zipf Markov control",47,2047,"strict equifinality"
0.9830848494058,0.999371177431273,491,500,4599,100000,500,"Zipf Markov control",47,2047,"strict equifinality"
0.962473734718144,0.99908419504602,991,1000,4599,100000,1000,"Zipf Markov control",47,2047,"strict equifinality"
0.961745460796581,0.998560624105374,1991,2000,4599,100000,2000,"Zipf Markov control",47,2047,"strict equifinality"
0.967154907638602,0.998174462283169,2586,2595,4599,100000,3000,"Zipf Markov control",47,2047,"strict equifinality"
0.970416396440358,0.997570560722258,291,300,4810,100000,300,"latent mixture",47,2047,"strict equifinality"
0.953085948162102,0.998245895046326,491,500,4810,100000,500,"latent mixture",47,2047,"strict equifinality"
0.938039633720885,0.998727220891088,991,1000,4810,100000,1000,"latent mixture",47,2047,"strict equifinality"
0.940150086048581,0.998378981636161,1991,2000,4810,100000,2000,"latent mixture",47,2047,"strict equifinality"
0.944325444061327,0.997970243972458,2537,2546,4810,100000,3000,"latent mixture",47,2047,"strict equifinality"
1.00471678195689,0.999147949384811,291,300,5013,100000,300,"sample-space reduction",47,2047,"strict equifinality"
0.998721670744276,0.999381430438699,491,500,5013,100000,500,"sample-space reduction",47,2047,"strict equifinality"
0.985400704572654,0.999302706680255,991,1000,5013,100000,1000,"sample-space reduction",47,2047,"strict equifinality"
0.973113525215598,0.998572761542101,1991,2000,5013,100000,2000,"sample-space reduction",47,2047,"strict equifinality"
0.961460013719768,0.997753551472008,2684,2693,5013,100000,3000,"sample-space reduction",47,2047,"strict equifinality"
0.98779152075437,0.998895745381755,291,300,4860,100000,300,"finite Zipf reference",48,2048,"strict equifinality"
0.982712489764195,0.999259573385312,491,500,4860,100000,500,"finite Zipf reference",48,2048,"strict equifinality"
0.984832279425705,0.999396425850616,991,1000,4860,100000,1000,"finite Zipf reference",48,2048,"strict equifinality"
0.983863067549595,0.998927239104781,1991,2000,4860,100000,2000,"finite Zipf reference",48,2048,"strict equifinality"
0.974622062219858,0.998163243854712,2615,2624,4860,100000,3000,"finite Zipf reference",48,2048,"strict equifinality"
1.00690286716601,0.998800883884438,291,300,4630,100000,300,"Zipf Markov control",48,2048,"strict equifinality"
0.993874889975997,0.999018247910515,491,500,4630,100000,500,"Zipf Markov control",48,2048,"strict equifinality"
0.977169388688546,0.999035697625088,991,1000,4630,100000,1000,"Zipf Markov control",48,2048,"strict equifinality"
0.953090266667504,0.998082544794584,1991,2000,4630,100000,2000,"Zipf Markov control",48,2048,"strict equifinality"
0.954905463351314,0.997932585861952,2641,2650,4630,100000,3000,"Zipf Markov control",48,2048,"strict equifinality"
1.07591512731725,0.99904924205656,291,300,4789,100000,300,"latent mixture",48,2048,"strict equifinality"
1.04567657563054,0.998323084789098,491,500,4789,100000,500,"latent mixture",48,2048,"strict equifinality"
0.9955686513005,0.996805716559613,991,1000,4789,100000,1000,"latent mixture",48,2048,"strict equifinality"
0.952583975163137,0.995771941751788,1991,2000,4789,100000,2000,"latent mixture",48,2048,"strict equifinality"
0.951476406558069,0.995986430607597,2400,2409,4789,100000,3000,"latent mixture",48,2048,"strict equifinality"
0.998254822632557,0.999423431789032,291,300,5026,100000,300,"sample-space reduction",48,2048,"strict equifinality"
0.99991828411796,0.999531364702325,491,500,5026,100000,500,"sample-space reduction",48,2048,"strict equifinality"
0.984476266958549,0.999294315406776,991,1000,5026,100000,1000,"sample-space reduction",48,2048,"strict equifinality"
0.976769529291734,0.998761808777007,1991,2000,5026,100000,2000,"sample-space reduction",48,2048,"strict equifinality"
0.967420297616421,0.998012028183378,2637,2646,5026,100000,3000,"sample-space reduction",48,2048,"strict equifinality"
0.994951934978415,0.999203720672177,291,300,4865,100000,300,"finite Zipf reference",49,2049,"strict equifinality"
0.990281699107348,0.999442388791948,491,500,4865,100000,500,"finite Zipf reference",49,2049,"strict equifinality"
0.988007148533876,0.999465180465875,991,1000,4865,100000,1000,"finite Zipf reference",49,2049,"strict equifinality"
0.979956429608712,0.998805952198476,1991,2000,4865,100000,2000,"finite Zipf reference",49,2049,"strict equifinality"
0.970964209684456,0.99810311658194,2625,2634,4865,100000,3000,"finite Zipf reference",49,2049,"strict equifinality"
0.978652592701513,0.998502835975184,291,300,4566,100000,300,"Zipf Markov control",49,2049,"strict equifinality"
0.978224898304933,0.999117874662101,491,500,4566,100000,500,"Zipf Markov control",49,2049,"strict equifinality"
0.966622545383748,0.999231825310895,991,1000,4566,100000,1000,"Zipf Markov control",49,2049,"strict equifinality"
0.961881658356209,0.99871340653188,1991,2000,4566,100000,2000,"Zipf Markov control",49,2049,"strict equifinality"
0.96479362421477,0.998369740134524,2629,2638,4566,100000,3000,"Zipf Markov control",49,2049,"strict equifinality"
0.976062235644148,0.99904355583137,291,300,4822,100000,300,"latent mixture",49,2049,"strict equifinality"
0.984141920402325,0.999316212839028,491,500,4822,100000,500,"latent mixture",49,2049,"strict equifinality"
0.977902107383528,0.999388529622961,991,1000,4822,100000,1000,"latent mixture",49,2049,"strict equifinality"
0.97503888305276,0.998872290701989,1991,2000,4822,100000,2000,"latent mixture",49,2049,"strict equifinality"
0.972443810777053,0.99843608276976,2582,2591,4822,100000,3000,"latent mixture",49,2049,"strict equifinality"
0.992563690424693,0.99908467492076,291,300,4993,100000,300,"sample-space reduction",49,2049,"strict equifinality"
0.98944847014523,0.999412595111068,491,500,4993,100000,500,"sample-space reduction",49,2049,"strict equifinality"
0.979742336333926,0.999364510937233,991,1000,4993,100000,1000,"sample-space reduction",49,2049,"strict equifinality"
0.980016121250882,0.9988942519897,1991,2000,4993,100000,2000,"sample-space reduction",49,2049,"strict equifinality"
0.975821310526028,0.998358614968719,2569,2578,4993,100000,3000,"sample-space reduction",49,2049,"strict equifinality"
0.990605883261154,0.999482122962899,291,300,4861,100000,300,"finite Zipf reference",50,2050,"strict equifinality"
0.991510396558922,0.99942965214925,491,500,4861,100000,500,"finite Zipf reference",50,2050,"strict equifinality"
0.986234888221662,0.999453211490508,991,1000,4861,100000,1000,"finite Zipf reference",50,2050,"strict equifinality"
0.976232182613477,0.998793906906234,1991,2000,4861,100000,2000,"finite Zipf reference",50,2050,"strict equifinality"
0.968456303927982,0.998227377215765,2617,2626,4861,100000,3000,"finite Zipf reference",50,2050,"strict equifinality"
0.987258742674169,0.99909954631113,291,300,4588,100000,300,"Zipf Markov control",50,2050,"strict equifinality"
0.988480615772194,0.999427118234976,491,500,4588,100000,500,"Zipf Markov control",50,2050,"strict equifinality"
0.969753733582468,0.999164887060723,991,1000,4588,100000,1000,"Zipf Markov control",50,2050,"strict equifinality"
0.959682809674199,0.99859133820203,1991,2000,4588,100000,2000,"Zipf Markov control",50,2050,"strict equifinality"
0.963942241289604,0.998270622644533,2579,2588,4588,100000,3000,"Zipf Markov control",50,2050,"strict equifinality"
1.00304590215413,0.999372857374998,291,300,4822,100000,300,"latent mixture",50,2050,"strict equifinality"
0.99288411099339,0.999401212340066,491,500,4822,100000,500,"latent mixture",50,2050,"strict equifinality"
0.96915932700324,0.998732703046795,991,1000,4822,100000,1000,"latent mixture",50,2050,"strict equifinality"
0.954176409771273,0.998324738041837,1991,2000,4822,100000,2000,"latent mixture",50,2050,"strict equifinality"
0.948788661604984,0.997815290373319,2576,2585,4822,100000,3000,"latent mixture",50,2050,"strict equifinality"
0.994152178183502,0.999324418612013,291,300,5013,100000,300,"sample-space reduction",50,2050,"strict equifinality"
1.00073983439587,0.999502424187115,491,500,5013,100000,500,"sample-space reduction",50,2050,"strict equifinality"
0.99799463940534,0.999462076999633,991,1000,5013,100000,1000,"sample-space reduction",50,2050,"strict equifinality"
0.977840138496183,0.998546181472251,1991,2000,5013,100000,2000,"sample-space reduction",50,2050,"strict equifinality"
0.966864243688717,0.997717981601818,2652,2661,5013,100000,3000,"sample-space reduction",50,2050,"strict equifinality"
1.00565403500499,0.998797615261769,291,300,4865,100000,300,"finite Zipf reference",51,2051,"strict equifinality"
0.987719079321571,0.998909995019469,491,500,4865,100000,500,"finite Zipf reference",51,2051,"strict equifinality"
0.97721296944815,0.999140283771278,991,1000,4865,100000,1000,"finite Zipf reference",51,2051,"strict equifinality"
0.977745179311295,0.998792464572514,1991,2000,4865,100000,2000,"finite Zipf reference",51,2051,"strict equifinality"
0.973307827568269,0.998239124337534,2598,2607,4865,100000,3000,"finite Zipf reference",51,2051,"strict equifinality"
0.991245336351034,0.999090385373507,291,300,4611,100000,300,"Zipf Markov control",51,2051,"strict equifinality"
0.979571372318216,0.999251456936181,491,500,4611,100000,500,"Zipf Markov control",51,2051,"strict equifinality"
0.969547901054172,0.999283846528291,991,1000,4611,100000,1000,"Zipf Markov control",51,2051,"strict equifinality"
0.96603068666059,0.998711669473652,1991,2000,4611,100000,2000,"Zipf Markov control",51,2051,"strict equifinality"
0.969747751218427,0.998360942132063,2572,2581,4611,100000,3000,"Zipf Markov control",51,2051,"strict equifinality"
0.930763890704786,0.998872156093749,291,300,4711,100000,300,"latent mixture",51,2051,"strict equifinality"
0.94476255468686,0.99909835851172,491,500,4711,100000,500,"latent mixture",51,2051,"strict equifinality"
0.964082226513589,0.998850516362761,991,1000,4711,100000,1000,"latent mixture",51,2051,"strict equifinality"
1.0036414905837,0.996873876738034,1991,2000,4711,100000,2000,"latent mixture",51,2051,"strict equifinality"
1.00578978060464,0.99706403225118,2174,2183,4711,100000,3000,"latent mixture",51,2051,"strict equifinality"
0.989239546008814,0.99909795868153,291,300,4980,100000,300,"sample-space reduction",51,2051,"strict equifinality"
0.991184170292401,0.9993555683455,491,500,4980,100000,500,"sample-space reduction",51,2051,"strict equifinality"
0.994114061964177,0.999358689977246,991,1000,4980,100000,1000,"sample-space reduction",51,2051,"strict equifinality"
0.979272443410479,0.998668086901224,1991,2000,4980,100000,2000,"sample-space reduction",51,2051,"strict equifinality"
0.965939580037082,0.997689230688208,2671,2680,4980,100000,3000,"sample-space reduction",51,2051,"strict equifinality"
0.9873089933983,0.998900579221184,291,300,4858,100000,300,"finite Zipf reference",52,2052,"strict equifinality"
0.98022762257227,0.999270054073225,491,500,4858,100000,500,"finite Zipf reference",52,2052,"strict equifinality"
0.980800039151701,0.999274164493247,991,1000,4858,100000,1000,"finite Zipf reference",52,2052,"strict equifinality"
0.979618230425867,0.998842695580187,1991,2000,4858,100000,2000,"finite Zipf reference",52,2052,"strict equifinality"
0.974173381389499,0.998299471570406,2589,2598,4858,100000,3000,"finite Zipf reference",52,2052,"strict equifinality"
0.98467993244985,0.999273779950396,291,300,4585,100000,300,"Zipf Markov control",52,2052,"strict equifinality"
0.992261735344692,0.999432009536954,491,500,4585,100000,500,"Zipf Markov control",52,2052,"strict equifinality"
0.979362405815079,0.99937691653753,991,1000,4585,100000,1000,"Zipf Markov control",52,2052,"strict equifinality"
0.969949450817244,0.998645833016368,1991,2000,4585,100000,2000,"Zipf Markov control",52,2052,"strict equifinality"
0.976063977302719,0.998199327101149,2535,2544,4585,100000,3000,"Zipf Markov control",52,2052,"strict equifinality"
1.0146331649898,0.99875341642177,291,300,4788,100000,300,"latent mixture",52,2052,"strict equifinality"
1.00723535501059,0.999068142859044,491,500,4788,100000,500,"latent mixture",52,2052,"strict equifinality"
0.984562652561477,0.998719376971335,991,1000,4788,100000,1000,"latent mixture",52,2052,"strict equifinality"
0.983215520014266,0.998307983150691,1991,2000,4788,100000,2000,"latent mixture",52,2052,"strict equifinality"
0.983748315578668,0.998200794408445,2346,2355,4788,100000,3000,"latent mixture",52,2052,"strict equifinality"
0.998205312503011,0.998917266586437,291,300,5012,100000,300,"sample-space reduction",52,2052,"strict equifinality"
0.987390610928087,0.999213246151806,491,500,5012,100000,500,"sample-space reduction",52,2052,"strict equifinality"
0.988258044433357,0.999371010623713,991,1000,5012,100000,1000,"sample-space reduction",52,2052,"strict equifinality"
0.975460097342996,0.998645401629535,1991,2000,5012,100000,2000,"sample-space reduction",52,2052,"strict equifinality"
0.967968361502443,0.99809939027302,2606,2615,5012,100000,3000,"sample-space reduction",52,2052,"strict equifinality"
0.992769959019003,0.999292146811117,291,300,4846,100000,300,"finite Zipf reference",53,2053,"strict equifinality"
0.991148931793974,0.999541186752484,491,500,4846,100000,500,"finite Zipf reference",53,2053,"strict equifinality"
0.989964455556004,0.999487938700831,991,1000,4846,100000,1000,"finite Zipf reference",53,2053,"strict equifinality"
0.983176765435549,0.998925239326077,1991,2000,4846,100000,2000,"finite Zipf reference",53,2053,"strict equifinality"
0.971428033547037,0.998033709450458,2630,2639,4846,100000,3000,"finite Zipf reference",53,2053,"strict equifinality"
0.988382147807724,0.999063716272837,291,300,4619,100000,300,"Zipf Markov control",53,2053,"strict equifinality"
0.979413401861414,0.999250702900309,491,500,4619,100000,500,"Zipf Markov control",53,2053,"strict equifinality"
0.972542460054826,0.999203069179667,991,1000,4619,100000,1000,"Zipf Markov control",53,2053,"strict equifinality"
0.957571661500355,0.998482950171938,1991,2000,4619,100000,2000,"Zipf Markov control",53,2053,"strict equifinality"
0.963235838348782,0.998155539725225,2587,2596,4619,100000,3000,"Zipf Markov control",53,2053,"strict equifinality"
0.976195961741259,0.998282402901155,291,300,4776,100000,300,"latent mixture",53,2053,"strict equifinality"
0.947706271011631,0.997951808584847,491,500,4776,100000,500,"latent mixture",53,2053,"strict equifinality"
0.936605734013157,0.998703407277723,991,1000,4776,100000,1000,"latent mixture",53,2053,"strict equifinality"
0.956911828568721,0.998108519559054,1991,2000,4776,100000,2000,"latent mixture",53,2053,"strict equifinality"
0.966128895254782,0.997526957515688,2377,2386,4776,100000,3000,"latent mixture",53,2053,"strict equifinality"
1.00113094969731,0.999336977606957,291,300,4996,100000,300,"sample-space reduction",53,2053,"strict equifinality"
0.998717920523267,0.999561771844202,491,500,4996,100000,500,"sample-space reduction",53,2053,"strict equifinality"
0.98521632816502,0.999217948376281,991,1000,4996,100000,1000,"sample-space reduction",53,2053,"strict equifinality"
0.970473469881513,0.998581026294267,1991,2000,4996,100000,2000,"sample-space reduction",53,2053,"strict equifinality"
0.965466039843804,0.998137800198988,2610,2619,4996,100000,3000,"sample-space reduction",53,2053,"strict equifinality"
0.991267758155182,0.999397791250492,291,300,4866,100000,300,"finite Zipf reference",54,2054,"strict equifinality"
0.992389645116221,0.999595636258574,491,500,4866,100000,500,"finite Zipf reference",54,2054,"strict equifinality"
0.980444450641461,0.999324456448173,991,1000,4866,100000,1000,"finite Zipf reference",54,2054,"strict equifinality"
0.975219978862769,0.998813169345249,1991,2000,4866,100000,2000,"finite Zipf reference",54,2054,"strict equifinality"
0.972032604232962,0.998311077649958,2590,2599,4866,100000,3000,"finite Zipf reference",54,2054,"strict equifinality"
0.995899601333828,0.998947336580049,291,300,4628,100000,300,"Zipf Markov control",54,2054,"strict equifinality"
0.988682671756163,0.999218318862775,491,500,4628,100000,500,"Zipf Markov control",54,2054,"strict equifinality"
0.980075135879522,0.999352470396836,991,1000,4628,100000,1000,"Zipf Markov control",54,2054,"strict equifinality"
0.959197802050443,0.99835637786727,1991,2000,4628,100000,2000,"Zipf Markov control",54,2054,"strict equifinality"
0.961854702067078,0.998142638760952,2580,2589,4628,100000,3000,"Zipf Markov control",54,2054,"strict equifinality"
1.05436408247009,0.999028361995954,291,300,4783,100000,300,"latent mixture",54,2054,"strict equifinality"
1.03640962564006,0.999000653189775,491,500,4783,100000,500,"latent mixture",54,2054,"strict equifinality"
1.00186455812772,0.99804596397231,991,1000,4783,100000,1000,"latent mixture",54,2054,"strict equifinality"
0.972114151967721,0.997103127243346,1991,2000,4783,100000,2000,"latent mixture",54,2054,"strict equifinality"
0.968462902806179,0.997145044723196,2328,2337,4783,100000,3000,"latent mixture",54,2054,"strict equifinality"
0.993806676469377,0.999316102671557,291,300,5009,100000,300,"sample-space reduction",54,2054,"strict equifinality"
0.998365070105231,0.999431587274807,491,500,5009,100000,500,"sample-space reduction",54,2054,"strict equifinality"
0.995034242199144,0.999447318843836,991,1000,5009,100000,1000,"sample-space reduction",54,2054,"strict equifinality"
0.97225979141651,0.998339313859679,1991,2000,5009,100000,2000,"sample-space reduction",54,2054,"strict equifinality"
0.968735444908184,0.998006162534009,2573,2582,5009,100000,3000,"sample-space reduction",54,2054,"strict equifinality"
0.998274186146787,0.999543751290433,291,300,4855,100000,300,"finite Zipf reference",55,2055,"strict equifinality"
0.991413479925617,0.999574688930325,491,500,4855,100000,500,"finite Zipf reference",55,2055,"strict equifinality"
0.979934625458168,0.999409230905789,991,1000,4855,100000,1000,"finite Zipf reference",55,2055,"strict equifinality"
0.976343825177336,0.998900426086438,1991,2000,4855,100000,2000,"finite Zipf reference",55,2055,"strict equifinality"
0.968402456262279,0.99816233938577,2649,2658,4855,100000,3000,"finite Zipf reference",55,2055,"strict equifinality"
0.994078104463152,0.999403111979175,291,300,4577,100000,300,"Zipf Markov control",55,2055,"strict equifinality"
0.981106775157073,0.999410713034868,491,500,4577,100000,500,"Zipf Markov control",55,2055,"strict equifinality"
0.969412736772832,0.999306751588393,991,1000,4577,100000,1000,"Zipf Markov control",55,2055,"strict equifinality"
0.958130588981231,0.998557530526111,1991,2000,4577,100000,2000,"Zipf Markov control",55,2055,"strict equifinality"
0.966216031324366,0.998106829824165,2566,2575,4577,100000,3000,"Zipf Markov control",55,2055,"strict equifinality"
1.01724067140674,0.999210639138581,291,300,4644,100000,300,"latent mixture",55,2055,"strict equifinality"
1.01449676612511,0.999398823289458,491,500,4644,100000,500,"latent mixture",55,2055,"strict equifinality"
1.00714246193269,0.999350423567864,991,1000,4644,100000,1000,"latent mixture",55,2055,"strict equifinality"
1.01764317845979,0.998528826425766,1991,2000,4644,100000,2000,"latent mixture",55,2055,"strict equifinality"
1.0161866449658,0.99856891091363,2113,2122,4644,100000,3000,"latent mixture",55,2055,"strict equifinality"
0.989894809293133,0.999392146534639,291,300,5021,100000,300,"sample-space reduction",55,2055,"strict equifinality"
0.98343630163809,0.999514074567956,491,500,5021,100000,500,"sample-space reduction",55,2055,"strict equifinality"
0.988105524072594,0.999479135196037,991,1000,5021,100000,1000,"sample-space reduction",55,2055,"strict equifinality"
0.97662071737974,0.998733627847722,1991,2000,5021,100000,2000,"sample-space reduction",55,2055,"strict equifinality"
0.969885121275735,0.998152643846753,2618,2627,5021,100000,3000,"sample-space reduction",55,2055,"strict equifinality"
0.989150437305763,0.999420432743775,291,300,4849,100000,300,"finite Zipf reference",56,2056,"strict equifinality"
1.00130834644302,0.999398596685584,491,500,4849,100000,500,"finite Zipf reference",56,2056,"strict equifinality"
0.99048195922003,0.999333183175054,991,1000,4849,100000,1000,"finite Zipf reference",56,2056,"strict equifinality"
0.981574997529247,0.998783966978204,1991,2000,4849,100000,2000,"finite Zipf reference",56,2056,"strict equifinality"
0.974831640757452,0.998173291179977,2584,2593,4849,100000,3000,"finite Zipf reference",56,2056,"strict equifinality"
0.988355358166848,0.999084650257749,291,300,4605,100000,300,"Zipf Markov control",56,2056,"strict equifinality"
0.979030470933625,0.999265089326894,491,500,4605,100000,500,"Zipf Markov control",56,2056,"strict equifinality"
0.973596488272105,0.999359391176122,991,1000,4605,100000,1000,"Zipf Markov control",56,2056,"strict equifinality"
0.959338763667897,0.998600399881962,1991,2000,4605,100000,2000,"Zipf Markov control",56,2056,"strict equifinality"
0.964474200925114,0.998259502450857,2567,2576,4605,100000,3000,"Zipf Markov control",56,2056,"strict equifinality"
1.04305835092353,0.998802994547067,291,300,4527,100000,300,"latent mixture",56,2056,"strict equifinality"
1.03676345422331,0.999182035229283,491,500,4527,100000,500,"latent mixture",56,2056,"strict equifinality"
1.03335620651853,0.999279844104206,991,1000,4527,100000,1000,"latent mixture",56,2056,"strict equifinality"
1.05867056391015,0.998206727180808,1986,1995,4527,100000,2000,"latent mixture",56,2056,"strict equifinality"
1.05867056391015,0.998206727180808,1986,1995,4527,100000,3000,"latent mixture",56,2056,"strict equifinality"
1.00577037859625,0.999174857365123,291,300,5005,100000,300,"sample-space reduction",56,2056,"strict equifinality"
1.0024865492551,0.999340417958842,491,500,5005,100000,500,"sample-space reduction",56,2056,"strict equifinality"
0.987264906506394,0.999199759188986,991,1000,5005,100000,1000,"sample-space reduction",56,2056,"strict equifinality"
0.975548643986445,0.99867838517594,1991,2000,5005,100000,2000,"sample-space reduction",56,2056,"strict equifinality"
0.971197224438394,0.998145694958597,2585,2594,5005,100000,3000,"sample-space reduction",56,2056,"strict equifinality"
0.988686152092598,0.999150932771857,291,300,4864,100000,300,"finite Zipf reference",57,2057,"strict equifinality"
0.995380551443719,0.999332049041165,491,500,4864,100000,500,"finite Zipf reference",57,2057,"strict equifinality"
0.995525551606824,0.999369951256187,991,1000,4864,100000,1000,"finite Zipf reference",57,2057,"strict equifinality"
0.979808762163809,0.998620812673942,1991,2000,4864,100000,2000,"finite Zipf reference",57,2057,"strict equifinality"
0.973472769563731,0.997985827095642,2605,2614,4864,100000,3000,"finite Zipf reference",57,2057,"strict equifinality"
0.986703264944088,0.999334276628624,291,300,4613,100000,300,"Zipf Markov control",57,2057,"strict equifinality"
0.970792313983858,0.999179095282115,491,500,4613,100000,500,"Zipf Markov control",57,2057,"strict equifinality"
0.966495321849271,0.999346357385197,991,1000,4613,100000,1000,"Zipf Markov control",57,2057,"strict equifinality"
0.963807011994661,0.998783581536045,1991,2000,4613,100000,2000,"Zipf Markov control",57,2057,"strict equifinality"
0.967460601202072,0.998451397711645,2570,2579,4613,100000,3000,"Zipf Markov control",57,2057,"strict equifinality"
0.982986707642485,0.999041744520276,291,300,4752,100000,300,"latent mixture",57,2057,"strict equifinality"
1.0001473413891,0.999087335309956,491,500,4752,100000,500,"latent mixture",57,2057,"strict equifinality"
1.01185742808568,0.99909617244356,991,1000,4752,100000,1000,"latent mixture",57,2057,"strict equifinality"
1.00617957719309,0.99841549324662,1991,2000,4752,100000,2000,"latent mixture",57,2057,"strict equifinality"
1.00223155221409,0.998306926291103,2290,2299,4752,100000,3000,"latent mixture",57,2057,"strict equifinality"
0.989025132322034,0.999257718023798,291,300,5002,100000,300,"sample-space reduction",57,2057,"strict equifinality"
0.990375247383336,0.999497857209066,491,500,5002,100000,500,"sample-space reduction",57,2057,"strict equifinality"
0.984139759347224,0.99946035132816,991,1000,5002,100000,1000,"sample-space reduction",57,2057,"strict equifinality"
0.977762459947657,0.998885814953595,1991,2000,5002,100000,2000,"sample-space reduction",57,2057,"strict equifinality"
0.972382267603402,0.998349586978532,2579,2588,5002,100000,3000,"sample-space reduction",57,2057,"strict equifinality"
0.993472653774236,0.999266673340234,291,300,4887,100000,300,"finite Zipf reference",58,2058,"strict equifinality"
0.993661754151368,0.999530244186934,491,500,4887,100000,500,"finite Zipf reference",58,2058,"strict equifinality"
0.990708762324632,0.999484357862366,991,1000,4887,100000,1000,"finite Zipf reference",58,2058,"strict equifinality"
0.979967567512726,0.998818124212722,1991,2000,4887,100000,2000,"finite Zipf reference",58,2058,"strict equifinality"
0.974797027627369,0.998246963861835,2589,2598,4887,100000,3000,"finite Zipf reference",58,2058,"strict equifinality"
0.994109012936463,0.999087133179902,291,300,4609,100000,300,"Zipf Markov control",58,2058,"strict equifinality"
0.986738243738919,0.999360663796726,491,500,4609,100000,500,"Zipf Markov control",58,2058,"strict equifinality"
0.975556501522291,0.999304668521428,991,1000,4609,100000,1000,"Zipf Markov control",58,2058,"strict equifinality"
0.965565368256206,0.998574653622545,1991,2000,4609,100000,2000,"Zipf Markov control",58,2058,"strict equifinality"
0.972575995647603,0.998106217057604,2531,2540,4609,100000,3000,"Zipf Markov control",58,2058,"strict equifinality"
0.963736426403317,0.998975958992954,291,300,4738,100000,300,"latent mixture",58,2058,"strict equifinality"
0.958440377127267,0.999059119956777,491,500,4738,100000,500,"latent mixture",58,2058,"strict equifinality"
0.977180134016029,0.999027631936695,991,1000,4738,100000,1000,"latent mixture",58,2058,"strict equifinality"
0.983652109593123,0.998687096794937,1991,2000,4738,100000,2000,"latent mixture",58,2058,"strict equifinality"
0.985780987412002,0.998313075701016,2422,2431,4738,100000,3000,"latent mixture",58,2058,"strict equifinality"
1.00139239174055,0.999229715165905,291,300,5024,100000,300,"sample-space reduction",58,2058,"strict equifinality"
0.998754065226033,0.99948549835898,491,500,5024,100000,500,"sample-space reduction",58,2058,"strict equifinality"
0.997220221760444,0.999475477159825,991,1000,5024,100000,1000,"sample-space reduction",58,2058,"strict equifinality"
0.979152468102189,0.998609652120512,1991,2000,5024,100000,2000,"sample-space reduction",58,2058,"strict equifinality"
0.96709196978316,0.997710844922336,2649,2658,5024,100000,3000,"sample-space reduction",58,2058,"strict equifinality"
0.989522252301753,0.999178876848368,291,300,4851,100000,300,"finite Zipf reference",59,2059,"strict equifinality"
0.988894810532292,0.999369919177637,491,500,4851,100000,500,"finite Zipf reference",59,2059,"strict equifinality"
0.991165010788882,0.999335378467492,991,1000,4851,100000,1000,"finite Zipf reference",59,2059,"strict equifinality"
0.98562824100713,0.998864614303937,1991,2000,4851,100000,2000,"finite Zipf reference",59,2059,"strict equifinality"
0.978649303438273,0.998287954473989,2563,2572,4851,100000,3000,"finite Zipf reference",59,2059,"strict equifinality"
0.987851490981613,0.999105454971168,291,300,4605,100000,300,"Zipf Markov control",59,2059,"strict equifinality"
0.980743625524117,0.999393809104978,491,500,4605,100000,500,"Zipf Markov control",59,2059,"strict equifinality"
0.972442736770726,0.99935874857742,991,1000,4605,100000,1000,"Zipf Markov control",59,2059,"strict equifinality"
0.960450029280883,0.998639598388289,1991,2000,4605,100000,2000,"Zipf Markov control",59,2059,"strict equifinality"
0.96821286553342,0.998146306575649,2516,2525,4605,100000,3000,"Zipf Markov control",59,2059,"strict equifinality"
1.01894319697642,0.998720782489704,291,300,4726,100000,300,"latent mixture",59,2059,"strict equifinality"
0.999273508972682,0.998708973614793,491,500,4726,100000,500,"latent mixture",59,2059,"strict equifinality"
0.978613319269927,0.998792774813332,991,1000,4726,100000,1000,"latent mixture",59,2059,"strict equifinality"
0.979931041842926,0.998205871129715,1991,2000,4726,100000,2000,"latent mixture",59,2059,"strict equifinality"
0.982605736153287,0.99816867689966,2295,2304,4726,100000,3000,"latent mixture",59,2059,"strict equifinality"
1.00186652448844,0.999479877102163,291,300,5012,100000,300,"sample-space reduction",59,2059,"strict equifinality"
0.997110740660899,0.99959318506004,491,500,5012,100000,500,"sample-space reduction",59,2059,"strict equifinality"
0.990355069630144,0.999487673514518,991,1000,5012,100000,1000,"sample-space reduction",59,2059,"strict equifinality"
0.976831419484071,0.998733987584802,1991,2000,5012,100000,2000,"sample-space reduction",59,2059,"strict equifinality"
0.969427495392027,0.998051976495817,2621,2630,5012,100000,3000,"sample-space reduction",59,2059,"strict equifinality"
0.994301573254609,0.999214515135537,291,300,4852,100000,300,"finite Zipf reference",60,2060,"strict equifinality"
0.993741098521284,0.999484675488492,491,500,4852,100000,500,"finite Zipf reference",60,2060,"strict equifinality"
0.980931250172432,0.999378890414912,991,1000,4852,100000,1000,"finite Zipf reference",60,2060,"strict equifinality"
0.97435965404466,0.998834934634649,1991,2000,4852,100000,2000,"finite Zipf reference",60,2060,"strict equifinality"
0.970149700059063,0.998335952877621,2596,2605,4852,100000,3000,"finite Zipf reference",60,2060,"strict equifinality"
0.988106919322713,0.998982569293266,291,300,4597,100000,300,"Zipf Markov control",60,2060,"strict equifinality"
0.988936823959579,0.999348863212418,491,500,4597,100000,500,"Zipf Markov control",60,2060,"strict equifinality"
0.974653189996955,0.999272845234053,991,1000,4597,100000,1000,"Zipf Markov control",60,2060,"strict equifinality"
0.961494114780337,0.998585566830661,1991,2000,4597,100000,2000,"Zipf Markov control",60,2060,"strict equifinality"
0.967402568290739,0.998199644131449,2563,2572,4597,100000,3000,"Zipf Markov control",60,2060,"strict equifinality"
0.99440077402621,0.999228594560909,291,300,4804,100000,300,"latent mixture",60,2060,"strict equifinality"
0.980757628378938,0.999236656551375,491,500,4804,100000,500,"latent mixture",60,2060,"strict equifinality"
0.956647022455646,0.998830063941692,991,1000,4804,100000,1000,"latent mixture",60,2060,"strict equifinality"
0.952528189906253,0.99851153352311,1991,2000,4804,100000,2000,"latent mixture",60,2060,"strict equifinality"
0.954672462253194,0.99814470774189,2494,2503,4804,100000,3000,"latent mixture",60,2060,"strict equifinality"
1.00320999837592,0.998984577744831,291,300,5012,100000,300,"sample-space reduction",60,2060,"strict equifinality"
0.99811610637768,0.999327361202269,491,500,5012,100000,500,"sample-space reduction",60,2060,"strict equifinality"
0.985032643867029,0.999288786729317,991,1000,5012,100000,1000,"sample-space reduction",60,2060,"strict equifinality"
0.973000559493402,0.998695811604064,1991,2000,5012,100000,2000,"sample-space reduction",60,2060,"strict equifinality"
0.969107351753856,0.998223324493646,2594,2603,5012,100000,3000,"sample-space reduction",60,2060,"strict equifinality"
0.995661729898859,0.999377008206929,291,300,4866,100000,300,"finite Zipf reference",61,2061,"strict equifinality"
0.991368201921492,0.999421535979179,491,500,4866,100000,500,"finite Zipf reference",61,2061,"strict equifinality"
0.978676933990654,0.99934789923502,991,1000,4866,100000,1000,"finite Zipf reference",61,2061,"strict equifinality"
0.980123028016791,0.998888233227565,1991,2000,4866,100000,2000,"finite Zipf reference",61,2061,"strict equifinality"
0.972906955153452,0.998252419937836,2608,2617,4866,100000,3000,"finite Zipf reference",61,2061,"strict equifinality"
0.985562059316732,0.998843076711077,291,300,4569,100000,300,"Zipf Markov control",61,2061,"strict equifinality"
0.987979273575527,0.999258951122495,491,500,4569,100000,500,"Zipf Markov control",61,2061,"strict equifinality"
0.971284784612939,0.999155745016717,991,1000,4569,100000,1000,"Zipf Markov control",61,2061,"strict equifinality"
0.963210686815574,0.998621659310449,1991,2000,4569,100000,2000,"Zipf Markov control",61,2061,"strict equifinality"
0.967175243877418,0.99830140586277,2557,2566,4569,100000,3000,"Zipf Markov control",61,2061,"strict equifinality"
1.01389855159425,0.998915736505777,291,300,4829,100000,300,"latent mixture",61,2061,"strict equifinality"
0.98358711775457,0.998298799435152,491,500,4829,100000,500,"latent mixture",61,2061,"strict equifinality"
0.952482370730368,0.998077680220915,991,1000,4829,100000,1000,"latent mixture",61,2061,"strict equifinality"
0.941475306396448,0.997973277088928,1991,2000,4829,100000,2000,"latent mixture",61,2061,"strict equifinality"
0.939167785892842,0.997804491697298,2694,2703,4829,100000,3000,"latent mixture",61,2061,"strict equifinality"
0.984495034121114,0.99925021025537,291,300,5025,100000,300,"sample-space reduction",61,2061,"strict equifinality"
0.990504116162076,0.999428311202846,491,500,5025,100000,500,"sample-space reduction",61,2061,"strict equifinality"
0.982940108255058,0.999418870400575,991,1000,5025,100000,1000,"sample-space reduction",61,2061,"strict equifinality"
0.978574758201226,0.99887990974026,1991,2000,5025,100000,2000,"sample-space reduction",61,2061,"strict equifinality"
0.969502192187629,0.998078294485525,2658,2667,5025,100000,3000,"sample-space reduction",61,2061,"strict equifinality"
1.00313824147667,0.999435459049175,291,300,4845,100000,300,"finite Zipf reference",62,2062,"strict equifinality"
0.998449351055315,0.999560168576888,491,500,4845,100000,500,"finite Zipf reference",62,2062,"strict equifinality"
0.995650385920238,0.999459592002613,991,1000,4845,100000,1000,"finite Zipf reference",62,2062,"strict equifinality"
0.978711966286633,0.998686368342116,1991,2000,4845,100000,2000,"finite Zipf reference",62,2062,"strict equifinality"
0.967680134362813,0.997846513920118,2642,2651,4845,100000,3000,"finite Zipf reference",62,2062,"strict equifinality"
1.01266300732975,0.999302760785125,291,300,4607,100000,300,"Zipf Markov control",62,2062,"strict equifinality"
0.982761510326054,0.998423622982031,491,500,4607,100000,500,"Zipf Markov control",62,2062,"strict equifinality"
0.964577781476447,0.998747509936498,991,1000,4607,100000,1000,"Zipf Markov control",62,2062,"strict equifinality"
0.953394263543166,0.998383302009375,1991,2000,4607,100000,2000,"Zipf Markov control",62,2062,"strict equifinality"
0.96065612706565,0.99799622154246,2594,2603,4607,100000,3000,"Zipf Markov control",62,2062,"strict equifinality"
1.06650973129532,0.998902426415686,291,300,4736,100000,300,"latent mixture",62,2062,"strict equifinality"
1.04976556519715,0.998955805721243,491,500,4736,100000,500,"latent mixture",62,2062,"strict equifinality"
1.01941779434675,0.998256295567061,991,1000,4736,100000,1000,"latent mixture",62,2062,"strict equifinality"
0.984855019048944,0.996905640232194,1991,2000,4736,100000,2000,"latent mixture",62,2062,"strict equifinality"
0.976848142845468,0.996679244736949,2287,2296,4736,100000,3000,"latent mixture",62,2062,"strict equifinality"
0.994885060044989,0.999518566030535,291,300,5026,100000,300,"sample-space reduction",62,2062,"strict equifinality"
0.995527534075524,0.999659069529931,491,500,5026,100000,500,"sample-space reduction",62,2062,"strict equifinality"
0.986028570076921,0.999395834726761,991,1000,5026,100000,1000,"sample-space reduction",62,2062,"strict equifinality"
0.974537537310614,0.99876498312852,1991,2000,5026,100000,2000,"sample-space reduction",62,2062,"strict equifinality"
0.966901744728821,0.998157828302222,2616,2625,5026,100000,3000,"sample-space reduction",62,2062,"strict equifinality"
0.992753709703168,0.999056023285187,291,300,4849,100000,300,"finite Zipf reference",63,2063,"strict equifinality"
0.993047058443189,0.999344452957696,491,500,4849,100000,500,"finite Zipf reference",63,2063,"strict equifinality"
0.987515284528061,0.999281320419328,991,1000,4849,100000,1000,"finite Zipf reference",63,2063,"strict equifinality"
0.98105460874707,0.998814267459391,1991,2000,4849,100000,2000,"finite Zipf reference",63,2063,"strict equifinality"
0.974243465153507,0.998248897439442,2583,2592,4849,100000,3000,"finite Zipf reference",63,2063,"strict equifinality"
0.985875575507635,0.999032959156391,291,300,4588,100000,300,"Zipf Markov control",63,2063,"strict equifinality"
0.979976277707758,0.999282773288027,491,500,4588,100000,500,"Zipf Markov control",63,2063,"strict equifinality"
0.966611253357655,0.999276553786108,991,1000,4588,100000,1000,"Zipf Markov control",63,2063,"strict equifinality"
0.952277836034656,0.998589841106271,1991,2000,4588,100000,2000,"Zipf Markov control",63,2063,"strict equifinality"
0.957801683478547,0.998230113439354,2630,2639,4588,100000,3000,"Zipf Markov control",63,2063,"strict equifinality"
0.991956098323802,0.997785728213406,291,300,4730,100000,300,"latent mixture",63,2063,"strict equifinality"
0.973868076374659,0.998194856017873,491,500,4730,100000,500,"latent mixture",63,2063,"strict equifinality"
0.988112226995109,0.998759673571826,991,1000,4730,100000,1000,"latent mixture",63,2063,"strict equifinality"
1.00706564486978,0.997963646828592,1991,2000,4730,100000,2000,"latent mixture",63,2063,"strict equifinality"
1.00717160121381,0.998089241630538,2176,2185,4730,100000,3000,"latent mixture",63,2063,"strict equifinality"
0.993621448550901,0.999215848407679,291,300,5016,100000,300,"sample-space reduction",63,2063,"strict equifinality"
0.988545813692042,0.999435780320314,491,500,5016,100000,500,"sample-space reduction",63,2063,"strict equifinality"
0.98558034117237,0.999462773694389,991,1000,5016,100000,1000,"sample-space reduction",63,2063,"strict equifinality"
0.984380736495772,0.998964824984527,1991,2000,5016,100000,2000,"sample-space reduction",63,2063,"strict equifinality"
0.977538708155879,0.998258853711009,2589,2598,5016,100000,3000,"sample-space reduction",63,2063,"strict equifinality"
0.990076308925684,0.999371370902955,291,300,4863,100000,300,"finite Zipf reference",64,2064,"strict equifinality"
0.992605372817368,0.999533409258562,491,500,4863,100000,500,"finite Zipf reference",64,2064,"strict equifinality"
0.985936200503891,0.999486133763044,991,1000,4863,100000,1000,"finite Zipf reference",64,2064,"strict equifinality"
0.985638361200312,0.998948483992791,1991,2000,4863,100000,2000,"finite Zipf reference",64,2064,"strict equifinality"
0.979048162998898,0.998327129318237,2566,2575,4863,100000,3000,"finite Zipf reference",64,2064,"strict equifinality"
0.979964432553291,0.999187708766993,291,300,4583,100000,300,"Zipf Markov control",64,2064,"strict equifinality"
0.975793037518198,0.999429176335439,491,500,4583,100000,500,"Zipf Markov control",64,2064,"strict equifinality"
0.971592524719292,0.999409809085345,991,1000,4583,100000,1000,"Zipf Markov control",64,2064,"strict equifinality"
0.962843169201699,0.998650064042838,1991,2000,4583,100000,2000,"Zipf Markov control",64,2064,"strict equifinality"
0.969494250916555,0.998230109922905,2548,2557,4583,100000,3000,"Zipf Markov control",64,2064,"strict equifinality"
1.07079121440816,0.999020229736654,291,300,4624,100000,300,"latent mixture",64,2064,"strict equifinality"
1.04938112913641,0.998922237652774,491,500,4624,100000,500,"latent mixture",64,2064,"strict equifinality"
1.0305182767515,0.998932755088207,991,1000,4624,100000,1000,"latent mixture",64,2064,"strict equifinality"
1.03518374187323,0.99837581160807,1991,2000,4624,100000,2000,"latent mixture",64,2064,"strict equifinality"
1.03341441325775,0.998387144281367,2086,2095,4624,100000,3000,"latent mixture",64,2064,"strict equifinality"
0.988869291547127,0.99873234327503,291,300,5008,100000,300,"sample-space reduction",64,2064,"strict equifinality"
0.989632711353505,0.999159106855551,491,500,5008,100000,500,"sample-space reduction",64,2064,"strict equifinality"
0.987172102230523,0.999352379708929,991,1000,5008,100000,1000,"sample-space reduction",64,2064,"strict equifinality"
0.980225020245462,0.998844533414509,1991,2000,5008,100000,2000,"sample-space reduction",64,2064,"strict equifinality"
0.973735356801716,0.998161936998951,2613,2622,5008,100000,3000,"sample-space reduction",64,2064,"strict equifinality"
1.00454802738396,0.999369527242961,291,300,4844,100000,300,"finite Zipf reference",65,2065,"strict equifinality"
0.999507849540837,0.999497197764239,491,500,4844,100000,500,"finite Zipf reference",65,2065,"strict equifinality"
0.983676091826102,0.999275411878211,991,1000,4844,100000,1000,"finite Zipf reference",65,2065,"strict equifinality"
0.976578578709129,0.99872600407536,1991,2000,4844,100000,2000,"finite Zipf reference",65,2065,"strict equifinality"
0.970376689157048,0.998219623011356,2592,2601,4844,100000,3000,"finite Zipf reference",65,2065,"strict equifinality"
0.989236390088403,0.999042427544939,291,300,4611,100000,300,"Zipf Markov control",65,2065,"strict equifinality"
0.979339584605697,0.999274197071121,491,500,4611,100000,500,"Zipf Markov control",65,2065,"strict equifinality"
0.970813210880634,0.999348159433415,991,1000,4611,100000,1000,"Zipf Markov control",65,2065,"strict equifinality"
0.96015656442493,0.998682948210189,1991,2000,4611,100000,2000,"Zipf Markov control",65,2065,"strict equifinality"
0.96501742972832,0.998305547380296,2584,2593,4611,100000,3000,"Zipf Markov control",65,2065,"strict equifinality"
1.03796432480159,0.997053167313841,291,300,4733,100000,300,"latent mixture",65,2065,"strict equifinality"
0.997886825234697,0.996525279982418,491,500,4733,100000,500,"latent mixture",65,2065,"strict equifinality"
0.964058458222571,0.99705156430703,991,1000,4733,100000,1000,"latent mixture",65,2065,"strict equifinality"
0.968621523374084,0.997379999660944,1991,2000,4733,100000,2000,"latent mixture",65,2065,"strict equifinality"
0.966833904740788,0.997499908747713,2277,2286,4733,100000,3000,"latent mixture",65,2065,"strict equifinality"
0.996290926315452,0.999298580973073,291,300,5006,100000,300,"sample-space reduction",65,2065,"strict equifinality"
0.993435159887599,0.999510346230196,491,500,5006,100000,500,"sample-space reduction",65,2065,"strict equifinality"
0.989449577212497,0.999483451698038,991,1000,5006,100000,1000,"sample-space reduction",65,2065,"strict equifinality"
0.979563597367488,0.998871336538873,1991,2000,5006,100000,2000,"sample-space reduction",65,2065,"strict equifinality"
0.97126166140116,0.998057953605848,2639,2648,5006,100000,3000,"sample-space reduction",65,2065,"strict equifinality"
0.991657530057383,0.999479340018957,291,300,4860,100000,300,"finite Zipf reference",66,2066,"strict equifinality"
0.997758766265298,0.999522927086774,491,500,4860,100000,500,"finite Zipf reference",66,2066,"strict equifinality"
0.990558530914301,0.999467538980469,991,1000,4860,100000,1000,"finite Zipf reference",66,2066,"strict equifinality"
0.983322368321958,0.998906824905136,1991,2000,4860,100000,2000,"finite Zipf reference",66,2066,"strict equifinality"
0.975715838032019,0.998205325316973,2612,2621,4860,100000,3000,"finite Zipf reference",66,2066,"strict equifinality"
0.986927344341632,0.999093497064345,291,300,4603,100000,300,"Zipf Markov control",66,2066,"strict equifinality"
0.994153065061833,0.999335529216402,491,500,4603,100000,500,"Zipf Markov control",66,2066,"strict equifinality"
0.969058012285891,0.998937858311484,991,1000,4603,100000,1000,"Zipf Markov control",66,2066,"strict equifinality"
0.955180940378557,0.998437397804333,1991,2000,4603,100000,2000,"Zipf Markov control",66,2066,"strict equifinality"
0.957797937527687,0.998205630795828,2614,2623,4603,100000,3000,"Zipf Markov control",66,2066,"strict equifinality"
0.990696041870259,0.99742143556694,291,300,4741,100000,300,"latent mixture",66,2066,"strict equifinality"
0.96359725815509,0.997617236188095,491,500,4741,100000,500,"latent mixture",66,2066,"strict equifinality"
0.952814439564234,0.998404652941153,991,1000,4741,100000,1000,"latent mixture",66,2066,"strict equifinality"
0.970256946804859,0.998050937779415,1991,2000,4741,100000,2000,"latent mixture",66,2066,"strict equifinality"
0.976645449540648,0.997760521876246,2348,2357,4741,100000,3000,"latent mixture",66,2066,"strict equifinality"
0.993318089425649,0.999628578083408,291,300,5020,100000,300,"sample-space reduction",66,2066,"strict equifinality"
0.991393038578344,0.999628016068303,491,500,5020,100000,500,"sample-space reduction",66,2066,"strict equifinality"
0.984481518820713,0.999501640034011,991,1000,5020,100000,1000,"sample-space reduction",66,2066,"strict equifinality"
0.985742660863989,0.998977484432439,1991,2000,5020,100000,2000,"sample-space reduction",66,2066,"strict equifinality"
0.975687934910559,0.998033495135446,2632,2641,5020,100000,3000,"sample-space reduction",66,2066,"strict equifinality"
0.990211965731825,0.999473877420242,291,300,4846,100000,300,"finite Zipf reference",67,2067,"strict equifinality"
0.984330155167096,0.999607266896584,491,500,4846,100000,500,"finite Zipf reference",67,2067,"strict equifinality"
0.986446962876968,0.999507796692878,991,1000,4846,100000,1000,"finite Zipf reference",67,2067,"strict equifinality"
0.976933690033131,0.998796375475967,1991,2000,4846,100000,2000,"finite Zipf reference",67,2067,"strict equifinality"
0.970169583807717,0.998228110518896,2614,2623,4846,100000,3000,"finite Zipf reference",67,2067,"strict equifinality"
1.00478382246729,0.998821875676551,291,300,4607,100000,300,"Zipf Markov control",67,2067,"strict equifinality"
0.998162313801765,0.999105302567278,491,500,4607,100000,500,"Zipf Markov control",67,2067,"strict equifinality"
0.976931438382431,0.998625751163348,991,1000,4607,100000,1000,"Zipf Markov control",67,2067,"strict equifinality"
0.964842372391279,0.998311641814,1991,2000,4607,100000,2000,"Zipf Markov control",67,2067,"strict equifinality"
0.968191140683499,0.998075347347974,2539,2548,4607,100000,3000,"Zipf Markov control",67,2067,"strict equifinality"
0.961388092392178,0.998892522022242,291,300,4782,100000,300,"latent mixture",67,2067,"strict equifinality"
0.986404385368568,0.998598434022533,491,500,4782,100000,500,"latent mixture",67,2067,"strict equifinality"
1.00414999274257,0.998882503775856,991,1000,4782,100000,1000,"latent mixture",67,2067,"strict equifinality"
0.99988399819451,0.998347992286909,1991,2000,4782,100000,2000,"latent mixture",67,2067,"strict equifinality"
0.997984842014679,0.998171597442797,2367,2376,4782,100000,3000,"latent mixture",67,2067,"strict equifinality"
0.979580058704402,0.999163143652439,291,300,4990,100000,300,"sample-space reduction",67,2067,"strict equifinality"
0.994181183590588,0.999163513790214,491,500,4990,100000,500,"sample-space reduction",67,2067,"strict equifinality"
0.982742577102238,0.999211962410699,991,1000,4990,100000,1000,"sample-space reduction",67,2067,"strict equifinality"
0.973292934473223,0.998681349988027,1991,2000,4990,100000,2000,"sample-space reduction",67,2067,"strict equifinality"
0.968459977976753,0.998178008771772,2611,2620,4990,100000,3000,"sample-space reduction",67,2067,"strict equifinality"
0.999346249878884,0.999073858095661,291,300,4866,100000,300,"finite Zipf reference",68,2068,"strict equifinality"
0.99780372568368,0.999341908328915,491,500,4866,100000,500,"finite Zipf reference",68,2068,"strict equifinality"
0.984478046031782,0.999273519608895,991,1000,4866,100000,1000,"finite Zipf reference",68,2068,"strict equifinality"
0.982311953603875,0.998847198946511,1991,2000,4866,100000,2000,"finite Zipf reference",68,2068,"strict equifinality"
0.97668138412254,0.998274288628756,2574,2583,4866,100000,3000,"finite Zipf reference",68,2068,"strict equifinality"
0.990240254755633,0.998863891213072,291,300,4610,100000,300,"Zipf Markov control",68,2068,"strict equifinality"
1.00227870335691,0.999146065287824,491,500,4610,100000,500,"Zipf Markov control",68,2068,"strict equifinality"
0.982472762939925,0.998996276430396,991,1000,4610,100000,1000,"Zipf Markov control",68,2068,"strict equifinality"
0.961062417352706,0.998203998441358,1991,2000,4610,100000,2000,"Zipf Markov control",68,2068,"strict equifinality"
0.962696356545074,0.99803190943009,2592,2601,4610,100000,3000,"Zipf Markov control",68,2068,"strict equifinality"
0.965573677273032,0.998784689810096,291,300,4720,100000,300,"latent mixture",68,2068,"strict equifinality"
0.989811666699632,0.99861807246528,491,500,4720,100000,500,"latent mixture",68,2068,"strict equifinality"
1.0099851012549,0.998756057496385,991,1000,4720,100000,1000,"latent mixture",68,2068,"strict equifinality"
1.01648478381881,0.998341393464854,1991,2000,4720,100000,2000,"latent mixture",68,2068,"strict equifinality"
1.01106797076076,0.998148240682199,2180,2189,4720,100000,3000,"latent mixture",68,2068,"strict equifinality"
0.991459325922601,0.998935445321643,291,300,5014,100000,300,"sample-space reduction",68,2068,"strict equifinality"
0.989353017720638,0.99927686925932,491,500,5014,100000,500,"sample-space reduction",68,2068,"strict equifinality"
0.986197194572347,0.99936012038618,991,1000,5014,100000,1000,"sample-space reduction",68,2068,"strict equifinality"
0.980616757327538,0.998824611114456,1991,2000,5014,100000,2000,"sample-space reduction",68,2068,"strict equifinality"
0.972588550189292,0.998086668890928,2622,2631,5014,100000,3000,"sample-space reduction",68,2068,"strict equifinality"
0.999668634520647,0.999175938067525,291,300,4845,100000,300,"finite Zipf reference",69,2069,"strict equifinality"
0.985791676717959,0.999202807249829,491,500,4845,100000,500,"finite Zipf reference",69,2069,"strict equifinality"
0.983689861660958,0.999384850690892,991,1000,4845,100000,1000,"finite Zipf reference",69,2069,"strict equifinality"
0.977868169668598,0.998842262489799,1991,2000,4845,100000,2000,"finite Zipf reference",69,2069,"strict equifinality"
0.971890219944538,0.998274069853686,2623,2632,4845,100000,3000,"finite Zipf reference",69,2069,"strict equifinality"
1.00246484791259,0.998984659748032,291,300,4588,100000,300,"Zipf Markov control",69,2069,"strict equifinality"
0.984260791052427,0.998999515534549,491,500,4588,100000,500,"Zipf Markov control",69,2069,"strict equifinality"
0.96978935523496,0.999122776171188,991,1000,4588,100000,1000,"Zipf Markov control",69,2069,"strict equifinality"
0.965947007031403,0.998629051044156,1991,2000,4588,100000,2000,"Zipf Markov control",69,2069,"strict equifinality"
0.972245156028075,0.998223322793226,2528,2537,4588,100000,3000,"Zipf Markov control",69,2069,"strict equifinality"
1.02931786039324,0.999064832818488,291,300,4780,100000,300,"latent mixture",69,2069,"strict equifinality"
1.01220375540202,0.99906121050854,491,500,4780,100000,500,"latent mixture",69,2069,"strict equifinality"
0.995395622558747,0.999008370104223,991,1000,4780,100000,1000,"latent mixture",69,2069,"strict equifinality"
0.973987003822449,0.99826813010989,1991,2000,4780,100000,2000,"latent mixture",69,2069,"strict equifinality"
0.971356581407352,0.997988269305943,2418,2427,4780,100000,3000,"latent mixture",69,2069,"strict equifinality"
0.990621775681994,0.999218305096394,291,300,5013,100000,300,"sample-space reduction",69,2069,"strict equifinality"
0.987292420828689,0.999507032448065,491,500,5013,100000,500,"sample-space reduction",69,2069,"strict equifinality"
0.985793605218252,0.999472143193263,991,1000,5013,100000,1000,"sample-space reduction",69,2069,"strict equifinality"
0.97762139531332,0.998878583097277,1991,2000,5013,100000,2000,"sample-space reduction",69,2069,"strict equifinality"
0.968609807423157,0.998152656797408,2636,2645,5013,100000,3000,"sample-space reduction",69,2069,"strict equifinality"
0.992145885775007,0.999079767254981,291,300,4874,100000,300,"finite Zipf reference",70,2070,"strict equifinality"
0.99053326877585,0.999412780711402,491,500,4874,100000,500,"finite Zipf reference",70,2070,"strict equifinality"
0.982784078297706,0.999429655246693,991,1000,4874,100000,1000,"finite Zipf reference",70,2070,"strict equifinality"
0.979569989038095,0.998894872030785,1991,2000,4874,100000,2000,"finite Zipf reference",70,2070,"strict equifinality"
0.97208536855227,0.9982869781143,2594,2603,4874,100000,3000,"finite Zipf reference",70,2070,"strict equifinality"
1.00707034898452,0.999099497498574,291,300,4589,100000,300,"Zipf Markov control",70,2070,"strict equifinality"
0.973158697838428,0.997966993322501,491,500,4589,100000,500,"Zipf Markov control",70,2070,"strict equifinality"
0.957067506709074,0.998598832992627,991,1000,4589,100000,1000,"Zipf Markov control",70,2070,"strict equifinality"
0.952233584691818,0.99836117943326,1991,2000,4589,100000,2000,"Zipf Markov control",70,2070,"strict equifinality"
0.960373530709277,0.997915884708414,2611,2620,4589,100000,3000,"Zipf Markov control",70,2070,"strict equifinality"
0.969916389248599,0.999327024219585,291,300,4792,100000,300,"latent mixture",70,2070,"strict equifinality"
0.975388297215262,0.999493516471506,491,500,4792,100000,500,"latent mixture",70,2070,"strict equifinality"
0.969102830391298,0.999416304259109,991,1000,4792,100000,1000,"latent mixture",70,2070,"strict equifinality"
0.972153033033224,0.998889591437191,1991,2000,4792,100000,2000,"latent mixture",70,2070,"strict equifinality"
0.972202020575577,0.998426766381289,2475,2484,4792,100000,3000,"latent mixture",70,2070,"strict equifinality"
1.00217824253169,0.999433319312,291,300,5018,100000,300,"sample-space reduction",70,2070,"strict equifinality"
0.993389068273766,0.999466816019505,491,500,5018,100000,500,"sample-space reduction",70,2070,"strict equifinality"
0.990046386893652,0.99946345954097,991,1000,5018,100000,1000,"sample-space reduction",70,2070,"strict equifinality"
0.982785335537627,0.998858403309481,1991,2000,5018,100000,2000,"sample-space reduction",70,2070,"strict equifinality"
0.972310271148835,0.997968245939211,2632,2641,5018,100000,3000,"sample-space reduction",70,2070,"strict equifinality"
0.991134608424798,0.999460529389093,291,300,4835,100000,300,"finite Zipf reference",71,2071,"strict equifinality"
0.986909550782909,0.999607707980618,491,500,4835,100000,500,"finite Zipf reference",71,2071,"strict equifinality"
0.987023869316727,0.999516931224818,991,1000,4835,100000,1000,"finite Zipf reference",71,2071,"strict equifinality"
0.977703529846886,0.998846456295468,1991,2000,4835,100000,2000,"finite Zipf reference",71,2071,"strict equifinality"
0.973499979893948,0.998354386865375,2591,2600,4835,100000,3000,"finite Zipf reference",71,2071,"strict equifinality"
0.994211951218502,0.999186006096195,291,300,4583,100000,300,"Zipf Markov control",71,2071,"strict equifinality"
0.983655431606847,0.999321103661068,491,500,4583,100000,500,"Zipf Markov control",71,2071,"strict equifinality"
0.962730132255735,0.998928642984393,991,1000,4583,100000,1000,"Zipf Markov control",71,2071,"strict equifinality"
0.958144050979164,0.998574030046047,1991,2000,4583,100000,2000,"Zipf Markov control",71,2071,"strict equifinality"
0.963349990245198,0.998234869046381,2585,2594,4583,100000,3000,"Zipf Markov control",71,2071,"strict equifinality"
0.981377007450408,0.999083434874935,291,300,4625,100000,300,"latent mixture",71,2071,"strict equifinality"
0.98716443331078,0.999392392942831,491,500,4625,100000,500,"latent mixture",71,2071,"strict equifinality"
1.00000434809637,0.999251636319485,991,1000,4625,100000,1000,"latent mixture",71,2071,"strict equifinality"
1.03540355660885,0.997632728077142,1991,2000,4625,100000,2000,"latent mixture",71,2071,"strict equifinality"
1.0340603817378,0.997708846611757,2090,2099,4625,100000,3000,"latent mixture",71,2071,"strict equifinality"
0.997958025389819,0.999341684965739,291,300,5015,100000,300,"sample-space reduction",71,2071,"strict equifinality"
0.988868007112035,0.99940034221451,491,500,5015,100000,500,"sample-space reduction",71,2071,"strict equifinality"
0.983731417130606,0.999421745848743,991,1000,5015,100000,1000,"sample-space reduction",71,2071,"strict equifinality"
0.97991008190943,0.998901082930736,1991,2000,5015,100000,2000,"sample-space reduction",71,2071,"strict equifinality"
0.973675918331872,0.998184335610339,2615,2624,5015,100000,3000,"sample-space reduction",71,2071,"strict equifinality"
0.988034235544244,0.999199586703085,291,300,4854,100000,300,"finite Zipf reference",72,2072,"strict equifinality"
0.98626254995569,0.999408804793407,491,500,4854,100000,500,"finite Zipf reference",72,2072,"strict equifinality"
0.987352111988319,0.999281565279147,991,1000,4854,100000,1000,"finite Zipf reference",72,2072,"strict equifinality"
0.981713319737717,0.998742289997702,1991,2000,4854,100000,2000,"finite Zipf reference",72,2072,"strict equifinality"
0.972432880363281,0.998084709823277,2604,2613,4854,100000,3000,"finite Zipf reference",72,2072,"strict equifinality"
0.974884083884046,0.998968071836204,291,300,4601,100000,300,"Zipf Markov control",72,2072,"strict equifinality"
0.970627409795783,0.999243684189059,491,500,4601,100000,500,"Zipf Markov control",72,2072,"strict equifinality"
0.965084580606047,0.999326959810989,991,1000,4601,100000,1000,"Zipf Markov control",72,2072,"strict equifinality"
0.967925060542032,0.998810818134335,1991,2000,4601,100000,2000,"Zipf Markov control",72,2072,"strict equifinality"
0.97199498586358,0.998416955101692,2584,2593,4601,100000,3000,"Zipf Markov control",72,2072,"strict equifinality"
0.959585870860002,0.997163543287307,291,300,4740,100000,300,"latent mixture",72,2072,"strict equifinality"
0.954381875127241,0.998408790019661,491,500,4740,100000,500,"latent mixture",72,2072,"strict equifinality"
0.950919814189182,0.998801193374735,991,1000,4740,100000,1000,"latent mixture",72,2072,"strict equifinality"
0.980535636075993,0.997735180229171,1991,2000,4740,100000,2000,"latent mixture",72,2072,"strict equifinality"
0.988979556061414,0.997360701831913,2340,2349,4740,100000,3000,"latent mixture",72,2072,"strict equifinality"
1.0099103114542,0.9994117461442,291,300,4999,100000,300,"sample-space reduction",72,2072,"strict equifinality"
0.991819984231849,0.99918642706233,491,500,4999,100000,500,"sample-space reduction",72,2072,"strict equifinality"
0.977798269145342,0.999201760811653,991,1000,4999,100000,1000,"sample-space reduction",72,2072,"strict equifinality"
0.977776846510665,0.998789706609397,1991,2000,4999,100000,2000,"sample-space reduction",72,2072,"strict equifinality"
0.976360461674431,0.998307507951967,2558,2567,4999,100000,3000,"sample-space reduction",72,2072,"strict equifinality"
0.984897055281145,0.99945659537023,291,300,4860,100000,300,"finite Zipf reference",73,2073,"strict equifinality"
0.991918718505261,0.999264329538878,491,500,4860,100000,500,"finite Zipf reference",73,2073,"strict equifinality"
0.990601190219597,0.999233315329043,991,1000,4860,100000,1000,"finite Zipf reference",73,2073,"strict equifinality"
0.972257591845088,0.998430912968773,1991,2000,4860,100000,2000,"finite Zipf reference",73,2073,"strict equifinality"
0.968246232011503,0.998023508141936,2603,2612,4860,100000,3000,"finite Zipf reference",73,2073,"strict equifinality"
0.969950428084824,0.998878457953357,291,300,4596,100000,300,"Zipf Markov control",73,2073,"strict equifinality"
0.983200996137931,0.99915972812527,491,500,4596,100000,500,"Zipf Markov control",73,2073,"strict equifinality"
0.987439222044745,0.999142281232517,991,1000,4596,100000,1000,"Zipf Markov control",73,2073,"strict equifinality"
0.967205667239381,0.998318313724625,1991,2000,4596,100000,2000,"Zipf Markov control",73,2073,"strict equifinality"
0.967970288999126,0.998098723450974,2585,2594,4596,100000,3000,"Zipf Markov control",73,2073,"strict equifinality"
0.958363016775798,0.994090612052038,291,300,4760,100000,300,"latent mixture",73,2073,"strict equifinality"
0.918939459792705,0.994620056528904,491,500,4760,100000,500,"latent mixture",73,2073,"strict equifinality"
0.90084311237714,0.996900471448453,991,1000,4760,100000,1000,"latent mixture",73,2073,"strict equifinality"
0.926462764413118,0.997069606370421,1991,2000,4760,100000,2000,"latent mixture",73,2073,"strict equifinality"
0.93611425764233,0.996601758399183,2425,2434,4760,100000,3000,"latent mixture",73,2073,"strict equifinality"
0.99330582121579,0.999320300274789,291,300,5000,100000,300,"sample-space reduction",73,2073,"strict equifinality"
0.998657435114321,0.999428309415437,491,500,5000,100000,500,"sample-space reduction",73,2073,"strict equifinality"
0.984748366410003,0.999289119451092,991,1000,5000,100000,1000,"sample-space reduction",73,2073,"strict equifinality"
0.973347066231258,0.998711270408014,1991,2000,5000,100000,2000,"sample-space reduction",73,2073,"strict equifinality"
0.967381650574912,0.998200358525906,2620,2629,5000,100000,3000,"sample-space reduction",73,2073,"strict equifinality"
0.996000668449379,0.999081929353929,291,300,4856,100000,300,"finite Zipf reference",74,2074,"strict equifinality"
0.992255304746846,0.99937569810558,491,500,4856,100000,500,"finite Zipf reference",74,2074,"strict equifinality"
0.989827062427828,0.999424339443543,991,1000,4856,100000,1000,"finite Zipf reference",74,2074,"strict equifinality"
0.97977267474852,0.998785723564976,1991,2000,4856,100000,2000,"finite Zipf reference",74,2074,"strict equifinality"
0.972783054695065,0.998199777120319,2605,2614,4856,100000,3000,"finite Zipf reference",74,2074,"strict equifinality"
0.988738605032065,0.999238414166436,291,300,4584,100000,300,"Zipf Markov control",74,2074,"strict equifinality"
0.992231956348894,0.999490974234601,491,500,4584,100000,500,"Zipf Markov control",74,2074,"strict equifinality"
0.985561931357366,0.999380292239874,991,1000,4584,100000,1000,"Zipf Markov control",74,2074,"strict equifinality"
0.964339097961026,0.998373208290339,1991,2000,4584,100000,2000,"Zipf Markov control",74,2074,"strict equifinality"
0.968018687729589,0.998128581994948,2544,2553,4584,100000,3000,"Zipf Markov control",74,2074,"strict equifinality"
0.992815758459224,0.997914513608578,291,300,4815,100000,300,"latent mixture",74,2074,"strict equifinality"
0.973998182306697,0.998339215139642,491,500,4815,100000,500,"latent mixture",74,2074,"strict equifinality"
0.959443755354534,0.998756805107882,991,1000,4815,100000,1000,"latent mixture",74,2074,"strict equifinality"
0.955394297824088,0.998476487788561,1991,2000,4815,100000,2000,"latent mixture",74,2074,"strict equifinality"
0.957669588287093,0.998202153868153,2387,2396,4815,100000,3000,"latent mixture",74,2074,"strict equifinality"
0.999762185941511,0.999459537022093,291,300,5023,100000,300,"sample-space reduction",74,2074,"strict equifinality"
0.994567029671665,0.99956462643883,491,500,5023,100000,500,"sample-space reduction",74,2074,"strict equifinality"
0.985736989187902,0.999326728196767,991,1000,5023,100000,1000,"sample-space reduction",74,2074,"strict equifinality"
0.982683865039208,0.998784142652946,1991,2000,5023,100000,2000,"sample-space reduction",74,2074,"strict equifinality"
0.974081252057923,0.99806422175069,2600,2609,5023,100000,3000,"sample-space reduction",74,2074,"strict equifinality"
0.987978383372988,0.999245860613754,291,300,4845,100000,300,"finite Zipf reference",75,2075,"strict equifinality"
0.993521696106123,0.999486444631265,491,500,4845,100000,500,"finite Zipf reference",75,2075,"strict equifinality"
0.987817974240219,0.999448624430164,991,1000,4845,100000,1000,"finite Zipf reference",75,2075,"strict equifinality"
0.981189268507744,0.998903529415716,1991,2000,4845,100000,2000,"finite Zipf reference",75,2075,"strict equifinality"
0.973702316582448,0.998243497570871,2602,2611,4845,100000,3000,"finite Zipf reference",75,2075,"strict equifinality"
0.977990681230107,0.999204394912193,291,300,4600,100000,300,"Zipf Markov control",75,2075,"strict equifinality"
0.980529159483062,0.999449873510293,491,500,4600,100000,500,"Zipf Markov control",75,2075,"strict equifinality"
0.971082719465897,0.999395273802419,991,1000,4600,100000,1000,"Zipf Markov control",75,2075,"strict equifinality"
0.956218620928386,0.998599935017271,1991,2000,4600,100000,2000,"Zipf Markov control",75,2075,"strict equifinality"
0.962578002418195,0.998207134891308,2588,2597,4600,100000,3000,"Zipf Markov control",75,2075,"strict equifinality"
0.984514941978923,0.998375337731547,291,300,4767,100000,300,"latent mixture",75,2075,"strict equifinality"
0.983523107937546,0.999045835379491,491,500,4767,100000,500,"latent mixture",75,2075,"strict equifinality"
0.986856223683379,0.999228465065192,991,1000,4767,100000,1000,"latent mixture",75,2075,"strict equifinality"
0.98508186060565,0.998447841032845,1991,2000,4767,100000,2000,"latent mixture",75,2075,"strict equifinality"
0.980526378569073,0.998261854491147,2319,2328,4767,100000,3000,"latent mixture",75,2075,"strict equifinality"
0.994387403833376,0.999304617661234,291,300,5013,100000,300,"sample-space reduction",75,2075,"strict equifinality"
1.00065261291895,0.999490877191899,491,500,5013,100000,500,"sample-space reduction",75,2075,"strict equifinality"
0.989870033622244,0.999347426494252,991,1000,5013,100000,1000,"sample-space reduction",75,2075,"strict equifinality"
0.977999316212677,0.998745685172215,1991,2000,5013,100000,2000,"sample-space reduction",75,2075,"strict equifinality"
0.971286381576588,0.998182205794795,2596,2605,5013,100000,3000,"sample-space reduction",75,2075,"strict equifinality"
1.00936700875676,0.999458939269556,291,300,4844,100000,300,"finite Zipf reference",76,2076,"strict equifinality"
0.993159274617251,0.999329841540411,491,500,4844,100000,500,"finite Zipf reference",76,2076,"strict equifinality"
0.990054402113658,0.999414657593586,991,1000,4844,100000,1000,"finite Zipf reference",76,2076,"strict equifinality"
0.976657588505171,0.998734735888244,1991,2000,4844,100000,2000,"finite Zipf reference",76,2076,"strict equifinality"
0.968553963540585,0.998054906064368,2637,2646,4844,100000,3000,"finite Zipf reference",76,2076,"strict equifinality"
0.991552062629077,0.999056693328487,291,300,4592,100000,300,"Zipf Markov control",76,2076,"strict equifinality"
0.983253281009042,0.999242991648147,491,500,4592,100000,500,"Zipf Markov control",76,2076,"strict equifinality"
0.98038825172148,0.999398964221997,991,1000,4592,100000,1000,"Zipf Markov control",76,2076,"strict equifinality"
0.96772265417143,0.998682322763435,1991,2000,4592,100000,2000,"Zipf Markov control",76,2076,"strict equifinality"
0.968179626852707,0.99837814382906,2602,2611,4592,100000,3000,"Zipf Markov control",76,2076,"strict equifinality"
1.02687413935273,0.997892649643319,291,300,4819,100000,300,"latent mixture",76,2076,"strict equifinality"
0.997371941758767,0.997764118361861,491,500,4819,100000,500,"latent mixture",76,2076,"strict equifinality"
0.978422663604853,0.998418466624996,991,1000,4819,100000,1000,"latent mixture",76,2076,"strict equifinality"
0.964419963575138,0.998181713986241,1991,2000,4819,100000,2000,"latent mixture",76,2076,"strict equifinality"
0.962355408383399,0.99780374551423,2466,2475,4819,100000,3000,"latent mixture",76,2076,"strict equifinality"
1.00472583190454,0.998954375825289,291,300,5022,100000,300,"sample-space reduction",76,2076,"strict equifinality"
0.992611967851019,0.999185234984698,491,500,5022,100000,500,"sample-space reduction",76,2076,"strict equifinality"
0.980245946690864,0.999231335524976,991,1000,5022,100000,1000,"sample-space reduction",76,2076,"strict equifinality"
0.977328515917322,0.998829976104825,1991,2000,5022,100000,2000,"sample-space reduction",76,2076,"strict equifinality"
0.972219153122092,0.998160270016813,2606,2615,5022,100000,3000,"sample-space reduction",76,2076,"strict equifinality"
0.986125627505384,0.999293500283063,291,300,4842,100000,300,"finite Zipf reference",77,2077,"strict equifinality"
0.983571085133176,0.999527567624682,491,500,4842,100000,500,"finite Zipf reference",77,2077,"strict equifinality"
0.976968600085654,0.999457893649904,991,1000,4842,100000,1000,"finite Zipf reference",77,2077,"strict equifinality"
0.983037291403501,0.998921810329933,1991,2000,4842,100000,2000,"finite Zipf reference",77,2077,"strict equifinality"
0.977828765818577,0.998305251826813,2597,2606,4842,100000,3000,"finite Zipf reference",77,2077,"strict equifinality"
0.999882959532933,0.998839109407281,291,300,4612,100000,300,"Zipf Markov control",77,2077,"strict equifinality"
0.985312701786531,0.998863244180763,491,500,4612,100000,500,"Zipf Markov control",77,2077,"strict equifinality"
0.973422314016313,0.999091202347543,991,1000,4612,100000,1000,"Zipf Markov control",77,2077,"strict equifinality"
0.952503228923976,0.998243251721936,1991,2000,4612,100000,2000,"Zipf Markov control",77,2077,"strict equifinality"
0.955471024521956,0.998046653281242,2626,2635,4612,100000,3000,"Zipf Markov control",77,2077,"strict equifinality"
1.00282267232925,0.999067512597462,291,300,4703,100000,300,"latent mixture",77,2077,"strict equifinality"
1.00535064273797,0.999368234453836,491,500,4703,100000,500,"latent mixture",77,2077,"strict equifinality"
1.0069331609323,0.999298688654908,991,1000,4703,100000,1000,"latent mixture",77,2077,"strict equifinality"
0.992891307438762,0.998336598419218,1991,2000,4703,100000,2000,"latent mixture",77,2077,"strict equifinality"
0.990311323362679,0.998302666412858,2281,2290,4703,100000,3000,"latent mixture",77,2077,"strict equifinality"
0.979443045478421,0.999201847023095,291,300,5016,100000,300,"sample-space reduction",77,2077,"strict equifinality"
0.97949993577856,0.999502409484157,491,500,5016,100000,500,"sample-space reduction",77,2077,"strict equifinality"
0.983107657587751,0.999498203957112,991,1000,5016,100000,1000,"sample-space reduction",77,2077,"strict equifinality"
0.980202813895425,0.998930091094242,1991,2000,5016,100000,2000,"sample-space reduction",77,2077,"strict equifinality"
0.976155477776398,0.998292564865924,2598,2607,5016,100000,3000,"sample-space reduction",77,2077,"strict equifinality"
0.989289004698018,0.999317258546052,291,300,4854,100000,300,"finite Zipf reference",78,2078,"strict equifinality"
0.994522057366641,0.999504199361009,491,500,4854,100000,500,"finite Zipf reference",78,2078,"strict equifinality"
0.989685727769204,0.999469237892061,991,1000,4854,100000,1000,"finite Zipf reference",78,2078,"strict equifinality"
0.984735512933185,0.998943565182591,1991,2000,4854,100000,2000,"finite Zipf reference",78,2078,"strict equifinality"
0.978963170145806,0.99826485252103,2588,2597,4854,100000,3000,"finite Zipf reference",78,2078,"strict equifinality"
0.985498568817122,0.999431736824069,291,300,4586,100000,300,"Zipf Markov control",78,2078,"strict equifinality"
0.982630519411671,0.999497000384216,491,500,4586,100000,500,"Zipf Markov control",78,2078,"strict equifinality"
0.969360243676667,0.999223874574129,991,1000,4586,100000,1000,"Zipf Markov control",78,2078,"strict equifinality"
0.955992050469438,0.998558300400836,1991,2000,4586,100000,2000,"Zipf Markov control",78,2078,"strict equifinality"
0.963602013567141,0.998124151705368,2538,2547,4586,100000,3000,"Zipf Markov control",78,2078,"strict equifinality"
0.963271762158174,0.999184230250432,291,300,4680,100000,300,"latent mixture",78,2078,"strict equifinality"
0.965426452914197,0.99947465102049,491,500,4680,100000,500,"latent mixture",78,2078,"strict equifinality"
0.982734952254364,0.999201400539814,991,1000,4680,100000,1000,"latent mixture",78,2078,"strict equifinality"
1.00150129429207,0.99811669238639,1991,2000,4680,100000,2000,"latent mixture",78,2078,"strict equifinality"
1.00173220812366,0.998190192335755,2250,2259,4680,100000,3000,"latent mixture",78,2078,"strict equifinality"
0.997220364460221,0.999257813339392,291,300,5022,100000,300,"sample-space reduction",78,2078,"strict equifinality"
0.994971809952862,0.999463118594726,491,500,5022,100000,500,"sample-space reduction",78,2078,"strict equifinality"
0.993200154675925,0.999463195815741,991,1000,5022,100000,1000,"sample-space reduction",78,2078,"strict equifinality"
0.983126137382797,0.998859238490014,1991,2000,5022,100000,2000,"sample-space reduction",78,2078,"strict equifinality"
0.972391198156468,0.99795247161128,2634,2643,5022,100000,3000,"sample-space reduction",78,2078,"strict equifinality"
0.995870625850331,0.999264846827629,291,300,4839,100000,300,"finite Zipf reference",79,2079,"strict equifinality"
0.991933469659423,0.99943672439821,491,500,4839,100000,500,"finite Zipf reference",79,2079,"strict equifinality"
0.983612148803573,0.999317958840119,991,1000,4839,100000,1000,"finite Zipf reference",79,2079,"strict equifinality"
0.977175589450787,0.998795660347636,1991,2000,4839,100000,2000,"finite Zipf reference",79,2079,"strict equifinality"
0.969142108450394,0.99816773401301,2612,2621,4839,100000,3000,"finite Zipf reference",79,2079,"strict equifinality"
0.99445318728963,0.999135960046198,291,300,4601,100000,300,"Zipf Markov control",79,2079,"strict equifinality"
0.988274762901871,0.999387915625352,491,500,4601,100000,500,"Zipf Markov control",79,2079,"strict equifinality"
0.96380383938621,0.998831048062301,991,1000,4601,100000,1000,"Zipf Markov control",79,2079,"strict equifinality"
0.945975326178603,0.998170137568827,1991,2000,4601,100000,2000,"Zipf Markov control",79,2079,"strict equifinality"
0.954943036721877,0.997781020034387,2587,2596,4601,100000,3000,"Zipf Markov control",79,2079,"strict equifinality"
0.981028159196083,0.997987134335467,291,300,4802,100000,300,"latent mixture",79,2079,"strict equifinality"
0.958914871821518,0.998044675182234,491,500,4802,100000,500,"latent mixture",79,2079,"strict equifinality"
0.937520035472548,0.998407110873693,991,1000,4802,100000,1000,"latent mixture",79,2079,"strict equifinality"
0.94634056003499,0.99822267715394,1991,2000,4802,100000,2000,"latent mixture",79,2079,"strict equifinality"
0.954046527506904,0.997790936014675,2601,2610,4802,100000,3000,"latent mixture",79,2079,"strict equifinality"
0.995327747149218,0.999087894477606,291,300,5001,100000,300,"sample-space reduction",79,2079,"strict equifinality"
1.00241171445227,0.999101408410673,491,500,5001,100000,500,"sample-space reduction",79,2079,"strict equifinality"
0.992566365955694,0.999234874848742,991,1000,5001,100000,1000,"sample-space reduction",79,2079,"strict equifinality"
0.978935891419115,0.998635802708094,1991,2000,5001,100000,2000,"sample-space reduction",79,2079,"strict equifinality"
0.971215541527046,0.998045161811536,2590,2599,5001,100000,3000,"sample-space reduction",79,2079,"strict equifinality"
0.994227564208408,0.999415363404825,291,300,4859,100000,300,"finite Zipf reference",80,2080,"strict equifinality"
1.00185902648107,0.99942877082863,491,500,4859,100000,500,"finite Zipf reference",80,2080,"strict equifinality"
0.982089013690711,0.999169844423877,991,1000,4859,100000,1000,"finite Zipf reference",80,2080,"strict equifinality"
0.981681385366845,0.998795893614045,1991,2000,4859,100000,2000,"finite Zipf reference",80,2080,"strict equifinality"
0.974953890157914,0.998163842168955,2603,2612,4859,100000,3000,"finite Zipf reference",80,2080,"strict equifinality"
0.985822701138466,0.998639548054207,291,300,4619,100000,300,"Zipf Markov control",80,2080,"strict equifinality"
0.982278166641061,0.999162649327385,491,500,4619,100000,500,"Zipf Markov control",80,2080,"strict equifinality"
0.965644300552005,0.998962537833597,991,1000,4619,100000,1000,"Zipf Markov control",80,2080,"strict equifinality"
0.962335905635721,0.99859842517763,1991,2000,4619,100000,2000,"Zipf Markov control",80,2080,"strict equifinality"
0.966831381020864,0.998277686778764,2561,2570,4619,100000,3000,"Zipf Markov control",80,2080,"strict equifinality"
0.954134531474568,0.99432230606597,291,300,4841,100000,300,"latent mixture",80,2080,"strict equifinality"
0.915936128609182,0.994899549294635,491,500,4841,100000,500,"latent mixture",80,2080,"strict equifinality"
0.892419237903684,0.996816937060454,991,1000,4841,100000,1000,"latent mixture",80,2080,"strict equifinality"
0.904442187931436,0.997172671713117,1991,2000,4841,100000,2000,"latent mixture",80,2080,"strict equifinality"
0.917768651678547,0.996678877915199,2643,2652,4841,100000,3000,"latent mixture",80,2080,"strict equifinality"
0.993555394894721,0.999309275479659,291,300,5015,100000,300,"sample-space reduction",80,2080,"strict equifinality"
0.994214344420991,0.999466856669286,491,500,5015,100000,500,"sample-space reduction",80,2080,"strict equifinality"
0.980152759630746,0.999350640584796,991,1000,5015,100000,1000,"sample-space reduction",80,2080,"strict equifinality"
0.978015953021552,0.99886201426268,1991,2000,5015,100000,2000,"sample-space reduction",80,2080,"strict equifinality"
0.969724904341121,0.998174178335791,2627,2636,5015,100000,3000,"sample-space reduction",80,2080,"strict equifinality"
1.00303829418014,0.999342506821542,291,300,4857,100000,300,"finite Zipf reference",81,2081,"strict equifinality"
0.995959859411321,0.999425472777008,491,500,4857,100000,500,"finite Zipf reference",81,2081,"strict equifinality"
0.989073761188548,0.999442432950032,991,1000,4857,100000,1000,"finite Zipf reference",81,2081,"strict equifinality"
0.981696613612572,0.998894612016336,1991,2000,4857,100000,2000,"finite Zipf reference",81,2081,"strict equifinality"
0.976434440616501,0.998337193576357,2558,2567,4857,100000,3000,"finite Zipf reference",81,2081,"strict equifinality"
0.995985894493092,0.998473370744028,291,300,4594,100000,300,"Zipf Markov control",81,2081,"strict equifinality"
0.985427600360362,0.998906798414968,491,500,4594,100000,500,"Zipf Markov control",81,2081,"strict equifinality"
0.968761720417253,0.999020039758538,991,1000,4594,100000,1000,"Zipf Markov control",81,2081,"strict equifinality"
0.956441403536457,0.998485609854665,1991,2000,4594,100000,2000,"Zipf Markov control",81,2081,"strict equifinality"
0.963026140414367,0.998110261419447,2568,2577,4594,100000,3000,"Zipf Markov control",81,2081,"strict equifinality"
0.988087510701738,0.998564736140388,291,300,4695,100000,300,"latent mixture",81,2081,"strict equifinality"
0.99510056115039,0.999106480601038,491,500,4695,100000,500,"latent mixture",81,2081,"strict equifinality"
1.01039566228089,0.99907341311916,991,1000,4695,100000,1000,"latent mixture",81,2081,"strict equifinality"
1.00146991612726,0.998332214244335,1991,2000,4695,100000,2000,"latent mixture",81,2081,"strict equifinality"
0.993212663985086,0.99776612923811,2185,2194,4695,100000,3000,"latent mixture",81,2081,"strict equifinality"
0.990767165208221,0.99949069731261,291,300,5020,100000,300,"sample-space reduction",81,2081,"strict equifinality"
1.00196452918218,0.999460423824957,491,500,5020,100000,500,"sample-space reduction",81,2081,"strict equifinality"
0.997247608496912,0.99944171139639,991,1000,5020,100000,1000,"sample-space reduction",81,2081,"strict equifinality"
0.976387866082607,0.998494091340626,1991,2000,5020,100000,2000,"sample-space reduction",81,2081,"strict equifinality"
0.969774587153919,0.998024187551465,2585,2594,5020,100000,3000,"sample-space reduction",81,2081,"strict equifinality"
0.99495200113973,0.999377963245669,291,300,4861,100000,300,"finite Zipf reference",82,2082,"strict equifinality"
0.998159672897132,0.999532046870015,491,500,4861,100000,500,"finite Zipf reference",82,2082,"strict equifinality"
0.984638837392776,0.999272742097076,991,1000,4861,100000,1000,"finite Zipf reference",82,2082,"strict equifinality"
0.975662172281793,0.998740441589454,1991,2000,4861,100000,2000,"finite Zipf reference",82,2082,"strict equifinality"
0.967518543676783,0.99813321218792,2628,2637,4861,100000,3000,"finite Zipf reference",82,2082,"strict equifinality"
0.975801687661266,0.998995886802188,291,300,4603,100000,300,"Zipf Markov control",82,2082,"strict equifinality"
0.984421561870131,0.999254345922601,491,500,4603,100000,500,"Zipf Markov control",82,2082,"strict equifinality"
0.978721805683267,0.999225185608896,991,1000,4603,100000,1000,"Zipf Markov control",82,2082,"strict equifinality"
0.9671655266968,0.998601059204351,1991,2000,4603,100000,2000,"Zipf Markov control",82,2082,"strict equifinality"
0.968177151094672,0.998318184135214,2598,2607,4603,100000,3000,"Zipf Markov control",82,2082,"strict equifinality"
1.06183318392628,0.999271028861105,291,300,4725,100000,300,"latent mixture",82,2082,"strict equifinality"
1.0361309097901,0.998598578016845,491,500,4725,100000,500,"latent mixture",82,2082,"strict equifinality"
0.984578824908216,0.996692645832283,991,1000,4725,100000,1000,"latent mixture",82,2082,"strict equifinality"
0.962679829201301,0.996625881247916,1991,2000,4725,100000,2000,"latent mixture",82,2082,"strict equifinality"
0.960763706196784,0.996841874173076,2278,2287,4725,100000,3000,"latent mixture",82,2082,"strict equifinality"
0.989291469748758,0.999625619312031,291,300,5004,100000,300,"sample-space reduction",82,2082,"strict equifinality"
0.994814024979841,0.999654102442342,491,500,5004,100000,500,"sample-space reduction",82,2082,"strict equifinality"
0.983267645248943,0.999175636605983,991,1000,5004,100000,1000,"sample-space reduction",82,2082,"strict equifinality"
0.978704883681531,0.998735744344175,1991,2000,5004,100000,2000,"sample-space reduction",82,2082,"strict equifinality"
0.972634978575938,0.998181791160669,2598,2607,5004,100000,3000,"sample-space reduction",82,2082,"strict equifinality"
1.00486523682345,0.999375813639959,291,300,4839,100000,300,"finite Zipf reference",83,2083,"strict equifinality"
0.993410678490642,0.999427085310941,491,500,4839,100000,500,"finite Zipf reference",83,2083,"strict equifinality"
0.979110149747536,0.999290028811504,991,1000,4839,100000,1000,"finite Zipf reference",83,2083,"strict equifinality"
0.980737262796134,0.998841023430798,1991,2000,4839,100000,2000,"finite Zipf reference",83,2083,"strict equifinality"
0.97584984280723,0.998323380348374,2575,2584,4839,100000,3000,"finite Zipf reference",83,2083,"strict equifinality"
0.99960937985151,0.999138084888774,291,300,4600,100000,300,"Zipf Markov control",83,2083,"strict equifinality"
0.993602094473834,0.999439645679617,491,500,4600,100000,500,"Zipf Markov control",83,2083,"strict equifinality"
0.96964153216241,0.998881108675901,991,1000,4600,100000,1000,"Zipf Markov control",83,2083,"strict equifinality"
0.960472775612673,0.998446525672352,1991,2000,4600,100000,2000,"Zipf Markov control",83,2083,"strict equifinality"
0.965835208052565,0.998121347796418,2556,2565,4600,100000,3000,"Zipf Markov control",83,2083,"strict equifinality"
1.0705713533421,0.998999080934451,291,300,4754,100000,300,"latent mixture",83,2083,"strict equifinality"
1.05022354456198,0.998893002450894,491,500,4754,100000,500,"latent mixture",83,2083,"strict equifinality"
1.00875665438783,0.997831478658165,991,1000,4754,100000,1000,"latent mixture",83,2083,"strict equifinality"
0.9736701493908,0.996593951022107,1991,2000,4754,100000,2000,"latent mixture",83,2083,"strict equifinality"
0.965685104046723,0.99635735242241,2252,2261,4754,100000,3000,"latent mixture",83,2083,"strict equifinality"
1.00197683090433,0.999274462246607,291,300,4997,100000,300,"sample-space reduction",83,2083,"strict equifinality"
1.0004201326472,0.999443109788376,491,500,4997,100000,500,"sample-space reduction",83,2083,"strict equifinality"
0.991711394046016,0.999274357334343,991,1000,4997,100000,1000,"sample-space reduction",83,2083,"strict equifinality"
0.981570440520901,0.998775645779329,1991,2000,4997,100000,2000,"sample-space reduction",83,2083,"strict equifinality"
0.976360849668011,0.998132554343983,2578,2587,4997,100000,3000,"sample-space reduction",83,2083,"strict equifinality"
1.0026355081953,0.999175990915961,291,300,4857,100000,300,"finite Zipf reference",84,2084,"strict equifinality"
0.983326822710002,0.999032286453343,491,500,4857,100000,500,"finite Zipf reference",84,2084,"strict equifinality"
0.978648107639412,0.999253709013525,991,1000,4857,100000,1000,"finite Zipf reference",84,2084,"strict equifinality"
0.973381451931398,0.998782731544289,1991,2000,4857,100000,2000,"finite Zipf reference",84,2084,"strict equifinality"
0.96731430852677,0.998242196219297,2627,2636,4857,100000,3000,"finite Zipf reference",84,2084,"strict equifinality"
0.979666181698505,0.99919261965754,291,300,4634,100000,300,"Zipf Markov control",84,2084,"strict equifinality"
0.974509177020719,0.999433874697519,491,500,4634,100000,500,"Zipf Markov control",84,2084,"strict equifinality"
0.974257180572801,0.99934831773462,991,1000,4634,100000,1000,"Zipf Markov control",84,2084,"strict equifinality"
0.958219905511912,0.998459572230971,1991,2000,4634,100000,2000,"Zipf Markov control",84,2084,"strict equifinality"
0.963392581678171,0.998153683720474,2598,2607,4634,100000,3000,"Zipf Markov control",84,2084,"strict equifinality"
0.996831265924694,0.997858468981529,291,300,4742,100000,300,"latent mixture",84,2084,"strict equifinality"
1.03030879047807,0.997731905677003,491,500,4742,100000,500,"latent mixture",84,2084,"strict equifinality"
1.05345154254613,0.998394428284078,991,1000,4742,100000,1000,"latent mixture",84,2084,"strict equifinality"
1.0423797504113,0.998029655038733,1991,2000,4742,100000,2000,"latent mixture",84,2084,"strict equifinality"
1.03410541571822,0.997676163477304,2274,2283,4742,100000,3000,"latent mixture",84,2084,"strict equifinality"
0.988503108728706,0.999340518285651,291,300,5019,100000,300,"sample-space reduction",84,2084,"strict equifinality"
0.989255995397578,0.999547419672295,491,500,5019,100000,500,"sample-space reduction",84,2084,"strict equifinality"
0.9856159837983,0.999510451550773,991,1000,5019,100000,1000,"sample-space reduction",84,2084,"strict equifinality"
0.985533320448494,0.998966040056856,1991,2000,5019,100000,2000,"sample-space reduction",84,2084,"strict equifinality"
0.975118239310977,0.99814495964865,2607,2616,5019,100000,3000,"sample-space reduction",84,2084,"strict equifinality"
0.996395921334428,0.999307972807196,291,300,4866,100000,300,"finite Zipf reference",85,2085,"strict equifinality"
0.990745502615767,0.999489318939503,491,500,4866,100000,500,"finite Zipf reference",85,2085,"strict equifinality"
0.984979348019407,0.999472137962936,991,1000,4866,100000,1000,"finite Zipf reference",85,2085,"strict equifinality"
0.978273847866772,0.998881728258835,1991,2000,4866,100000,2000,"finite Zipf reference",85,2085,"strict equifinality"
0.970652958788517,0.998275273466256,2601,2610,4866,100000,3000,"finite Zipf reference",85,2085,"strict equifinality"
0.990987739743578,0.998636733069605,291,300,4617,100000,300,"Zipf Markov control",85,2085,"strict equifinality"
0.980117830801092,0.998881383737439,491,500,4617,100000,500,"Zipf Markov control",85,2085,"strict equifinality"
0.976620029799631,0.999255859327007,991,1000,4617,100000,1000,"Zipf Markov control",85,2085,"strict equifinality"
0.950324040145682,0.998045600286381,1991,2000,4617,100000,2000,"Zipf Markov control",85,2085,"strict equifinality"
0.954341028227844,0.997885600578471,2580,2589,4617,100000,3000,"Zipf Markov control",85,2085,"strict equifinality"
1.01097222820939,0.997622649742384,291,300,4802,100000,300,"latent mixture",85,2085,"strict equifinality"
0.973566555537083,0.996990713799886,491,500,4802,100000,500,"latent mixture",85,2085,"strict equifinality"
0.950466841953876,0.997853883724507,991,1000,4802,100000,1000,"latent mixture",85,2085,"strict equifinality"
0.949145550764963,0.998085705970106,1991,2000,4802,100000,2000,"latent mixture",85,2085,"strict equifinality"
0.950623135335527,0.997651829459021,2496,2505,4802,100000,3000,"latent mixture",85,2085,"strict equifinality"
0.995311066153088,0.999318109145462,291,300,4997,100000,300,"sample-space reduction",85,2085,"strict equifinality"
0.987133381286282,0.999476751018358,491,500,4997,100000,500,"sample-space reduction",85,2085,"strict equifinality"
0.984097606334194,0.999457995703764,991,1000,4997,100000,1000,"sample-space reduction",85,2085,"strict equifinality"
0.979593474594828,0.998895157121003,1991,2000,4997,100000,2000,"sample-space reduction",85,2085,"strict equifinality"
0.972052230571194,0.998187224536296,2611,2620,4997,100000,3000,"sample-space reduction",85,2085,"strict equifinality"
0.981890925072336,0.999358631478426,291,300,4884,100000,300,"finite Zipf reference",86,2086,"strict equifinality"
0.982778610201751,0.99954039148593,491,500,4884,100000,500,"finite Zipf reference",86,2086,"strict equifinality"
0.98239184143835,0.99950150875844,991,1000,4884,100000,1000,"finite Zipf reference",86,2086,"strict equifinality"
0.986005780151867,0.99893956762678,1991,2000,4884,100000,2000,"finite Zipf reference",86,2086,"strict equifinality"
0.979822107126155,0.998350203568702,2581,2590,4884,100000,3000,"finite Zipf reference",86,2086,"strict equifinality"
0.989866748704843,0.999251316173559,291,300,4603,100000,300,"Zipf Markov control",86,2086,"strict equifinality"
0.982659786835655,0.999460682705808,491,500,4603,100000,500,"Zipf Markov control",86,2086,"strict equifinality"
0.975770632883151,0.999447737671492,991,1000,4603,100000,1000,"Zipf Markov control",86,2086,"strict equifinality"
0.97200228347789,0.998802257296532,1991,2000,4603,100000,2000,"Zipf Markov control",86,2086,"strict equifinality"
0.975155830733825,0.99841649171606,2585,2594,4603,100000,3000,"Zipf Markov control",86,2086,"strict equifinality"
1.03796709353915,0.998818675688215,291,300,4776,100000,300,"latent mixture",86,2086,"strict equifinality"
1.02213652218543,0.99901113276628,491,500,4776,100000,500,"latent mixture",86,2086,"strict equifinality"
0.996111529106618,0.998662676169843,991,1000,4776,100000,1000,"latent mixture",86,2086,"strict equifinality"
0.97548091731484,0.998058173509759,1991,2000,4776,100000,2000,"latent mixture",86,2086,"strict equifinality"
0.974200979164575,0.997855106224687,2402,2411,4776,100000,3000,"latent mixture",86,2086,"strict equifinality"
0.995593536577708,0.999303593524649,291,300,4982,100000,300,"sample-space reduction",86,2086,"strict equifinality"
0.989797789262828,0.999453370410101,491,500,4982,100000,500,"sample-space reduction",86,2086,"strict equifinality"
0.979280510662055,0.999380268096716,991,1000,4982,100000,1000,"sample-space reduction",86,2086,"strict equifinality"
0.969656407629053,0.998753372869809,1991,2000,4982,100000,2000,"sample-space reduction",86,2086,"strict equifinality"
0.965445430583209,0.99821030658917,2634,2643,4982,100000,3000,"sample-space reduction",86,2086,"strict equifinality"
0.983620338615343,0.999246098224542,291,300,4854,100000,300,"finite Zipf reference",87,2087,"strict equifinality"
0.993159189886383,0.999368345929824,491,500,4854,100000,500,"finite Zipf reference",87,2087,"strict equifinality"
0.991463325538508,0.99942252161902,991,1000,4854,100000,1000,"finite Zipf reference",87,2087,"strict equifinality"
0.982735207889516,0.998835002701137,1991,2000,4854,100000,2000,"finite Zipf reference",87,2087,"strict equifinality"
0.976536652290953,0.998311243797512,2572,2581,4854,100000,3000,"finite Zipf reference",87,2087,"strict equifinality"
0.991535677418793,0.998804212184243,291,300,4609,100000,300,"Zipf Markov control",87,2087,"strict equifinality"
0.979944875463262,0.999118878900577,491,500,4609,100000,500,"Zipf Markov control",87,2087,"strict equifinality"
0.970255089455578,0.999129069890764,991,1000,4609,100000,1000,"Zipf Markov control",87,2087,"strict equifinality"
0.959162262729865,0.998548211728559,1991,2000,4609,100000,2000,"Zipf Markov control",87,2087,"strict equifinality"
0.961259502509765,0.998298496495776,2619,2628,4609,100000,3000,"Zipf Markov control",87,2087,"strict equifinality"
1.00420621057658,0.99932983676069,291,300,4848,100000,300,"latent mixture",87,2087,"strict equifinality"
1.00430049209484,0.999523930864584,491,500,4848,100000,500,"latent mixture",87,2087,"strict equifinality"
0.992954542821695,0.999238908468983,991,1000,4848,100000,1000,"latent mixture",87,2087,"strict equifinality"
0.96987028419423,0.998334895148159,1991,2000,4848,100000,2000,"latent mixture",87,2087,"strict equifinality"
0.963571901110392,0.997804792842502,2525,2534,4848,100000,3000,"latent mixture",87,2087,"strict equifinality"
0.99267502222886,0.999142913096444,291,300,5022,100000,300,"sample-space reduction",87,2087,"strict equifinality"
0.987586867859302,0.999424342119283,491,500,5022,100000,500,"sample-space reduction",87,2087,"strict equifinality"
0.987413293383953,0.9994332499941,991,1000,5022,100000,1000,"sample-space reduction",87,2087,"strict equifinality"
0.979505496422121,0.998868451776274,1991,2000,5022,100000,2000,"sample-space reduction",87,2087,"strict equifinality"
0.968080365307141,0.99798315669822,2666,2675,5022,100000,3000,"sample-space reduction",87,2087,"strict equifinality"
0.99091332302052,0.999140294343651,291,300,4855,100000,300,"finite Zipf reference",88,2088,"strict equifinality"
1.00325060460273,0.99929235923546,491,500,4855,100000,500,"finite Zipf reference",88,2088,"strict equifinality"
0.989928000919876,0.999229517377424,991,1000,4855,100000,1000,"finite Zipf reference",88,2088,"strict equifinality"
0.97816055219791,0.998699441342192,1991,2000,4855,100000,2000,"finite Zipf reference",88,2088,"strict equifinality"
0.97333437017502,0.998180723977421,2589,2598,4855,100000,3000,"finite Zipf reference",88,2088,"strict equifinality"
0.990691461628768,0.999250480920411,291,300,4588,100000,300,"Zipf Markov control",88,2088,"strict equifinality"
0.980266438638646,0.999384577881002,491,500,4588,100000,500,"Zipf Markov control",88,2088,"strict equifinality"
0.968360096272649,0.999360726336448,991,1000,4588,100000,1000,"Zipf Markov control",88,2088,"strict equifinality"
0.961722128280687,0.998764743482339,1991,2000,4588,100000,2000,"Zipf Markov control",88,2088,"strict equifinality"
0.964847240415103,0.99843805916101,2566,2575,4588,100000,3000,"Zipf Markov control",88,2088,"strict equifinality"
1.03547102502139,0.999053343432151,291,300,4724,100000,300,"latent mixture",88,2088,"strict equifinality"
1.02687824032918,0.999300442695434,491,500,4724,100000,500,"latent mixture",88,2088,"strict equifinality"
1.01746098788621,0.999233200405667,991,1000,4724,100000,1000,"latent mixture",88,2088,"strict equifinality"
1.0009628928205,0.998212366431257,1991,2000,4724,100000,2000,"latent mixture",88,2088,"strict equifinality"
0.995904245181267,0.99808410359998,2268,2277,4724,100000,3000,"latent mixture",88,2088,"strict equifinality"
0.995083680265195,0.999440400484639,291,300,5013,100000,300,"sample-space reduction",88,2088,"strict equifinality"
0.99188523465907,0.999621815349905,491,500,5013,100000,500,"sample-space reduction",88,2088,"strict equifinality"
0.986020924089625,0.999488958864061,991,1000,5013,100000,1000,"sample-space reduction",88,2088,"strict equifinality"
0.979330584930229,0.998915494506155,1991,2000,5013,100000,2000,"sample-space reduction",88,2088,"strict equifinality"
0.971214885924105,0.998229688012277,2605,2614,5013,100000,3000,"sample-space reduction",88,2088,"strict equifinality"
0.989445084334366,0.999364325678869,291,300,4866,100000,300,"finite Zipf reference",89,2089,"strict equifinality"
0.992837034517466,0.999474359667795,491,500,4866,100000,500,"finite Zipf reference",89,2089,"strict equifinality"
0.986110434920297,0.999460051840411,991,1000,4866,100000,1000,"finite Zipf reference",89,2089,"strict equifinality"
0.975366216294058,0.998779947606368,1991,2000,4866,100000,2000,"finite Zipf reference",89,2089,"strict equifinality"
0.970189494492897,0.998323523075165,2574,2583,4866,100000,3000,"finite Zipf reference",89,2089,"strict equifinality"
0.999041706947285,0.999091673646358,291,300,4595,100000,300,"Zipf Markov control",89,2089,"strict equifinality"
0.992165416099306,0.99935446095172,491,500,4595,100000,500,"Zipf Markov control",89,2089,"strict equifinality"
0.983367164851248,0.999171568957204,991,1000,4595,100000,1000,"Zipf Markov control",89,2089,"strict equifinality"
0.95532629688887,0.997888206063061,1991,2000,4595,100000,2000,"Zipf Markov control",89,2089,"strict equifinality"
0.960883585284934,0.997669914700199,2592,2601,4595,100000,3000,"Zipf Markov control",89,2089,"strict equifinality"
1.03053530442635,0.999214855759474,291,300,4532,100000,300,"latent mixture",89,2089,"strict equifinality"
1.03949566896588,0.999397638560988,491,500,4532,100000,500,"latent mixture",89,2089,"strict equifinality"
1.04830214012875,0.999369024694769,991,1000,4532,100000,1000,"latent mixture",89,2089,"strict equifinality"
1.07336497383524,0.998056633353618,1836,1845,4532,100000,2000,"latent mixture",89,2089,"strict equifinality"
1.07336497383524,0.998056633353618,1836,1845,4532,100000,3000,"latent mixture",89,2089,"strict equifinality"
0.995224342871834,0.999560662433774,291,300,5042,100000,300,"sample-space reduction",89,2089,"strict equifinality"
0.993133562192041,0.999627433443671,491,500,5042,100000,500,"sample-space reduction",89,2089,"strict equifinality"
0.984288026740907,0.999456843849823,991,1000,5042,100000,1000,"sample-space reduction",89,2089,"strict equifinality"
0.9744918674519,0.998828097923503,1991,2000,5042,100000,2000,"sample-space reduction",89,2089,"strict equifinality"
0.968928686312896,0.998278694329543,2606,2615,5042,100000,3000,"sample-space reduction",89,2089,"strict equifinality"
0.998751863142308,0.999075434828699,291,300,4844,100000,300,"finite Zipf reference",90,2090,"strict equifinality"
0.997459609467409,0.999311550916306,491,500,4844,100000,500,"finite Zipf reference",90,2090,"strict equifinality"
0.990975086302897,0.999379116013532,991,1000,4844,100000,1000,"finite Zipf reference",90,2090,"strict equifinality"
0.985003806941184,0.998842027475333,1991,2000,4844,100000,2000,"finite Zipf reference",90,2090,"strict equifinality"
0.975500826402553,0.99810240922488,2595,2604,4844,100000,3000,"finite Zipf reference",90,2090,"strict equifinality"
0.97930074411663,0.998321619207497,291,300,4590,100000,300,"Zipf Markov control",90,2090,"strict equifinality"
0.980613636938974,0.998798570503419,491,500,4590,100000,500,"Zipf Markov control",90,2090,"strict equifinality"
0.966760182944339,0.999046105627455,991,1000,4590,100000,1000,"Zipf Markov control",90,2090,"strict equifinality"
0.963198352949385,0.998595705362036,1991,2000,4590,100000,2000,"Zipf Markov control",90,2090,"strict equifinality"
0.969779825829617,0.99815652980331,2553,2562,4590,100000,3000,"Zipf Markov control",90,2090,"strict equifinality"
1.01849428783504,0.998598683652441,291,300,4793,100000,300,"latent mixture",90,2090,"strict equifinality"
1.02966675278173,0.99904305582691,491,500,4793,100000,500,"latent mixture",90,2090,"strict equifinality"
1.0043865182698,0.998562854741492,991,1000,4793,100000,1000,"latent mixture",90,2090,"strict equifinality"
0.980843104180173,0.997799381759845,1991,2000,4793,100000,2000,"latent mixture",90,2090,"strict equifinality"
0.979406390775382,0.997725079849672,2366,2375,4793,100000,3000,"latent mixture",90,2090,"strict equifinality"
0.994291704848674,0.999403918181485,291,300,4989,100000,300,"sample-space reduction",90,2090,"strict equifinality"
0.992537209476704,0.999465921079847,491,500,4989,100000,500,"sample-space reduction",90,2090,"strict equifinality"
0.992284920581093,0.999358919627482,991,1000,4989,100000,1000,"sample-space reduction",90,2090,"strict equifinality"
0.976536465943207,0.998635469754234,1991,2000,4989,100000,2000,"sample-space reduction",90,2090,"strict equifinality"
0.968498167887795,0.9980181839051,2623,2632,4989,100000,3000,"sample-space reduction",90,2090,"strict equifinality"
1.00380715427993,0.999045699188738,291,300,4864,100000,300,"finite Zipf reference",91,2091,"strict equifinality"
0.993317988020946,0.999213870895204,491,500,4864,100000,500,"finite Zipf reference",91,2091,"strict equifinality"
0.98754682483104,0.99934515697324,991,1000,4864,100000,1000,"finite Zipf reference",91,2091,"strict equifinality"
0.97626862467728,0.998724650459073,1991,2000,4864,100000,2000,"finite Zipf reference",91,2091,"strict equifinality"
0.967630574606206,0.998041734702292,2636,2645,4864,100000,3000,"finite Zipf reference",91,2091,"strict equifinality"
0.980223687882677,0.998595001526116,291,300,4606,100000,300,"Zipf Markov control",91,2091,"strict equifinality"
0.98156856877146,0.999179732457314,491,500,4606,100000,500,"Zipf Markov control",91,2091,"strict equifinality"
0.972406549478603,0.999054876025357,991,1000,4606,100000,1000,"Zipf Markov control",91,2091,"strict equifinality"
0.95374851339579,0.998145039702431,1991,2000,4606,100000,2000,"Zipf Markov control",91,2091,"strict equifinality"
0.961351889528131,0.997817695266604,2585,2594,4606,100000,3000,"Zipf Markov control",91,2091,"strict equifinality"
0.966196417798375,0.999045500307152,291,300,4781,100000,300,"latent mixture",91,2091,"strict equifinality"
0.964148018262957,0.999388809442955,491,500,4781,100000,500,"latent mixture",91,2091,"strict equifinality"
0.964624178255812,0.999393929699967,991,1000,4781,100000,1000,"latent mixture",91,2091,"strict equifinality"
0.963049405420709,0.998887995490232,1991,2000,4781,100000,2000,"latent mixture",91,2091,"strict equifinality"
0.964962170393654,0.99848976418937,2440,2449,4781,100000,3000,"latent mixture",91,2091,"strict equifinality"
0.996302128419782,0.998821668759401,291,300,5008,100000,300,"sample-space reduction",91,2091,"strict equifinality"
1.00020989933405,0.999259229532231,491,500,5008,100000,500,"sample-space reduction",91,2091,"strict equifinality"
0.991940158346984,0.999289562249057,991,1000,5008,100000,1000,"sample-space reduction",91,2091,"strict equifinality"
0.979853890093703,0.99871863445984,1991,2000,5008,100000,2000,"sample-space reduction",91,2091,"strict equifinality"
0.97145468832716,0.998042958138758,2617,2626,5008,100000,3000,"sample-space reduction",91,2091,"strict equifinality"
0.984400942935341,0.999320080276245,291,300,4831,100000,300,"finite Zipf reference",92,2092,"strict equifinality"
0.982472622776889,0.999558126339379,491,500,4831,100000,500,"finite Zipf reference",92,2092,"strict equifinality"
0.982092857842236,0.999519504251293,991,1000,4831,100000,1000,"finite Zipf reference",92,2092,"strict equifinality"
0.97456746008047,0.998868011388663,1991,2000,4831,100000,2000,"finite Zipf reference",92,2092,"strict equifinality"
0.971921877828047,0.998441763297368,2579,2588,4831,100000,3000,"finite Zipf reference",92,2092,"strict equifinality"
0.97889965372948,0.998943761326253,291,300,4617,100000,300,"Zipf Markov control",92,2092,"strict equifinality"
0.981213923190872,0.999355828717135,491,500,4617,100000,500,"Zipf Markov control",92,2092,"strict equifinality"
0.972624475609533,0.999357351642675,991,1000,4617,100000,1000,"Zipf Markov control",92,2092,"strict equifinality"
0.959306549067306,0.99863907680333,1991,2000,4617,100000,2000,"Zipf Markov control",92,2092,"strict equifinality"
0.961288891737983,0.998343001737188,2602,2611,4617,100000,3000,"Zipf Markov control",92,2092,"strict equifinality"
1.00226681499033,0.99885926173866,291,300,4695,100000,300,"latent mixture",92,2092,"strict equifinality"
1.00538552670517,0.999254480676059,491,500,4695,100000,500,"latent mixture",92,2092,"strict equifinality"
1.01187537998806,0.999330627790759,991,1000,4695,100000,1000,"latent mixture",92,2092,"strict equifinality"
1.01600949510239,0.998535615028955,1991,2000,4695,100000,2000,"latent mixture",92,2092,"strict equifinality"
1.01332747807568,0.998501697664628,2256,2265,4695,100000,3000,"latent mixture",92,2092,"strict equifinality"
1.00639717990583,0.999242175853705,291,300,4993,100000,300,"sample-space reduction",92,2092,"strict equifinality"
0.991795041823809,0.999228472185421,491,500,4993,100000,500,"sample-space reduction",92,2092,"strict equifinality"
0.984520576004256,0.999327172008505,991,1000,4993,100000,1000,"sample-space reduction",92,2092,"strict equifinality"
0.979360472750778,0.998853313235981,1991,2000,4993,100000,2000,"sample-space reduction",92,2092,"strict equifinality"
0.972868331174829,0.998267720055815,2591,2600,4993,100000,3000,"sample-space reduction",92,2092,"strict equifinality"
1.00743543087044,0.998992161619962,291,300,4880,100000,300,"finite Zipf reference",93,2093,"strict equifinality"
0.996548671625021,0.999203793758558,491,500,4880,100000,500,"finite Zipf reference",93,2093,"strict equifinality"
0.979580990577253,0.999118249637342,991,1000,4880,100000,1000,"finite Zipf reference",93,2093,"strict equifinality"
0.972404620992535,0.998684516593311,1991,2000,4880,100000,2000,"finite Zipf reference",93,2093,"strict equifinality"
0.967199511294537,0.99823225705373,2602,2611,4880,100000,3000,"finite Zipf reference",93,2093,"strict equifinality"
0.988492642289265,0.999191692794895,291,300,4595,100000,300,"Zipf Markov control",93,2093,"strict equifinality"
0.984762944894058,0.99947520529687,491,500,4595,100000,500,"Zipf Markov control",93,2093,"strict equifinality"
0.979647787407647,0.999441781262077,991,1000,4595,100000,1000,"Zipf Markov control",93,2093,"strict equifinality"
0.958405095857401,0.998411642549652,1991,2000,4595,100000,2000,"Zipf Markov control",93,2093,"strict equifinality"
0.95893276513853,0.998195527488004,2630,2639,4595,100000,3000,"Zipf Markov control",93,2093,"strict equifinality"
0.951864675132073,0.998642068939193,291,300,4773,100000,300,"latent mixture",93,2093,"strict equifinality"
0.935199316604353,0.998743018380563,491,500,4773,100000,500,"latent mixture",93,2093,"strict equifinality"
0.955047228490807,0.998827405824278,991,1000,4773,100000,1000,"latent mixture",93,2093,"strict equifinality"
0.978225610141031,0.998141076859867,1991,2000,4773,100000,2000,"latent mixture",93,2093,"strict equifinality"
0.984327588495511,0.997743408267141,2442,2451,4773,100000,3000,"latent mixture",93,2093,"strict equifinality"
0.994962840748448,0.999431713518216,291,300,5017,100000,300,"sample-space reduction",93,2093,"strict equifinality"
0.998754564005208,0.999587694472312,491,500,5017,100000,500,"sample-space reduction",93,2093,"strict equifinality"
0.998018600302711,0.999529034189606,991,1000,5017,100000,1000,"sample-space reduction",93,2093,"strict equifinality"
0.978753120691684,0.998606987269897,1991,2000,5017,100000,2000,"sample-space reduction",93,2093,"strict equifinality"
0.970100407172641,0.997982174570069,2602,2611,5017,100000,3000,"sample-space reduction",93,2093,"strict equifinality"
0.995153600806795,0.99923962742101,291,300,4878,100000,300,"finite Zipf reference",94,2094,"strict equifinality"
0.991942312332221,0.999490850776817,491,500,4878,100000,500,"finite Zipf reference",94,2094,"strict equifinality"
0.986524240628107,0.999469864389771,991,1000,4878,100000,1000,"finite Zipf reference",94,2094,"strict equifinality"
0.98067614567801,0.998863838565913,1991,2000,4878,100000,2000,"finite Zipf reference",94,2094,"strict equifinality"
0.972080477994823,0.998203031616697,2607,2616,4878,100000,3000,"finite Zipf reference",94,2094,"strict equifinality"
0.969774810507935,0.999022927033272,291,300,4585,100000,300,"Zipf Markov control",94,2094,"strict equifinality"
0.986311709506932,0.999041825140453,491,500,4585,100000,500,"Zipf Markov control",94,2094,"strict equifinality"
0.98297965189163,0.999270998980561,991,1000,4585,100000,1000,"Zipf Markov control",94,2094,"strict equifinality"
0.958637673375621,0.998156659977198,1991,2000,4585,100000,2000,"Zipf Markov control",94,2094,"strict equifinality"
0.96253664075375,0.997950110438976,2601,2610,4585,100000,3000,"Zipf Markov control",94,2094,"strict equifinality"
0.998427549895885,0.99911885044721,291,300,4808,100000,300,"latent mixture",94,2094,"strict equifinality"
0.982250986685364,0.999090931662315,491,500,4808,100000,500,"latent mixture",94,2094,"strict equifinality"
0.958161617507303,0.998815260879891,991,1000,4808,100000,1000,"latent mixture",94,2094,"strict equifinality"
0.95946891497986,0.998551827469062,1991,2000,4808,100000,2000,"latent mixture",94,2094,"strict equifinality"
0.962773498046969,0.998146371331542,2465,2474,4808,100000,3000,"latent mixture",94,2094,"strict equifinality"
0.994361613610933,0.999438849551344,291,300,5013,100000,300,"sample-space reduction",94,2094,"strict equifinality"
0.988009284881718,0.999512319530102,491,500,5013,100000,500,"sample-space reduction",94,2094,"strict equifinality"
0.981897815577876,0.999473217832278,991,1000,5013,100000,1000,"sample-space reduction",94,2094,"strict equifinality"
0.978133691304978,0.998935683654578,1991,2000,5013,100000,2000,"sample-space reduction",94,2094,"strict equifinality"
0.969012784247528,0.998168471755863,2639,2648,5013,100000,3000,"sample-space reduction",94,2094,"strict equifinality"
1.00274519297878,0.999375035988592,291,300,4849,100000,300,"finite Zipf reference",95,2095,"strict equifinality"
0.98994762603815,0.999407601805756,491,500,4849,100000,500,"finite Zipf reference",95,2095,"strict equifinality"
0.978052578623147,0.99936510739741,991,1000,4849,100000,1000,"finite Zipf reference",95,2095,"strict equifinality"
0.978383816732803,0.998868718733988,1991,2000,4849,100000,2000,"finite Zipf reference",95,2095,"strict equifinality"
0.971209424381375,0.998266657718702,2612,2621,4849,100000,3000,"finite Zipf reference",95,2095,"strict equifinality"
0.98767622991138,0.999376212911127,291,300,4589,100000,300,"Zipf Markov control",95,2095,"strict equifinality"
0.994439037091262,0.999504879441829,491,500,4589,100000,500,"Zipf Markov control",95,2095,"strict equifinality"
0.983338089770547,0.999325046617923,991,1000,4589,100000,1000,"Zipf Markov control",95,2095,"strict equifinality"
0.959309492753029,0.998234903409022,1991,2000,4589,100000,2000,"Zipf Markov control",95,2095,"strict equifinality"
0.960427744896326,0.998060053691073,2609,2618,4589,100000,3000,"Zipf Markov control",95,2095,"strict equifinality"
0.998573643364283,0.999391766177136,291,300,4802,100000,300,"latent mixture",95,2095,"strict equifinality"
0.98520408773214,0.99935599774258,491,500,4802,100000,500,"latent mixture",95,2095,"strict equifinality"
0.964783739634472,0.998936932142167,991,1000,4802,100000,1000,"latent mixture",95,2095,"strict equifinality"
0.955308707900065,0.998546272500543,1991,2000,4802,100000,2000,"latent mixture",95,2095,"strict equifinality"
0.954006296991692,0.998168676626059,2557,2566,4802,100000,3000,"latent mixture",95,2095,"strict equifinality"
0.993389565253931,0.999147511146397,291,300,5007,100000,300,"sample-space reduction",95,2095,"strict equifinality"
0.99807784541892,0.999425995237496,491,500,5007,100000,500,"sample-space reduction",95,2095,"strict equifinality"
0.99191336577085,0.999432075109798,991,1000,5007,100000,1000,"sample-space reduction",95,2095,"strict equifinality"
0.976518343849412,0.998672844514452,1991,2000,5007,100000,2000,"sample-space reduction",95,2095,"strict equifinality"
0.972676661322235,0.998136217681108,2590,2599,5007,100000,3000,"sample-space reduction",95,2095,"strict equifinality"
0.989831099035945,0.999084358494914,291,300,4869,100000,300,"finite Zipf reference",96,2096,"strict equifinality"
0.989491601210703,0.999322739351492,491,500,4869,100000,500,"finite Zipf reference",96,2096,"strict equifinality"
0.982954873610314,0.999382547510477,991,1000,4869,100000,1000,"finite Zipf reference",96,2096,"strict equifinality"
0.978488385970919,0.998882249512631,1991,2000,4869,100000,2000,"finite Zipf reference",96,2096,"strict equifinality"
0.974521765305478,0.998281051754124,2601,2610,4869,100000,3000,"finite Zipf reference",96,2096,"strict equifinality"
0.984825411249117,0.999121059482854,291,300,4614,100000,300,"Zipf Markov control",96,2096,"strict equifinality"
0.982669683172968,0.999367632711078,491,500,4614,100000,500,"Zipf Markov control",96,2096,"strict equifinality"
0.974087001132615,0.999297572907118,991,1000,4614,100000,1000,"Zipf Markov control",96,2096,"strict equifinality"
0.957551674136139,0.998492000113866,1991,2000,4614,100000,2000,"Zipf Markov control",96,2096,"strict equifinality"
0.962523023522109,0.998159796968934,2592,2601,4614,100000,3000,"Zipf Markov control",96,2096,"strict equifinality"
1.0237190403402,0.998786129996551,291,300,4711,100000,300,"latent mixture",96,2096,"strict equifinality"
1.0199184390381,0.99887322645968,491,500,4711,100000,500,"latent mixture",96,2096,"strict equifinality"
0.988291142073297,0.998295974219732,991,1000,4711,100000,1000,"latent mixture",96,2096,"strict equifinality"
0.986086213086448,0.997994333253917,1991,2000,4711,100000,2000,"latent mixture",96,2096,"strict equifinality"
0.984273381744628,0.998079803320986,2199,2208,4711,100000,3000,"latent mixture",96,2096,"strict equifinality"
0.984154962044066,0.999123430937836,291,300,5026,100000,300,"sample-space reduction",96,2096,"strict equifinality"
0.987666076892062,0.999332149904456,491,500,5026,100000,500,"sample-space reduction",96,2096,"strict equifinality"
0.98796173047074,0.999333337176022,991,1000,5026,100000,1000,"sample-space reduction",96,2096,"strict equifinality"
0.972635248913907,0.998585345344817,1991,2000,5026,100000,2000,"sample-space reduction",96,2096,"strict equifinality"
0.96531747961358,0.998027108900336,2638,2647,5026,100000,3000,"sample-space reduction",96,2096,"strict equifinality"
0.991905513946441,0.999207130936809,291,300,4869,100000,300,"finite Zipf reference",97,2097,"strict equifinality"
0.993207663209619,0.999461917282822,491,500,4869,100000,500,"finite Zipf reference",97,2097,"strict equifinality"
0.980738105989753,0.999352113425032,991,1000,4869,100000,1000,"finite Zipf reference",97,2097,"strict equifinality"
0.972584661791235,0.99877747082716,1991,2000,4869,100000,2000,"finite Zipf reference",97,2097,"strict equifinality"
0.968808929163995,0.998287866975706,2603,2612,4869,100000,3000,"finite Zipf reference",97,2097,"strict equifinality"
0.998502760507235,0.999186073559311,291,300,4597,100000,300,"Zipf Markov control",97,2097,"strict equifinality"
0.989697181230595,0.999397641737132,491,500,4597,100000,500,"Zipf Markov control",97,2097,"strict equifinality"
0.985664265679419,0.999451946815802,991,1000,4597,100000,1000,"Zipf Markov control",97,2097,"strict equifinality"
0.968796333904059,0.998567478393121,1991,2000,4597,100000,2000,"Zipf Markov control",97,2097,"strict equifinality"
0.970871962759362,0.998286176022431,2548,2557,4597,100000,3000,"Zipf Markov control",97,2097,"strict equifinality"
1.06577447555178,0.998548191065521,291,300,4732,100000,300,"latent mixture",97,2097,"strict equifinality"
1.04754340630347,0.998579579199554,491,500,4732,100000,500,"latent mixture",97,2097,"strict equifinality"
1.00948006048224,0.997948558301454,991,1000,4732,100000,1000,"latent mixture",97,2097,"strict equifinality"
0.98803916812948,0.997375966507076,1991,2000,4732,100000,2000,"latent mixture",97,2097,"strict equifinality"
0.986687099625385,0.997492208145566,2292,2301,4732,100000,3000,"latent mixture",97,2097,"strict equifinality"
0.988882671794275,0.999269608702814,291,300,5015,100000,300,"sample-space reduction",97,2097,"strict equifinality"
0.98887246930933,0.999534197917454,491,500,5015,100000,500,"sample-space reduction",97,2097,"strict equifinality"
0.987945156799249,0.999508939394663,991,1000,5015,100000,1000,"sample-space reduction",97,2097,"strict equifinality"
0.978449451315508,0.998869248551213,1991,2000,5015,100000,2000,"sample-space reduction",97,2097,"strict equifinality"
0.970262348159937,0.998179472553096,2617,2626,5015,100000,3000,"sample-space reduction",97,2097,"strict equifinality"
0.992251922978001,0.999274359221644,291,300,4862,100000,300,"finite Zipf reference",98,2098,"strict equifinality"
0.988704086672213,0.99947637346078,491,500,4862,100000,500,"finite Zipf reference",98,2098,"strict equifinality"
0.988850906041711,0.999445563836441,991,1000,4862,100000,1000,"finite Zipf reference",98,2098,"strict equifinality"
0.98183140154267,0.998891406892738,1991,2000,4862,100000,2000,"finite Zipf reference",98,2098,"strict equifinality"
0.976888142931573,0.998274786037531,2589,2598,4862,100000,3000,"finite Zipf reference",98,2098,"strict equifinality"
0.989698357033348,0.998915533882801,291,300,4599,100000,300,"Zipf Markov control",98,2098,"strict equifinality"
0.98846044784918,0.99928727855752,491,500,4599,100000,500,"Zipf Markov control",98,2098,"strict equifinality"
0.970238871313523,0.999102537532442,991,1000,4599,100000,1000,"Zipf Markov control",98,2098,"strict equifinality"
0.962110569587467,0.998541830317012,1991,2000,4599,100000,2000,"Zipf Markov control",98,2098,"strict equifinality"
0.969330920911717,0.998127844993768,2556,2565,4599,100000,3000,"Zipf Markov control",98,2098,"strict equifinality"
0.970120648003682,0.999436935124291,291,300,4766,100000,300,"latent mixture",98,2098,"strict equifinality"
0.959339995681299,0.99927153689144,491,500,4766,100000,500,"latent mixture",98,2098,"strict equifinality"
0.971316769413829,0.9992719078733,991,1000,4766,100000,1000,"latent mixture",98,2098,"strict equifinality"
0.974169938963287,0.998750158924576,1991,2000,4766,100000,2000,"latent mixture",98,2098,"strict equifinality"
0.978211233329939,0.998354558165394,2422,2431,4766,100000,3000,"latent mixture",98,2098,"strict equifinality"
0.99704525215972,0.999019727968427,291,300,4999,100000,300,"sample-space reduction",98,2098,"strict equifinality"
0.995940851009808,0.999400727896855,491,500,4999,100000,500,"sample-space reduction",98,2098,"strict equifinality"
0.983334964767261,0.999274082673971,991,1000,4999,100000,1000,"sample-space reduction",98,2098,"strict equifinality"
0.974396286879495,0.998735239811771,1991,2000,4999,100000,2000,"sample-space reduction",98,2098,"strict equifinality"
0.970683799618547,0.998233587637844,2599,2608,4999,100000,3000,"sample-space reduction",98,2098,"strict equifinality"
0.987898698879167,0.999497189859238,291,300,4846,100000,300,"finite Zipf reference",99,2099,"strict equifinality"
0.98468220686106,0.99963101996479,491,500,4846,100000,500,"finite Zipf reference",99,2099,"strict equifinality"
0.985313080264738,0.999560043407001,991,1000,4846,100000,1000,"finite Zipf reference",99,2099,"strict equifinality"
0.981548871992133,0.998984386234397,1991,2000,4846,100000,2000,"finite Zipf reference",99,2099,"strict equifinality"
0.974635404771249,0.998233825903493,2622,2631,4846,100000,3000,"finite Zipf reference",99,2099,"strict equifinality"
0.982077544325711,0.9984261022639,291,300,4607,100000,300,"Zipf Markov control",99,2099,"strict equifinality"
0.980998591556552,0.999104179245569,491,500,4607,100000,500,"Zipf Markov control",99,2099,"strict equifinality"
0.960038289948359,0.998928074437209,991,1000,4607,100000,1000,"Zipf Markov control",99,2099,"strict equifinality"
0.952827110364227,0.998588076867443,1991,2000,4607,100000,2000,"Zipf Markov control",99,2099,"strict equifinality"
0.959567643061299,0.998209493231223,2599,2608,4607,100000,3000,"Zipf Markov control",99,2099,"strict equifinality"
1.0090430088852,0.998901605971165,291,300,4790,100000,300,"latent mixture",99,2099,"strict equifinality"
0.995707051388887,0.999139459138501,491,500,4790,100000,500,"latent mixture",99,2099,"strict equifinality"
0.973830106523221,0.998867864337125,991,1000,4790,100000,1000,"latent mixture",99,2099,"strict equifinality"
0.965685293159608,0.99831282743392,1991,2000,4790,100000,2000,"latent mixture",99,2099,"strict equifinality"
0.964233077809993,0.998087908614698,2390,2399,4790,100000,3000,"latent mixture",99,2099,"strict equifinality"
0.997310118359225,0.999410643210135,291,300,5023,100000,300,"sample-space reduction",99,2099,"strict equifinality"
1.00368973577842,0.999526248763677,491,500,5023,100000,500,"sample-space reduction",99,2099,"strict equifinality"
0.983994881688776,0.999183101346786,991,1000,5023,100000,1000,"sample-space reduction",99,2099,"strict equifinality"
0.973699434251924,0.998688096728273,1991,2000,5023,100000,2000,"sample-space reduction",99,2099,"strict equifinality"
0.96667862271451,0.998139237903279,2609,2618,5023,100000,3000,"sample-space reduction",99,2099,"strict equifinality"
0.998846352311199,0.99926379769297,291,300,4863,100000,300,"finite Zipf reference",100,2100,"strict equifinality"
0.994300431670453,0.999447403434244,491,500,4863,100000,500,"finite Zipf reference",100,2100,"strict equifinality"
0.98728063880275,0.999407696776392,991,1000,4863,100000,1000,"finite Zipf reference",100,2100,"strict equifinality"
0.98289006140983,0.998892108921319,1991,2000,4863,100000,2000,"finite Zipf reference",100,2100,"strict equifinality"
0.975083125503594,0.998262036461452,2611,2620,4863,100000,3000,"finite Zipf reference",100,2100,"strict equifinality"
0.986169964617664,0.999372713305096,291,300,4605,100000,300,"Zipf Markov control",100,2100,"strict equifinality"
0.983729347751997,0.999537418166866,491,500,4605,100000,500,"Zipf Markov control",100,2100,"strict equifinality"
0.974775566696402,0.999338281426475,991,1000,4605,100000,1000,"Zipf Markov control",100,2100,"strict equifinality"
0.9577188759944,0.998543564594549,1991,2000,4605,100000,2000,"Zipf Markov control",100,2100,"strict equifinality"
0.963766097393416,0.998165487621483,2592,2601,4605,100000,3000,"Zipf Markov control",100,2100,"strict equifinality"
1.01078330119432,0.998253150675138,291,300,4659,100000,300,"latent mixture",100,2100,"strict equifinality"
1.01669366364132,0.998962427782213,491,500,4659,100000,500,"latent mixture",100,2100,"strict equifinality"
1.02138783298544,0.999199129639854,991,1000,4659,100000,1000,"latent mixture",100,2100,"strict equifinality"
1.04132372022869,0.998344149334185,1991,2000,4659,100000,2000,"latent mixture",100,2100,"strict equifinality"
1.03972827058484,0.998352322139463,2072,2081,4659,100000,3000,"latent mixture",100,2100,"strict equifinality"
0.99660158947422,0.999152904014878,291,300,4992,100000,300,"sample-space reduction",100,2100,"strict equifinality"
0.991756834614934,0.999429619278775,491,500,4992,100000,500,"sample-space reduction",100,2100,"strict equifinality"
0.984660746051213,0.999422090250295,991,1000,4992,100000,1000,"sample-space reduction",100,2100,"strict equifinality"
0.977705214038826,0.998824405595472,1991,2000,4992,100000,2000,"sample-space reduction",100,2100,"strict equifinality"
0.973488027642277,0.998316104044148,2573,2582,4992,100000,3000,"sample-space reduction",100,2100,"strict equifinality"
