"generator","alpha","alpha_mle","zipf_r2","zipf_n_fit","zipf_effective_r_max","zipf_mle_n_fit","zipf_mle_effective_r_max","vocabulary","heaps_beta","heaps_beta_early","heaps_beta_late","heaps_beta_change","transition_toward_more_frequent","transition_nmi","transition_nmi_excess","transition_nmi_z","conditional_alpha_sd","conditional_mean_r2","length_frequency_slope","length_frequency_r2","replicate","seed","benchmark"
"finite Zipf reference",0.992281873490717,0.995734406035699,0.999576701697042,491,500,491,500,4989,0.570023454813476,0.745306511657417,0.261608085972009,-0.483698425685408,0.499969282437746,0.00632102651570208,0.000331024479118243,2.21760623614773,NA,NA,NA,NA,1,3001,"joint matched alpha + V_n"
"Zipf Markov control",0.988176092546538,0.994527936429935,0.999042570775191,491,500,491,500,4977,0.641677069959535,0.785327934205092,0.371434283523238,-0.413893650681853,0.499897529676982,0.193923449783395,0.187752955291393,1170.43211439325,NA,NA,NA,NA,1,3001,"joint matched alpha + V_n"
"latent mixture",1.01602133414891,1.0002660596361,0.999293618395475,491,500,491,500,4918,0.633263507995029,0.82474755057128,0.281172570102174,-0.543574980469106,0.498605192637174,0.184123465598457,-0.000438119512935431,-0.664489116470551,1.46758117058665,0.945965903342497,NA,NA,1,3001,"joint matched alpha + V_n"
"sample-space reduction",0.992777990889505,0.991842519940648,0.999493109841496,491,500,491,500,4976,0.571990053496124,0.773261713077342,0.269125351464154,-0.504136361613188,0.944432585468885,0.365402321479909,0.349665988319042,2078.96557683309,NA,NA,NA,NA,1,3001,"joint matched alpha + V_n"
"finite Zipf reference",0.998650588969287,1.00359870261886,0.999533734767959,491,500,491,500,4980,0.569332655506478,0.789244647439067,0.261364022547803,-0.527880624891264,0.501269997337102,0.00605844000853156,5.56647293582556e-05,0.47147076056782,NA,NA,NA,NA,2,3002,"joint matched alpha + V_n"
"Zipf Markov control",0.98140646215769,0.98785100035165,0.999054295668796,491,500,491,500,4982,0.635640909827982,0.787238396660717,0.37620661228934,-0.411031784371377,0.500911548374929,0.191158753338464,0.184904187859927,1301.34038373153,NA,NA,NA,NA,2,3002,"joint matched alpha + V_n"
"latent mixture",0.924384019328826,0.964304385628544,0.997556734174602,491,500,491,500,5079,0.874858436450462,1.16466209316726,0.282870320444114,-0.881791772723146,0.500213019302826,0.206043759948289,0.000491550025802479,1.02632896459341,1.50011941171839,0.951186079402212,NA,NA,2,3002,"joint matched alpha + V_n"
"sample-space reduction",0.986718483701484,0.992845013856204,0.999461374247499,491,500,491,500,4986,0.568019241734308,0.779943547537337,0.265805631606528,-0.514137915930809,0.943817953095516,0.366511413720618,0.350755773936319,2087.33804046684,NA,NA,NA,NA,2,3002,"joint matched alpha + V_n"
"finite Zipf reference",0.989517674954487,0.993308366151129,0.999489567505498,491,500,491,500,5010,0.582624734693082,0.777876404834231,0.264858313959226,-0.513018090875005,0.500619591376927,0.00562792783516828,-0.000380871626641125,-2.14173251006984,NA,NA,NA,NA,3,3003,"joint matched alpha + V_n"
"Zipf Markov control",0.977040797581248,0.990358709376058,0.999153188359432,491,500,491,500,5038,0.648769778932042,0.778365214412756,0.381613395912526,-0.39675181850023,0.500339379015327,0.195255185886115,0.18901230764575,1318.76232591349,NA,NA,NA,NA,3,3003,"joint matched alpha + V_n"
"latent mixture",1.0120135895439,0.977112554691707,0.998124247061608,491,500,491,500,4976,0.516565177488803,0.660884455090254,0.390418830816729,-0.270465624273525,0.500245277054059,0.184761826430525,0.000497675475828158,0.996823074018876,1.59022920419722,0.949603116076437,NA,NA,3,3003,"joint matched alpha + V_n"
"sample-space reduction",0.986016033052564,0.990121247238929,0.999551215881231,491,500,491,500,4994,0.575223472745673,0.760679936624006,0.272445387921426,-0.48823454870258,0.946266009631035,0.367695384901827,0.35185586182432,1834.80936758544,NA,NA,NA,NA,3,3003,"joint matched alpha + V_n"
"finite Zipf reference",0.994031647543272,0.994588445840964,0.999503499581488,491,500,491,500,4981,0.568270549171529,0.733325334172658,0.264198146860906,-0.469127187311752,0.500584100178304,0.00629626246680932,0.000173480397681283,1.31311987114214,NA,NA,NA,NA,4,3004,"joint matched alpha + V_n"
"Zipf Markov control",0.985263246375332,0.992347725360263,0.999202961257443,491,500,491,500,4995,0.637220374432762,0.803447630612714,0.371395771779802,-0.432051858832912,0.499889279048432,0.197168091070526,0.190922202971401,1262.24544993561,NA,NA,NA,NA,4,3004,"joint matched alpha + V_n"
"latent mixture",1.03141650644413,1.06369548758022,0.997961732742298,491,500,491,500,5003,0.480884011000834,0.53723038450304,0.225275526550591,-0.311954857952449,0.498539864455342,0.19308318160564,-0.000258054436349825,-0.381043385127624,1.66114480796833,0.96275775414226,NA,NA,4,3004,"joint matched alpha + V_n"
"sample-space reduction",0.99501617329309,1.00196172159226,0.999557859506267,491,500,491,500,4993,0.570194366438331,0.743537754827629,0.26985801519689,-0.473679739630739,0.944099588043149,0.369159715374014,0.353465921667506,2032.64448739777,NA,NA,NA,NA,4,3004,"joint matched alpha + V_n"
"finite Zipf reference",0.99774158402621,0.995785866534169,0.999580960758058,491,500,491,500,4969,0.586802170347332,0.788760136841867,0.25192339452702,-0.536836742314848,0.499912949971837,0.00595369902886355,-2.01349350938866e-05,-0.151154761351391,NA,NA,NA,NA,5,3005,"joint matched alpha + V_n"
"Zipf Markov control",0.98645456381873,0.998573146302528,0.998802361696224,491,500,491,500,4981,0.637086037310075,0.824820227880903,0.369899462503746,-0.454920765377157,0.50051855809422,0.193646053591824,0.187331968089853,957.362624351086,NA,NA,NA,NA,5,3005,"joint matched alpha + V_n"
"latent mixture",1.00554836927045,1.03813639248589,0.99818406273047,491,500,491,500,5036,0.484649920070517,0.641417018785272,0.306226104713894,-0.335190914071378,0.499021679580496,0.205526104529844,0.000281982573508616,0.346337184604951,1.75254967395962,0.958857975069782,NA,NA,5,3005,"joint matched alpha + V_n"
"sample-space reduction",0.9904508066459,0.992445877875371,0.999297831537298,491,500,491,500,4980,0.566834898019483,0.799155856532224,0.257497178749043,-0.541658677783181,0.946612624345991,0.366311113015379,0.350589350750795,1793.47391347986,NA,NA,NA,NA,5,3005,"joint matched alpha + V_n"
"finite Zipf reference",0.984877092838514,0.989366507937703,0.999350535802848,491,500,491,500,4989,0.571968877835217,0.740509233480828,0.265424130669332,-0.475085102811496,0.500179242674096,0.00567954653085347,-0.000361699604465724,-2.30506916046479,NA,NA,NA,NA,6,3006,"joint matched alpha + V_n"
"Zipf Markov control",0.982994983684572,0.983503374156612,0.999494796238566,491,500,491,500,4994,0.641076080054117,0.798110237352472,0.381091668959421,-0.417018568393051,0.498668011790854,0.195661797088021,0.189429350211396,1199.85324580659,NA,NA,NA,NA,6,3006,"joint matched alpha + V_n"
"latent mixture",0.973259976287898,0.991047050486348,0.998574953807116,491,500,491,500,5082,0.607429730110185,0.710688611696543,0.292652770731636,-0.418035840964907,0.500199022578006,0.207470657253701,-0.000419975144601487,-0.727734499826496,1.53050016364211,0.949733307191427,NA,NA,6,3006,"joint matched alpha + V_n"
"sample-space reduction",0.990999401159886,0.989663298773453,0.999455170951998,491,500,491,500,4970,0.572359766785285,0.790914451266362,0.258674104169996,-0.532240347096367,0.944875697900401,0.365510205509852,0.349665221520218,2073.32186085089,NA,NA,NA,NA,6,3006,"joint matched alpha + V_n"
"finite Zipf reference",0.991773116252792,0.991992557356863,0.999625094194588,491,500,491,500,5000,0.553313756092917,0.738997683995361,0.271008920057364,-0.467988763937998,0.500706880301602,0.00600157791779778,-6.12642699941773e-05,-0.550336145022987,NA,NA,NA,NA,7,3007,"joint matched alpha + V_n"
"Zipf Markov control",0.993731820346967,0.988893162693895,0.999164237965495,491,500,491,500,5021,0.65103373310943,0.81386789070509,0.383747114751536,-0.430120775953554,0.499803134105048,0.195115885130973,0.188888335393894,1458.02292473177,NA,NA,NA,NA,7,3007,"joint matched alpha + V_n"
"latent mixture",0.972391397622391,0.985711327197738,0.999337401923637,491,500,491,500,5073,0.55066380004541,0.46808910753266,0.287869655226045,-0.180219452306615,0.501317471788315,0.213475667116098,0.000615461351887586,1.06923315492198,1.63842402418758,0.94549424014561,NA,NA,7,3007,"joint matched alpha + V_n"
"sample-space reduction",0.995501480799028,0.999948508812852,0.999518998751648,491,500,491,500,4978,0.573858119726492,0.769567484456654,0.267428138050297,-0.502139346406357,0.944704084842493,0.365500759171539,0.349660717755561,1550.14145867821,NA,NA,NA,NA,7,3007,"joint matched alpha + V_n"
"finite Zipf reference",0.997453382832222,1.00215266113752,0.999356270437435,491,500,491,500,4984,0.558740846726356,0.761781339835649,0.263026493537164,-0.498754846298485,0.500081916854393,0.00618277078634538,0.000184376492045256,1.42570667095881,NA,NA,NA,NA,8,3008,"joint matched alpha + V_n"
"Zipf Markov control",0.985666285711658,0.997904904741578,0.998800750784398,491,500,491,500,5010,0.629707227613489,0.767439617944256,0.381332965023246,-0.38610665292101,0.498455087177224,0.193048175875362,0.186884088420311,949.373330738888,NA,NA,NA,NA,8,3008,"joint matched alpha + V_n"
"latent mixture",0.990917596734659,1.0175664704633,0.998695091988381,491,500,491,500,4994,0.589955866504079,0.199752034860984,0.396988394980801,0.197236360119816,0.499172703693766,0.202902332999791,-0.000357578268276648,-0.551612578827054,1.54593238406106,0.95479591696584,NA,NA,8,3008,"joint matched alpha + V_n"
"sample-space reduction",0.990946556410882,0.998851107816612,0.999418001130049,491,500,491,500,4986,0.570490167519882,0.774608592088107,0.271197762005054,-0.503410830083053,0.946672656820352,0.366350807294529,0.350564345663319,2376.51886404014,NA,NA,NA,NA,8,3008,"joint matched alpha + V_n"
"finite Zipf reference",0.990085028622738,0.994880005481582,0.999360936622857,491,500,491,500,4977,0.573963455250412,0.719228772144011,0.264877878807761,-0.45435089333625,0.500020501886174,0.00607796451769808,3.64715195097665e-05,0.248762834136018,NA,NA,NA,NA,9,3009,"joint matched alpha + V_n"
"Zipf Markov control",0.971270592739279,0.984668386209172,0.998651144530786,491,500,491,500,5014,0.644762167188024,0.813355299901912,0.393585337012014,-0.419769962889898,0.500464354861559,0.193105693428086,0.186849747855912,973.647552861805,NA,NA,NA,NA,9,3009,"joint matched alpha + V_n"
"latent mixture",0.985238465368738,1.02076253065187,0.998522425804377,491,500,491,500,5002,0.629740045562139,0.797288975487807,0.268901551082996,-0.528387424404811,0.49949101894723,0.192346898438981,0.000258190456314283,0.549155316450473,1.65240015342581,0.949988751500698,NA,NA,9,3009,"joint matched alpha + V_n"
"sample-space reduction",0.993450957860638,0.999113834582488,0.999491128934013,491,500,491,500,4975,0.567186723424914,0.779970192317583,0.268567486702967,-0.511402705614616,0.946277234613355,0.366977637338834,0.351340819389672,2121.33159307745,NA,NA,NA,NA,9,3009,"joint matched alpha + V_n"
"finite Zipf reference",0.99601289383006,1.00262822648438,0.999527843549557,491,500,491,500,4983,0.558788596849324,0.754012593470709,0.274491167959796,-0.479521425510912,0.499406090642856,0.00589281061656648,-7.60039979686928e-05,-0.480102046197209,NA,NA,NA,NA,10,3010,"joint matched alpha + V_n"
"Zipf Markov control",0.984255756066804,0.990382423984399,0.999386114818926,491,500,491,500,4965,0.630562630343074,0.771468167076445,0.368929035754846,-0.402539131321599,0.50219820046958,0.194258151619187,0.188035692655067,1229.94883806712,NA,NA,NA,NA,10,3010,"joint matched alpha + V_n"
"latent mixture",0.974797775420977,1.00370229294139,0.998641265920484,491,500,491,500,4990,0.540761930749701,0.660163875629701,0.287346622142281,-0.37281725348742,0.499504900924556,0.206153027640568,0.000604344240248966,1.18444522318455,1.60316685873443,0.957696309899336,NA,NA,10,3010,"joint matched alpha + V_n"
"sample-space reduction",0.987570313922739,0.988478155610915,0.999494898977434,491,500,491,500,5012,0.566764601212518,0.770191962709808,0.270174123734877,-0.500017838974931,0.94703689564573,0.365854003113635,0.350202739798777,2421.06678806486,NA,NA,NA,NA,10,3010,"joint matched alpha + V_n"
"finite Zipf reference",0.998340186475848,0.997460756406545,0.999554251854553,491,500,491,500,4993,0.569137497799396,0.741690898747063,0.253895580229818,-0.487795318517245,0.501679673897458,0.00603426896490925,2.43330556231065e-05,0.165480223676784,NA,NA,NA,NA,11,3011,"joint matched alpha + V_n"
"Zipf Markov control",0.97664564039048,0.975437788701363,0.999303023639588,491,500,491,500,5008,0.607609148519784,0.72508777474443,0.382716892160515,-0.342370882583915,0.49919728019643,0.191047463859601,0.184784203111181,1172.1022543698,NA,NA,NA,NA,11,3011,"joint matched alpha + V_n"
"latent mixture",0.921258486419853,0.953150840860932,0.998070807650794,491,500,491,500,5026,0.673416301436334,0.703506491779731,0.315858552118547,-0.387647939661183,0.500546206896552,0.212174694897997,0.000135190501524274,0.234493401747345,1.73907292325485,0.949627726779548,NA,NA,11,3011,"joint matched alpha + V_n"
"sample-space reduction",0.989740825194032,0.988602470760171,0.999363716992624,491,500,491,500,4971,0.560737649127356,0.769268098034572,0.261704086765075,-0.507564011269497,0.947522095073388,0.365496756371278,0.349761608782261,2175.0764264783,NA,NA,NA,NA,11,3011,"joint matched alpha + V_n"
"finite Zipf reference",0.993957284016731,0.995382758696064,0.999333365234061,491,500,491,500,4988,0.576428448894173,0.799398680037915,0.2610584613649,-0.538340218673015,0.499605520661496,0.00596084512581367,-8.3183052738767e-05,-0.427960695426483,NA,NA,NA,NA,12,3012,"joint matched alpha + V_n"
"Zipf Markov control",0.981146550663031,0.990110360005163,0.999266513297995,491,500,491,500,4976,0.625625916876351,0.761870966635308,0.379968317722686,-0.381902648912622,0.499573540561031,0.194940180119664,0.188750875414057,1219.23776148213,NA,NA,NA,NA,12,3012,"joint matched alpha + V_n"
"latent mixture",1.05858505807566,1.03447210071863,0.998642344729442,491,500,491,500,4974,0.77713864136613,1.71907771198486,0.228062856251827,-1.49101485573303,0.501507548627967,0.176663099407477,0.000358993060923379,0.752329225270599,1.45566522412856,0.946240463592357,NA,NA,12,3012,"joint matched alpha + V_n"
"sample-space reduction",0.995892805234811,0.997188885859267,0.999486053590983,491,500,491,500,5005,0.573484154890648,0.733485453461571,0.264005049383006,-0.469480404078565,0.94727681078046,0.366625142690553,0.350922252212199,2373.00926034463,NA,NA,NA,NA,12,3012,"joint matched alpha + V_n"
"finite Zipf reference",0.994178497932965,0.997418134753472,0.999434215376762,491,500,491,500,4990,0.582363930459527,0.786683658837022,0.272743038639945,-0.513940620197077,0.499841164113337,0.00583000186681028,-0.00015445288691886,-1.33569050588335,NA,NA,NA,NA,13,3013,"joint matched alpha + V_n"
"Zipf Markov control",0.985442775515108,0.989517678241697,0.998984766856024,491,500,491,500,4975,0.632583168157514,0.739717696884413,0.372447238933253,-0.36727045795116,0.498392384314714,0.193933886049181,0.187675275023562,1140.13958598536,NA,NA,NA,NA,13,3013,"joint matched alpha + V_n"
"latent mixture",0.949892715134835,0.962142666650873,0.998960112844635,491,500,491,500,5006,0.554339105700776,0.908448631675304,0.245275356424991,-0.663173275250313,0.500697288323188,0.205818972424133,-0.000824226298541453,-1.6135741273364,1.49205460218621,0.949421198103583,NA,NA,13,3013,"joint matched alpha + V_n"
"sample-space reduction",0.991607763449715,0.999016500851391,0.999253449772336,491,500,491,500,4991,0.568214373597889,0.77891838200336,0.262344617810952,-0.516573764192408,0.945045570870561,0.368219131860405,0.352492023911382,2722.12744705958,NA,NA,NA,NA,13,3013,"joint matched alpha + V_n"
"finite Zipf reference",0.99647857027157,0.99171963826149,0.999644951258567,491,500,491,500,4982,0.573480611058492,0.761627906693137,0.265999933502069,-0.495627973191067,0.501223344901365,0.0060712072117133,7.45628690743865e-05,0.447579410090222,NA,NA,NA,NA,14,3014,"joint matched alpha + V_n"
"Zipf Markov control",0.986574408827638,0.988813608966382,0.999599323790625,491,500,491,500,4969,0.625089118234246,0.76662695508118,0.377854291476108,-0.388772663605072,0.500776848349786,0.192938935186499,0.186675878198445,1405.30009814904,NA,NA,NA,NA,14,3014,"joint matched alpha + V_n"
"latent mixture",0.96759772464606,0.975556458338731,0.999424899276615,491,500,491,500,5051,0.478691153068663,0.489480936275765,0.278841560493982,-0.210639375781783,0.501315991489922,0.198204298842767,0.000546150295384518,0.795885081599342,1.49515660070665,0.947511471832988,NA,NA,14,3014,"joint matched alpha + V_n"
"sample-space reduction",0.998080524320031,0.998877452443757,0.999413795827315,491,500,491,500,4987,0.564951709678616,0.782601091447777,0.255658817286394,-0.526942274161383,0.947706030376562,0.366548898411925,0.350818784039615,2682.76965884429,NA,NA,NA,NA,14,3014,"joint matched alpha + V_n"
"finite Zipf reference",0.990866257173419,0.996091870840252,0.999400404732833,491,500,491,500,4986,0.572486666356359,0.756478069865033,0.254757682243883,-0.501720387621149,0.500932109640677,0.00575697135468458,-0.000219759359332716,-1.78003354751654,NA,NA,NA,NA,15,3015,"joint matched alpha + V_n"
"Zipf Markov control",0.973466370686681,0.988488385655144,0.999073419216739,491,500,491,500,5029,0.639203353564774,0.798467392977086,0.364644421337925,-0.433822971639161,0.501282878685325,0.193306343841549,0.187099203941432,1009.59320196804,NA,NA,NA,NA,15,3015,"joint matched alpha + V_n"
"latent mixture",1.03076359553371,1.00257565158149,0.998234907463797,491,500,491,500,5027,0.715806530670572,1.1533717696299,0.273496435605584,-0.879875334024319,0.499410734544173,0.190555179194273,0.000484873921593049,0.867498441824725,1.40511979926161,0.948754365769249,NA,NA,15,3015,"joint matched alpha + V_n"
"sample-space reduction",0.987774370173569,0.991442029706786,0.9993860386265,491,500,491,500,4967,0.571744374288534,0.761381583169011,0.264497986049285,-0.496883597119727,0.945892796943477,0.365464347824033,0.349682582706653,1695.57699841099,NA,NA,NA,NA,15,3015,"joint matched alpha + V_n"
"finite Zipf reference",0.995375763638903,0.996885832538527,0.999447108564932,491,500,491,500,4979,0.564009606464212,0.755885961061188,0.271971444862681,-0.483914516198507,0.50070170765937,0.0061127255774667,9.77808281605701e-05,0.598886576863385,NA,NA,NA,NA,16,3016,"joint matched alpha + V_n"
"Zipf Markov control",0.982534376866269,0.988630348283477,0.99925848873034,491,500,491,500,4993,0.631733366107662,0.782654727944226,0.386370707514102,-0.396284020430124,0.500929719508352,0.192495551201136,0.18635197088948,1046.13889015499,NA,NA,NA,NA,16,3016,"joint matched alpha + V_n"
"latent mixture",1.01625269109244,0.979609132763712,0.998059018466426,491,500,491,500,4944,0.525831548971129,0.424303111474068,0.325175070184122,-0.0991280412899469,0.499332649436888,0.186933831345015,-0.000171260829389341,-0.294570709146319,1.52275715793945,0.952660426018571,NA,NA,16,3016,"joint matched alpha + V_n"
"sample-space reduction",0.991890030812692,0.995707934469562,0.999410658289106,491,500,491,500,4985,0.571821374758691,0.77110511759541,0.265949346190888,-0.505155771404522,0.947283304507985,0.365926195708496,0.350152165415524,2425.02712276488,NA,NA,NA,NA,16,3016,"joint matched alpha + V_n"
"finite Zipf reference",0.984901363938005,0.991660252694111,0.999407009093275,491,500,491,500,4989,0.574091599651638,0.77616502226123,0.256340617169654,-0.519824405091575,0.501177651251382,0.00619805581107031,0.000124919997183314,0.75758740963399,NA,NA,NA,NA,17,3017,"joint matched alpha + V_n"
"Zipf Markov control",0.981245862756228,0.989434621640133,0.999147553283738,491,500,491,500,4998,0.628088032174756,0.750996446754025,0.374152915128953,-0.376843531625073,0.49805243326603,0.198894612044939,0.192672087399943,1060.85682417853,NA,NA,NA,NA,17,3017,"joint matched alpha + V_n"
"latent mixture",0.931820562238582,0.958567574370773,0.998570747256802,491,500,491,500,5106,0.575015496882065,0.486177718524159,0.288021622556633,-0.198156095967526,0.499114005360268,0.219428830871912,0.00145257832945103,2.83775445855824,1.62249592833469,0.945556770875055,NA,NA,17,3017,"joint matched alpha + V_n"
"sample-space reduction",1.00099593623965,0.998494370063846,0.999493707707233,491,500,491,500,4989,0.561455821353338,0.717511985153605,0.273835388426516,-0.443676596727089,0.945818782073597,0.366560506220161,0.350863962455735,2837.85347175489,NA,NA,NA,NA,17,3017,"joint matched alpha + V_n"
"finite Zipf reference",0.999991753562157,0.99944559227035,0.999284211980716,491,500,491,500,4989,0.575765917975558,0.754392458477294,0.264350439323629,-0.490042019153665,0.500927358616237,0.00582716673757913,-0.000214368864935061,-1.42012669004178,NA,NA,NA,NA,18,3018,"joint matched alpha + V_n"
"Zipf Markov control",0.971965488319443,0.983223663436359,0.999186910529905,491,500,491,500,4993,0.640746558129906,0.808592798576061,0.375897070056168,-0.432695728519893,0.501384344324188,0.191030859231312,0.184803283580096,1293.45979869521,NA,NA,NA,NA,18,3018,"joint matched alpha + V_n"
"latent mixture",1.00899392640813,1.00337739552981,0.999160844011393,491,500,491,500,4965,0.700617079970044,0.945190239964723,0.349190638766054,-0.59599960119867,0.499988996478873,0.192749810689626,-0.000281553842776755,-0.485052763866198,1.58488653031008,0.951891729327834,NA,NA,18,3018,"joint matched alpha + V_n"
"sample-space reduction",0.997688070182125,1.00226355710702,0.999503412486647,491,500,491,500,5003,0.5683160489794,0.739565185502468,0.272119819472515,-0.467445366029953,0.947882516728792,0.366345785455062,0.350727103252807,1693.46649046674,NA,NA,NA,NA,18,3018,"joint matched alpha + V_n"
"finite Zipf reference",0.995721296168349,1.00313834208308,0.999394708863167,491,500,491,500,4982,0.573885346155154,0.788884021614938,0.263699677976978,-0.52518434363796,0.500537683964728,0.00591412887790536,-5.34075822927835e-05,-0.273897944791659,NA,NA,NA,NA,19,3019,"joint matched alpha + V_n"
"Zipf Markov control",0.976509074441547,0.98690445363253,0.998962339799857,491,500,491,500,4998,0.643700648528378,0.786996192304464,0.374887372871607,-0.412108819432857,0.499314582840936,0.191541451286784,0.185268031050101,1136.30007367574,NA,NA,NA,NA,19,3019,"joint matched alpha + V_n"
"latent mixture",0.92713561002189,0.972879753869376,0.997416778926298,491,500,491,500,5013,0.650328284893499,0.954035779816155,0.290958407589671,-0.663077372226484,0.50010016025641,0.213812512575548,-0.000239372760341638,-0.308420508607339,1.58687033407338,0.950460466483804,NA,NA,19,3019,"joint matched alpha + V_n"
"sample-space reduction",0.99043127626097,0.995754037084765,0.999382875489234,491,500,491,500,4986,0.564100222658756,0.723307216331218,0.275203753987807,-0.448103462343411,0.945428622749113,0.365934047666619,0.350185570263478,2558.16237127292,NA,NA,NA,NA,19,3019,"joint matched alpha + V_n"
"finite Zipf reference",0.988250526093844,0.991951392137867,0.999398702684564,491,500,491,500,4985,0.566522468702686,0.779441363865242,0.253541854842884,-0.525899509022358,0.498166284215702,0.00608497600035039,0.000128520953417104,0.787654363621,NA,NA,NA,NA,20,3020,"joint matched alpha + V_n"
"Zipf Markov control",0.992312254765676,0.996910719560308,0.999373828219088,491,500,491,500,4986,0.623663529631075,0.732138687980566,0.37556839541201,-0.356570292568556,0.498860546623289,0.1957492865396,0.189484645263705,1730.7264840373,NA,NA,NA,NA,20,3020,"joint matched alpha + V_n"
"latent mixture",1.02268219060725,0.993387886742576,0.99866387669437,491,500,491,500,4997,0.482323678727563,0.450268485621477,0.28603500920713,-0.164233476414347,0.502043964519861,0.190179125133853,0.000449398150559666,0.56621940379742,1.5303398366969,0.944756763825488,NA,NA,20,3020,"joint matched alpha + V_n"
"sample-space reduction",0.9901341681035,0.996693102221437,0.999423159317254,491,500,491,500,4986,0.571646756970464,0.803346036870323,0.266388773994949,-0.536957262875374,0.945169624803415,0.365147253734305,0.349393669759001,1828.70376438607,NA,NA,NA,NA,20,3020,"joint matched alpha + V_n"
"finite Zipf reference",0.994001893110144,0.992139482798658,0.999444675711533,491,500,491,500,4972,0.568133202717665,0.746347610221222,0.258009334251062,-0.488338275970159,0.500502152080344,0.00628151599046216,0.000243524151110148,1.45022177056377,NA,NA,NA,NA,21,3021,"joint matched alpha + V_n"
"Zipf Markov control",0.98335457447821,0.987739755867642,0.999368687678984,491,500,491,500,4984,0.630076181218128,0.782573260384613,0.371789975248546,-0.410783285136067,0.500824706640067,0.19151635166079,0.185312560661153,1096.48049248166,NA,NA,NA,NA,21,3021,"joint matched alpha + V_n"
"latent mixture",1.00879499606571,1.00415462336134,0.998946117302608,491,500,491,500,5017,0.642398495678466,0.874460899492893,0.364313927244166,-0.510146972248727,0.499174990099881,0.193348297778547,-0.000127709600292542,-0.286534581909333,1.60481121757052,0.950977176097534,NA,NA,21,3021,"joint matched alpha + V_n"
"sample-space reduction",0.995263768940114,0.999151794750352,0.999483665176507,491,500,491,500,4996,0.566769598238126,0.754319935223407,0.247696729806375,-0.506623205417032,0.943398343694593,0.367405189857332,0.351838858897767,2083.40180304409,NA,NA,NA,NA,21,3021,"joint matched alpha + V_n"
"finite Zipf reference",0.989769659831259,0.997267934790225,0.999232346816774,491,500,491,500,4978,0.561138305171154,0.728126624935298,0.258333936593795,-0.469792688341503,0.499907764204313,0.00593258499114933,-5.89099136961884e-05,-0.512869160738557,NA,NA,NA,NA,22,3022,"joint matched alpha + V_n"
"Zipf Markov control",0.991466612715459,0.987672721490306,0.999334767439026,491,500,491,500,4981,0.630238092522312,0.788242394395676,0.373787191098199,-0.414455203297476,0.50251833663865,0.19264582009374,0.186414556185062,1144.58293417355,NA,NA,NA,NA,22,3022,"joint matched alpha + V_n"
"latent mixture",0.971592850437732,0.995561323310246,0.998704900698272,491,500,491,500,5015,0.880392982535152,2.08329436014519,0.293429787763816,-1.78986457238137,0.499135553902044,0.199280013733205,-7.64110521768724e-05,-0.112762569304869,1.61519041634097,0.944481984073909,NA,NA,22,3022,"joint matched alpha + V_n"
"sample-space reduction",0.98976848170313,0.996761964437527,0.999381682834812,491,500,491,500,5001,0.570969920706506,0.789982494906975,0.260244353073701,-0.529738141833274,0.947656206141582,0.365124810629558,0.34954468198958,1868.00409185295,NA,NA,NA,NA,22,3022,"joint matched alpha + V_n"
"finite Zipf reference",0.988893123998885,0.996574164249,0.999144814454945,491,500,491,500,4994,0.579009385865043,0.781119461457147,0.259987573671867,-0.52113188778528,0.500885989081337,0.00613061108591063,7.7157484172718e-05,0.526046533882515,NA,NA,NA,NA,23,3023,"joint matched alpha + V_n"
"Zipf Markov control",0.986221278223052,0.98678982295693,0.999539286990728,491,500,491,500,4986,0.633030929804033,0.796306028238403,0.375924615775346,-0.420381412463057,0.500023626884244,0.19553888939172,0.189267057507096,1221.8800874146,NA,NA,NA,NA,23,3023,"joint matched alpha + V_n"
"latent mixture",0.977283547235187,0.989689609598455,0.999388822337576,491,500,491,500,4993,0.579883731852715,1.03291604056981,0.280201497888026,-0.752714542681784,0.500596705294505,0.203918038586661,-0.000170708725779484,-0.279695290572493,1.67236502607282,0.958381779935333,NA,NA,23,3023,"joint matched alpha + V_n"
"sample-space reduction",0.990555397668238,0.993392367174268,0.999255748472824,491,500,491,500,4986,0.563332515202791,0.744336195558619,0.265482457444872,-0.478853738113747,0.94516686879576,0.366314471786929,0.350660876193183,2293.82690186746,NA,NA,NA,NA,23,3023,"joint matched alpha + V_n"
"finite Zipf reference",0.996509865280921,0.99785410852338,0.999294951002877,491,500,491,500,4997,0.561429097709894,0.774236301934133,0.262821396884713,-0.511414905049419,0.500927168601256,0.0060422355906641,4.59725749249931e-05,0.327843976597733,NA,NA,NA,NA,24,3024,"joint matched alpha + V_n"
"Zipf Markov control",0.977659869756699,0.982902018998856,0.999514815109319,491,500,491,500,5014,0.625961583655154,0.778204798465673,0.376337492852492,-0.40186730561318,0.499212126942107,0.194572948584621,0.188315784163192,1315.53528289719,NA,NA,NA,NA,24,3024,"joint matched alpha + V_n"
"latent mixture",0.991542223372492,1.00324243754094,0.999533609848421,491,500,491,500,5049,0.517326062752106,0.499800404566622,0.293458193397836,-0.206342211168786,0.500392851214519,0.199723483854805,-0.000190342972661822,-0.277796115045525,1.61397842016479,0.949250017508929,NA,NA,24,3024,"joint matched alpha + V_n"
"sample-space reduction",0.98368932927191,0.992784523279813,0.99929528646986,491,500,491,500,4980,0.563795770581537,0.76164625788863,0.259958669375593,-0.501687588513037,0.94650663609903,0.364170550363017,0.348432433210081,1961.58913418796,NA,NA,NA,NA,24,3024,"joint matched alpha + V_n"
"finite Zipf reference",0.989227497043474,0.984817755154481,0.999541444947959,491,500,491,500,5002,0.577016166369678,0.783665424793519,0.267299584496019,-0.5163658402975,0.499441912856485,0.00601669452084305,2.42371548057471e-05,0.153865503551843,NA,NA,NA,NA,25,3025,"joint matched alpha + V_n"
"Zipf Markov control",0.977672727688216,0.991327990668358,0.998748952796107,491,500,491,500,5021,0.650177434318861,0.820857493611712,0.377376063125823,-0.44348143048589,0.50051206100616,0.196919232640428,0.190780893071952,1810.80137903946,NA,NA,NA,NA,25,3025,"joint matched alpha + V_n"
"latent mixture",1.00600985246924,0.982485691557188,0.998962263828768,491,500,491,500,5059,0.75388725266576,0.352570928014095,0.315895601550982,-0.0366753264631133,0.498092966508755,0.19589688630313,-0.000235058524723247,-0.608543473300924,1.57605224674117,0.940204596681451,NA,NA,25,3025,"joint matched alpha + V_n"
"sample-space reduction",0.979897880653186,0.991980970793048,0.999196455877466,491,500,491,500,4974,0.55916855213632,0.73925340836042,0.261946197638345,-0.477307210722075,0.946836836724376,0.365367435406425,0.3496344463673,2254.97381517053,NA,NA,NA,NA,25,3025,"joint matched alpha + V_n"
"finite Zipf reference",0.984351914966082,0.991171358750405,0.999132567706128,491,500,491,500,4968,0.571711808412171,0.7712168191883,0.270413052111389,-0.500803767076911,0.501260039337813,0.00590748713998553,-9.81714496659375e-05,-0.573356885425142,NA,NA,NA,NA,26,3026,"joint matched alpha + V_n"
"Zipf Markov control",0.986580223992253,0.993200101247245,0.999549940665345,491,500,491,500,4982,0.617805949314191,0.767698537078869,0.377672317548779,-0.39002621953009,0.498477365605819,0.195941180471262,0.189767936604694,1146.13188627009,NA,NA,NA,NA,26,3026,"joint matched alpha + V_n"
"latent mixture",0.961398928680715,0.977927583710452,0.998950790236522,491,500,491,500,4999,0.511607948067936,0.610616764956455,0.297085901014961,-0.313530863941494,0.498959702146299,0.200600885524973,-0.00103480731269626,-1.87734627927322,1.80062209587589,0.950930780556073,NA,NA,26,3026,"joint matched alpha + V_n"
"sample-space reduction",0.98667577484113,0.991325875606726,0.999442925836503,491,500,491,500,4977,0.574291757759528,0.80377780678182,0.258263428433484,-0.545514378348336,0.947109388167875,0.364820996207605,0.349040629520338,2548.54068229991,NA,NA,NA,NA,26,3026,"joint matched alpha + V_n"
"finite Zipf reference",0.988126705775144,0.99416791390349,0.998905910069661,491,500,491,500,4965,0.573294454726868,0.780157869249364,0.258335625324325,-0.521822243925039,0.498018291121739,0.00591333952384542,-7.38876680887396e-05,-0.563000226310407,NA,NA,NA,NA,27,3027,"joint matched alpha + V_n"
"Zipf Markov control",0.967151207679931,0.982971025757175,0.998830312324474,491,500,491,500,4970,0.619001759049341,0.752650578554763,0.369837492365643,-0.38281308618912,0.499558554581573,0.194651010792786,0.188345391298682,1153.51885396046,NA,NA,NA,NA,27,3027,"joint matched alpha + V_n"
"latent mixture",0.95830621270267,0.979965475808891,0.998890642604617,491,500,491,500,5029,0.591951992674732,1.15174451973321,0.289863830980959,-0.861880688752247,0.500637316278073,0.21700902707682,-0.000859088915552086,-2.08021011106895,1.96931343464273,0.951490646107709,NA,NA,27,3027,"joint matched alpha + V_n"
"sample-space reduction",0.990861973160618,0.99607372392414,0.999289654860395,491,500,491,500,4991,0.577700227477404,0.766803193295795,0.261161232946846,-0.505641960348949,0.945036178149297,0.365938350522129,0.350178220315029,1997.83651122559,NA,NA,NA,NA,27,3027,"joint matched alpha + V_n"
"finite Zipf reference",0.988361935013763,0.993871671246131,0.999441054853873,491,500,491,500,4989,0.576576893856067,0.812975563109351,0.265380854463415,-0.547594708645936,0.500619680224519,0.00615521406379285,0.000136856313697162,0.83701270322883,NA,NA,NA,NA,28,3028,"joint matched alpha + V_n"
"Zipf Markov control",0.978977683517619,0.992879857702881,0.999213358736943,491,500,491,500,4977,0.633503768760448,0.767461985161414,0.366198921509536,-0.401263063651878,0.499700551615445,0.194400431499993,0.188185131057897,1228.02517765337,NA,NA,NA,NA,28,3028,"joint matched alpha + V_n"
"latent mixture",0.988016102947619,0.974100434750679,0.999008937637119,491,500,491,500,5033,0.540569338344557,0.391276746034311,0.329475264663723,-0.0618014813705872,0.500290490545355,0.19541887520642,0.000484631848781253,1.01980910059297,1.51385846484207,0.945945039251265,NA,NA,28,3028,"joint matched alpha + V_n"
"sample-space reduction",0.986942718792299,0.98816591070571,0.999434339474807,491,500,491,500,4992,0.560339358408657,0.729331803980853,0.277400391350344,-0.451931412630508,0.945462096212988,0.368587556793035,0.35281431828374,2435.39262313845,NA,NA,NA,NA,28,3028,"joint matched alpha + V_n"
"finite Zipf reference",1.00156643094564,1.00129562066569,0.999535076989462,491,500,491,500,4998,0.580286417941534,0.786994351621074,0.268563243920471,-0.518431107700603,0.500215133075174,0.00601258113327614,2.80706421915376e-05,0.194637238961401,NA,NA,NA,NA,29,3029,"joint matched alpha + V_n"
"Zipf Markov control",0.992989884319726,1.00227494034512,0.99930047106358,491,500,491,500,5017,0.640228852973437,0.808658980601014,0.376561115560288,-0.432097865040726,0.499937114828323,0.194800997466073,0.188610082772389,1181.0045066884,NA,NA,NA,NA,29,3029,"joint matched alpha + V_n"
"latent mixture",0.967131559976181,0.980717956374917,0.999124639558912,491,500,491,500,5012,0.657912462941744,0.653004274689051,0.268426037544286,-0.384578237144765,0.499284724147491,0.206322928960322,-0.000328334698261545,-0.51680831405276,1.46281732523189,0.948504408858588,NA,NA,29,3029,"joint matched alpha + V_n"
"sample-space reduction",0.990391244914411,0.990714824464897,0.999530459966317,491,500,491,500,4970,0.562278060756194,0.755930323842786,0.259020904128869,-0.496909419713917,0.945706489393956,0.364506196043624,0.348826160547375,2399.146178062,NA,NA,NA,NA,29,3029,"joint matched alpha + V_n"
"finite Zipf reference",0.994033115409453,0.996728404895714,0.999325606954512,491,500,491,500,4995,0.570458908638051,0.756665437784785,0.263687077076186,-0.492978360708598,0.500445363611233,0.00619825728510571,0.000121107684343847,0.901236944640274,NA,NA,NA,NA,30,3030,"joint matched alpha + V_n"
"Zipf Markov control",0.981633570091258,0.987302352444107,0.999325225666847,491,500,491,500,4991,0.629111739203417,0.809816227679804,0.38763521608555,-0.422181011594254,0.499503976064877,0.19388437001815,0.187683646719439,1109.58511092456,NA,NA,NA,NA,30,3030,"joint matched alpha + V_n"
"latent mixture",1.08414740525257,1.08267681130719,0.999058440872034,491,500,491,500,4928,0.60303172589108,0.854448064768335,0.267268296013051,-0.587179768755284,0.499714090919088,0.177074403033969,0.00014705981654653,0.261739017302972,1.47877526514168,0.959495576472381,NA,NA,30,3030,"joint matched alpha + V_n"
"sample-space reduction",0.9915396014376,0.991232387678508,0.999443912982729,491,500,491,500,4975,0.566062591094153,0.753463328628894,0.258919493609083,-0.494543835019812,0.945155310902657,0.365081172995323,0.349174832006014,1948.36543720541,NA,NA,NA,NA,30,3030,"joint matched alpha + V_n"
"finite Zipf reference",0.989056398472047,0.994263626276459,0.999477932502234,491,500,491,500,4999,0.58078990658714,0.739330671710573,0.249328658756212,-0.490002012954361,0.501034836065574,0.00601679381959427,1.66606439742202e-05,0.106516965140029,NA,NA,NA,NA,31,3031,"joint matched alpha + V_n"
"Zipf Markov control",0.975819303516718,0.985526938062575,0.99929119397795,491,500,491,500,5011,0.628293782120821,0.810219256588806,0.371123578051889,-0.439095678536917,0.498449234063322,0.192832453659826,0.18655109561755,951.79590734134,NA,NA,NA,NA,31,3031,"joint matched alpha + V_n"
"latent mixture",1.01533676786784,1.05225268876662,0.996919965795437,491,500,491,500,4958,0.580630439754474,0.32934220401246,0.270735673630113,-0.0586065303823468,0.500598721221843,0.210012383019774,0.000760680850766138,1.73607556908399,1.87279608043142,0.959244379619623,NA,NA,31,3031,"joint matched alpha + V_n"
"sample-space reduction",0.997260044484115,1.00110794079926,0.99922817374105,491,500,491,500,4965,0.573479857981912,0.797298293533924,0.257933573051104,-0.53936472048282,0.94647551850437,0.365460601298056,0.349695014159913,2167.97745438377,NA,NA,NA,NA,31,3031,"joint matched alpha + V_n"
"finite Zipf reference",0.996938496965888,0.996291844425682,0.999485386510807,491,500,491,500,4993,0.576486581069872,0.785313774728988,0.259770380964425,-0.525543393764563,0.500918033459499,0.00616897121541218,0.000165689483951762,1.26506638059578,NA,NA,NA,NA,32,3032,"joint matched alpha + V_n"
"Zipf Markov control",0.985207130725786,0.99421071877695,0.999005939601855,491,500,491,500,5003,0.619297830319071,0.770734195946791,0.384493478999631,-0.386240716947159,0.498108031406679,0.194495394107882,0.188305370776657,1169.35504492589,NA,NA,NA,NA,32,3032,"joint matched alpha + V_n"
"latent mixture",0.9671944824195,0.952833229503485,0.998930150333314,491,500,491,500,4895,0.65198266246438,1.2210133503955,0.326307589617697,-0.894705760777807,0.499502726805757,0.187184654434639,-0.00057238043112523,-1.19592358874693,1.43026485968161,0.942785120943238,NA,NA,32,3032,"joint matched alpha + V_n"
"sample-space reduction",0.998106939488467,0.998329844894863,0.999685487440626,491,500,491,500,4992,0.568033169956578,0.757144711563532,0.254676307367882,-0.50246840419565,0.945443927857512,0.365296560747061,0.349586410598849,2014.62868663975,NA,NA,NA,NA,32,3032,"joint matched alpha + V_n"
"finite Zipf reference",0.998683569498224,0.995717651189234,0.999518173311652,491,500,491,500,4996,0.575614217229225,0.777276133037052,0.26279460718655,-0.514481525850501,0.500860074130199,0.00617460716075722,0.000177485142552382,1.21296889756366,NA,NA,NA,NA,33,3033,"joint matched alpha + V_n"
"Zipf Markov control",0.990059544724246,0.994051134001198,0.999340421080594,491,500,491,500,4995,0.635255655829981,0.784075218484112,0.379160498002103,-0.404914720482009,0.500464427966435,0.194079776093756,0.187851581181529,949.870780494913,NA,NA,NA,NA,33,3033,"joint matched alpha + V_n"
"latent mixture",0.969804671806839,0.978560912994683,0.998761665591509,491,500,491,500,5045,0.60943943038453,0.786782550517585,0.323364448546939,-0.463418101970646,0.498511722277344,0.210733297102948,0.000293174159524484,0.50597398047396,1.69770988085038,0.95507703691926,NA,NA,33,3033,"joint matched alpha + V_n"
"sample-space reduction",0.99112017705756,0.996295326715918,0.999235388334605,491,500,491,500,5004,0.560979460538756,0.758001488578265,0.250333055567381,-0.507668433010884,0.942812549125289,0.366514294785435,0.350856139199322,2555.60548109822,NA,NA,NA,NA,33,3033,"joint matched alpha + V_n"
"finite Zipf reference",0.990681789319877,0.997763289052737,0.999419913938492,491,500,491,500,4957,0.567792390522978,0.758434171855192,0.26045708783944,-0.497977084015752,0.498729716439928,0.0057328345292053,-0.000327993621625501,-1.78455892174377,NA,NA,NA,NA,34,3034,"joint matched alpha + V_n"
"Zipf Markov control",0.988437996151998,1.00309569749321,0.999169952654658,491,500,491,500,5004,0.628862193478247,0.788766614902071,0.379572621239398,-0.409193993662673,0.502048663640948,0.195536207996352,0.189394857975874,1339.9925551831,NA,NA,NA,NA,34,3034,"joint matched alpha + V_n"
"latent mixture",0.973662069240539,0.976273027832059,0.999344840641235,491,500,491,500,4960,0.621800634823055,0.961044579453636,0.341750933139642,-0.619293646313994,0.497982367647704,0.192665286581256,-0.000274368828044963,-0.34693154540763,1.49219176113877,0.94253164945688,NA,NA,34,3034,"joint matched alpha + V_n"
"sample-space reduction",0.994705238651689,1.00015266992149,0.999239418535117,491,500,491,500,4995,0.563559863214594,0.774311051748791,0.265074549911037,-0.509236501837754,0.950183610902108,0.366966236536222,0.351282275993093,2090.87195086161,NA,NA,NA,NA,34,3034,"joint matched alpha + V_n"
"finite Zipf reference",0.988340418291355,0.991580386220508,0.999510200137733,491,500,491,500,4973,0.560914302320153,0.778666203406524,0.259296242989965,-0.519369960416559,0.50127575853836,0.00586918325739547,-0.000105959319450411,-0.708239239921638,NA,NA,NA,NA,35,3035,"joint matched alpha + V_n"
"Zipf Markov control",0.981030520331447,0.98863763203116,0.999240861370859,491,500,491,500,4980,0.638798390392659,0.799959829537795,0.375659397511639,-0.424300432026156,0.498858393562914,0.195647794212328,0.189455696433747,1251.80343306179,NA,NA,NA,NA,35,3035,"joint matched alpha + V_n"
"latent mixture",1.05414608531363,1.07382187149089,0.997759998587343,491,500,491,500,5050,0.59004960082389,1.01203084056951,0.218272678893118,-0.793758161676391,0.501435491558866,0.194099060936117,0.000986669206195362,1.21875188990177,1.95536247933142,0.9505828470306,NA,NA,35,3035,"joint matched alpha + V_n"
"sample-space reduction",0.991768775037231,0.992046689081969,0.999405272976991,491,500,491,500,4983,0.576589059723943,0.781249850657759,0.273195361265545,-0.508054489392214,0.946282801289033,0.36528879789895,0.349527332367147,1604.64315577809,NA,NA,NA,NA,35,3035,"joint matched alpha + V_n"
"finite Zipf reference",0.997575104389923,0.99757169530998,0.999632491952761,491,500,491,500,4969,0.58182704234038,0.795014503968192,0.267190285102,-0.527824218866192,0.500025617641333,0.00565654298472407,-0.00037004877416576,-2.55707977020596,NA,NA,NA,NA,36,3036,"joint matched alpha + V_n"
"Zipf Markov control",0.997611346212089,1.00147839813344,0.999415881555905,491,500,491,500,4984,0.630538844094826,0.834583844183172,0.37638507320706,-0.458198770976112,0.500967270096412,0.192839068677259,0.186615970222685,1121.33003426219,NA,NA,NA,NA,36,3036,"joint matched alpha + V_n"
"latent mixture",0.988458026318198,1.03276885988491,0.996318692525164,491,500,491,500,4991,0.476892764073063,0.518578019723645,0.256799993818109,-0.261778025905536,0.500910746812386,0.192383615367926,-0.000252784565016567,-0.617342893006131,1.53088480109829,0.95122868777729,NA,NA,36,3036,"joint matched alpha + V_n"
"sample-space reduction",0.985150206730439,0.989926325275276,0.999597569421216,491,500,491,500,5003,0.566146412056464,0.780869453532048,0.259690706564005,-0.521178746968044,0.94634475014037,0.36681598998947,0.350988754659854,2301.35508299613,NA,NA,NA,NA,36,3036,"joint matched alpha + V_n"
"finite Zipf reference",0.989660919465229,0.990412540017873,0.999561978900469,491,500,491,500,4986,0.569431667548472,0.760086843399805,0.267077621711869,-0.493009221687936,0.499928359430969,0.0061874834367767,0.000135697891060486,0.84318047095494,NA,NA,NA,NA,37,3037,"joint matched alpha + V_n"
"Zipf Markov control",0.965231171566433,0.981776810991519,0.999173218591219,491,500,491,500,4964,0.635549187059236,0.790615214957355,0.390319018583151,-0.400296196374204,0.500062910886729,0.192694671635784,0.186484874124821,1174.53427555548,NA,NA,NA,NA,37,3037,"joint matched alpha + V_n"
"latent mixture",1.01043768308864,1.02930054344871,0.998685002316207,491,500,491,500,4980,0.808789926269156,1.75090435816429,0.285109173536222,-1.46579518462807,0.50126113085055,0.187915525464649,-0.000395018023828159,-0.648815636199549,1.43729139195647,0.952383312930039,NA,NA,37,3037,"joint matched alpha + V_n"
"sample-space reduction",0.989060500242101,0.995639012721663,0.99937056234867,491,500,491,500,4987,0.576275839249517,0.796038309964853,0.265962585115947,-0.530075724848906,0.946722692852167,0.365829345305039,0.349984788201815,2752.07200611802,NA,NA,NA,NA,37,3037,"joint matched alpha + V_n"
"finite Zipf reference",0.997896195592113,0.996935723794634,0.99933210072688,491,500,491,500,4996,0.564710964925495,0.733275278503595,0.263167127580403,-0.470108150923192,0.499165583119183,0.00595547562450344,-6.24859909381945e-05,-0.384240345846229,NA,NA,NA,NA,38,3038,"joint matched alpha + V_n"
"Zipf Markov control",0.981340326986252,0.985612223530342,0.999371874938106,491,500,491,500,5028,0.637642485639594,0.789389521618364,0.385251671173269,-0.404137850445095,0.50121933951132,0.193647796933643,0.187413772616694,1189.3445414186,NA,NA,NA,NA,38,3038,"joint matched alpha + V_n"
"latent mixture",1.00296323695948,1.02372391963036,0.999120022796894,491,500,491,500,4992,0.769066676769434,1.3752842368918,0.348873815520204,-1.0264104213716,0.500662807653219,0.193289056604288,-0.000907579887919979,-1.64623129604702,1.60809143561601,0.956962758832054,NA,NA,38,3038,"joint matched alpha + V_n"
"sample-space reduction",0.99241243336648,0.9957721032064,0.999487884091822,491,500,491,500,4977,0.572169936531047,0.7610213334182,0.265397593747491,-0.495623739670709,0.946830978004448,0.364737209697072,0.349040670597202,1451.82836919951,NA,NA,NA,NA,38,3038,"joint matched alpha + V_n"
"finite Zipf reference",0.995042322329516,0.998748048386708,0.999599425113313,491,500,491,500,5002,0.568224642113442,0.752236117142546,0.265056536186674,-0.487179580955872,0.501101310303142,0.00624668410642123,0.000271319565120473,2.03928953904526,NA,NA,NA,NA,39,3039,"joint matched alpha + V_n"
"Zipf Markov control",0.987921730277784,0.995524031620247,0.999347987114694,491,500,491,500,4986,0.633315091903126,0.783796604062768,0.374296095974807,-0.409500508087961,0.500031553704405,0.194704793851986,0.188498068224799,1102.21241220043,NA,NA,NA,NA,39,3039,"joint matched alpha + V_n"
"latent mixture",0.978611452446602,1.02127638851913,0.997649429720115,491,500,491,500,5046,0.501926021177797,1.02900272601468,0.256871785180011,-0.77213094083467,0.50067644114962,0.1990920833,0.000597159148154697,1.03355148748677,1.41462879493346,0.95368026053168,NA,NA,39,3039,"joint matched alpha + V_n"
"sample-space reduction",0.993811283516209,0.995625044916146,0.999564894168311,491,500,491,500,4983,0.567171125864831,0.743103717257133,0.251806257074573,-0.49129746018256,0.947453534729631,0.366550439836463,0.350830574488213,1974.157939963,NA,NA,NA,NA,39,3039,"joint matched alpha + V_n"
"finite Zipf reference",0.990650710432812,0.995358231352151,0.999321189955312,491,500,491,500,4980,0.568432392099077,0.781795604809578,0.262177529452179,-0.519618075357399,0.499297601591419,0.00590550492421695,-9.73578916875443e-05,-0.629859910360332,NA,NA,NA,NA,40,3040,"joint matched alpha + V_n"
"Zipf Markov control",0.988703360310324,0.995709777406063,0.999248523560885,491,500,491,500,4999,0.632492798168151,0.774004231242469,0.377216900830849,-0.39678733041162,0.500931565186078,0.193609733959332,0.187433982587164,1078.73484257773,NA,NA,NA,NA,40,3040,"joint matched alpha + V_n"
"latent mixture",1.01745830876319,1.00770083171158,0.998802061387047,491,500,491,500,4878,0.562486487505288,0.784706541475699,0.269508145941723,-0.515198395533975,0.500374372785892,0.192979983974159,-0.000298854649029678,-0.462024251814769,1.83917705904889,0.955209997465504,NA,NA,40,3040,"joint matched alpha + V_n"
"sample-space reduction",0.990190071295185,0.99493916675091,0.999209141517428,491,500,491,500,4976,0.571451567776336,0.790548095015898,0.258516751446916,-0.532031343568982,0.94500510771096,0.365956937373538,0.350212719854018,2371.97405011681,NA,NA,NA,NA,40,3040,"joint matched alpha + V_n"
"finite Zipf reference",0.985401989858183,0.991374828246809,0.999112975354405,491,500,491,500,4982,0.566675438002479,0.75833213698326,0.268318988280345,-0.490013148702916,0.498325772858064,0.00596944503887107,-8.82632794122823e-05,-0.744563600841263,NA,NA,NA,NA,41,3041,"joint matched alpha + V_n"
"Zipf Markov control",0.988049048728207,0.991107474265069,0.999372897388037,491,500,491,500,5023,0.639361808388975,0.799563785487265,0.376747598879089,-0.422816186608176,0.50035426933917,0.195432885458363,0.189187839664625,1413.8128693933,NA,NA,NA,NA,41,3041,"joint matched alpha + V_n"
"latent mixture",0.9356020411494,0.976897702333527,0.99748588281401,491,500,491,500,5037,0.584069640627713,0.724679261880033,0.268864687697008,-0.455814574183025,0.498921156344261,0.208144560732591,0.000280082582158836,0.496848187137228,1.80123685051332,0.947036552129201,NA,NA,41,3041,"joint matched alpha + V_n"
"sample-space reduction",0.988805507404615,0.994141658489629,0.999547946787831,491,500,491,500,4986,0.570174134764857,0.776300465699372,0.26667917962216,-0.509621286077212,0.945444540523544,0.36594265719956,0.350185606650503,1766.47100759996,NA,NA,NA,NA,41,3041,"joint matched alpha + V_n"
"finite Zipf reference",0.992477174097989,0.99341655363506,0.999509601986088,491,500,491,500,4990,0.569915464419944,0.732268430705225,0.262258117099811,-0.470010313605415,0.500686109859501,0.0059066200415363,-0.000127862424853939,-0.60914157589495,NA,NA,NA,NA,42,3042,"joint matched alpha + V_n"
"Zipf Markov control",0.986613929217921,0.987046309825718,0.99942116900549,491,500,491,500,4984,0.634300889091933,0.76740801705514,0.371631096957953,-0.395776920097188,0.501014677426967,0.194371540216885,0.188141962968058,1388.15536603293,NA,NA,NA,NA,42,3042,"joint matched alpha + V_n"
"latent mixture",1.00373824338155,0.995060515132472,0.999160275571151,491,500,491,500,5013,0.839122052030121,1.35791013605729,0.411001230953893,-0.946908905103402,0.499840405040999,0.194852335465827,-0.000715225632185429,-1.27684703367855,1.61640886117154,0.94479648078553,NA,NA,42,3042,"joint matched alpha + V_n"
"sample-space reduction",0.997250227365009,1.00251149053917,0.99930521714157,491,500,491,500,4989,0.578906893258687,0.795949252990988,0.263680281711783,-0.532268971279205,0.947538074486724,0.364987734386015,0.349294808171729,2635.88599221496,NA,NA,NA,NA,42,3042,"joint matched alpha + V_n"
"finite Zipf reference",0.990746875470416,0.995046703764796,0.999483903279502,491,500,491,500,5018,0.576775367845173,0.78007207347474,0.265250824068141,-0.514821249406598,0.499375383985255,0.00621061488015193,0.00017758147198244,0.998663412734665,NA,NA,NA,NA,43,3043,"joint matched alpha + V_n"
"Zipf Markov control",0.991446317587803,0.990310826823209,0.999367487616763,491,500,491,500,4961,0.642674822391381,0.831498803752189,0.367832256961959,-0.463666546790231,0.501186118486167,0.192558259443018,0.186389040539434,1231.87949217001,NA,NA,NA,NA,43,3043,"joint matched alpha + V_n"
"latent mixture",0.95369990873554,0.951620602789287,0.99917323480241,491,500,491,500,4989,0.499318738439693,0.502016682620555,0.287237263054159,-0.214779419566396,0.500205992717879,0.209779440340043,-0.000204973650430623,-0.409094960713971,1.70442049184428,0.952140746768806,NA,NA,43,3043,"joint matched alpha + V_n"
"sample-space reduction",0.997006696586391,0.997421594607375,0.999363676107744,491,500,491,500,5009,0.57522205910671,0.773646142226247,0.253344921272321,-0.520301220953926,0.946304201303078,0.364271254762447,0.348500845113672,2065.88903948961,NA,NA,NA,NA,43,3043,"joint matched alpha + V_n"
"finite Zipf reference",1.00022801996603,1.00119497822386,0.999502788957994,491,500,491,500,4990,0.572187858230947,0.783374542270694,0.265261756028371,-0.518112786242324,0.499595547955725,0.00609783262812529,0.000106501833568973,0.582300225631494,NA,NA,NA,NA,44,3044,"joint matched alpha + V_n"
"Zipf Markov control",0.980415077342186,0.988940215060993,0.999265854590123,491,500,491,500,4983,0.62785983735444,0.808777692226944,0.370662892884992,-0.438114799341952,0.501404139846018,0.195125940635261,0.188895400211902,1228.180527534,NA,NA,NA,NA,44,3044,"joint matched alpha + V_n"
"latent mixture",1.0137828650029,1.02544505232427,0.99909249893761,491,500,491,500,5029,0.687103878356727,1.53677895296521,0.19645828433229,-1.34032066863292,0.501077887117853,0.201085476593481,0.000222985162126405,0.482145856494218,1.61630800008847,0.951404046208885,NA,NA,44,3044,"joint matched alpha + V_n"
"sample-space reduction",0.98985558540908,0.994904268978006,0.99948827738815,491,500,491,500,5001,0.578686063043871,0.793300128020665,0.271104748359191,-0.522195379661474,0.944437583500803,0.366723908392957,0.350955703823607,1948.25035650312,NA,NA,NA,NA,44,3044,"joint matched alpha + V_n"
"finite Zipf reference",0.994478333576788,0.994421251700985,0.999593742252609,491,500,491,500,5004,0.57096805506306,0.814459292132315,0.266165056242047,-0.548294235890268,0.4983669332132,0.00610143877626557,9.26337213480845e-05,0.891832880726552,NA,NA,NA,NA,45,3045,"joint matched alpha + V_n"
"Zipf Markov control",0.986165372566682,0.98931833099008,0.999429222411413,491,500,491,500,4993,0.637124285822211,0.749823406697645,0.377124727388098,-0.372698679309547,0.500220841089062,0.193879000235978,0.187621648281699,1221.59468223196,NA,NA,NA,NA,45,3045,"joint matched alpha + V_n"
"latent mixture",1.02651259988485,1.01399185128264,0.999165063146728,491,500,491,500,5027,0.543164030056984,0.151751978898207,0.253958565935923,0.102206587037716,0.500785174130461,0.199266926324289,3.90158258837259e-05,0.0641559788153832,1.56597622504123,0.95198973516449,NA,NA,45,3045,"joint matched alpha + V_n"
"sample-space reduction",0.998371180420723,1.00143769924723,0.999575958131641,491,500,491,500,4963,0.559053962119034,0.729733791036031,0.256732348255558,-0.473001442780473,0.945113322401671,0.366751240385249,0.351069880838483,2049.67964933102,NA,NA,NA,NA,45,3045,"joint matched alpha + V_n"
"finite Zipf reference",0.993884719194828,0.998795352570658,0.999492842462202,491,500,491,500,4974,0.569137377973775,0.755158312953636,0.265751011173904,-0.489407301779732,0.499641855800913,0.00588344135211799,-9.05187464240696e-05,-0.63454966360758,NA,NA,NA,NA,46,3046,"joint matched alpha + V_n"
"Zipf Markov control",0.985277173496327,0.987160263396195,0.999115322539226,491,500,491,500,4981,0.636229171457205,0.792763653156584,0.36716785932945,-0.425595793827134,0.499960597033745,0.193036318513811,0.186755784350803,1592.46345237763,NA,NA,NA,NA,46,3046,"joint matched alpha + V_n"
"latent mixture",1.03875964861886,1.04048234922079,0.998930962393425,491,500,491,500,4989,0.447472826822584,0.775789260481923,0.314671244096956,-0.461118016384968,0.500206766287036,0.192905948450861,-0.000893750960374029,-1.83172776518987,1.8051057414226,0.951468116384309,NA,NA,46,3046,"joint matched alpha + V_n"
"sample-space reduction",0.988559157729983,0.995338230319496,0.999241846977208,491,500,491,500,4981,0.572511604847432,0.775028451612147,0.267372642463992,-0.507655809148155,0.944615419175128,0.366656467682487,0.350885216622321,2401.74548166881,NA,NA,NA,NA,46,3046,"joint matched alpha + V_n"
"finite Zipf reference",0.993898037956251,0.992873669448511,0.999398544611531,491,500,491,500,4995,0.578335318622621,0.779159898642641,0.263286139626193,-0.515873759016448,0.500655697395652,0.0055512291836839,-0.000465990372193944,-2.76257849762835,NA,NA,NA,NA,47,3047,"joint matched alpha + V_n"
"Zipf Markov control",0.984724347648869,0.992856030327314,0.999335018801481,491,500,491,500,4990,0.631219466094449,0.810476139003833,0.371219923227039,-0.439256215776794,0.499763660427302,0.194487522618147,0.188302364794509,1045.78704272451,NA,NA,NA,NA,47,3047,"joint matched alpha + V_n"
"latent mixture",1.00114406798513,1.02616022579283,0.998115090962563,491,500,491,500,5048,0.620050649863963,0.53896133336958,0.292436054322002,-0.246525279047578,0.499685905418958,0.197970964363062,-0.000461715676827762,-0.741347267875923,1.71183510686538,0.954234637531229,NA,NA,47,3047,"joint matched alpha + V_n"
"sample-space reduction",0.990248241183543,0.99343108546955,0.999419607734061,491,500,491,500,4987,0.573342868310081,0.738655192318006,0.267753628878171,-0.470901563439835,0.946025184502881,0.366147106486159,0.350367044561242,2114.87127115672,NA,NA,NA,NA,47,3047,"joint matched alpha + V_n"
"finite Zipf reference",0.990548225655575,0.996173257781523,0.999227360699328,491,500,491,500,4982,0.574647319465611,0.755052601570436,0.267383657490011,-0.487668944080425,0.501392073370455,0.00614792374165094,0.000174938691396413,1.11301306261558,NA,NA,NA,NA,48,3048,"joint matched alpha + V_n"
"Zipf Markov control",0.987382251000294,0.991326224679316,0.998794988580737,491,500,491,500,4982,0.621293619247572,0.793444430590728,0.377392691988676,-0.416051738602052,0.501077976237312,0.193985851240435,0.187752486222625,1147.63378403835,NA,NA,NA,NA,48,3048,"joint matched alpha + V_n"
"latent mixture",1.00532636390101,1.02015096816742,0.998927576774906,491,500,491,500,5068,0.707561442337451,1.88146911743255,0.271863673994743,-1.60960544343781,0.49982984796092,0.193016270859167,0.000911874968321513,1.84919020692496,1.39071694598364,0.949360108782586,NA,NA,48,3048,"joint matched alpha + V_n"
"sample-space reduction",0.995883751517028,0.993031362437105,0.999298706569912,491,500,491,500,4991,0.562711144503968,0.785154323747293,0.258844113198607,-0.526310210548686,0.945536436337497,0.366124129343878,0.350414095395517,2293.0808075253,NA,NA,NA,NA,48,3048,"joint matched alpha + V_n"
"finite Zipf reference",0.993874055589152,0.994880256344366,0.999507686933111,491,500,491,500,4992,0.572212729238676,0.774848528080012,0.267062039277827,-0.507786488802184,0.50012288283122,0.00596694533419757,-4.14002205665143e-05,-0.301231775273924,NA,NA,NA,NA,49,3049,"joint matched alpha + V_n"
"Zipf Markov control",0.99235710392543,0.993412778739866,0.999402393730695,491,500,491,500,5016,0.657871574063202,0.839590407661424,0.379957135625786,-0.459633272035638,0.498412049556632,0.192174787667509,0.185908294035012,1115.2969519908,NA,NA,NA,NA,49,3049,"joint matched alpha + V_n"
"latent mixture",0.982866624077945,0.97670399857053,0.999158076410424,491,500,491,500,5038,0.584692457408242,0.913362453592622,0.32984400131209,-0.583518452280532,0.500886583771084,0.204404158264953,-0.00155012125990353,-2.495599947325,1.5667854457455,0.948037119893753,NA,NA,49,3049,"joint matched alpha + V_n"
"sample-space reduction",0.997311376190234,0.997557705894856,0.999321908697246,491,500,491,500,4994,0.569682499938568,0.747592821143165,0.263892301497472,-0.483700519645692,0.945819946527669,0.364815281094544,0.34913563594465,3153.34778014372,NA,NA,NA,NA,49,3049,"joint matched alpha + V_n"
"finite Zipf reference",0.994918953195696,0.999352602198364,0.999372033413486,491,500,491,500,4993,0.570974120721996,0.761834974029065,0.273747234954998,-0.488087739074067,0.500015352964657,0.00578292377003552,-0.000244455837298932,-1.45733560832265,NA,NA,NA,NA,50,3050,"joint matched alpha + V_n"
"Zipf Markov control",0.994148394079688,0.987762753125728,0.999094528028739,491,500,491,500,4970,0.615398688996952,0.728763840189085,0.378549219712878,-0.350214620476207,0.501132217889043,0.193232396152417,0.187055679938326,1040.10821629544,NA,NA,NA,NA,50,3050,"joint matched alpha + V_n"
"latent mixture",1.036329331552,1.05047169498854,0.998761796601826,491,500,491,500,5054,0.640814788387469,0.51816198487674,0.292549035476984,-0.225612949399756,0.501416148518576,0.196488309635898,0.000596430865005354,0.972002144940121,1.44208163237859,0.957548470822198,NA,NA,50,3050,"joint matched alpha + V_n"
"sample-space reduction",0.998255832643935,1.00073319077631,0.999326885442899,491,500,491,500,5001,0.578139282650685,0.792790940455505,0.271418580812377,-0.521372359643128,0.948259209344115,0.366232532822231,0.350484583330986,1881.73348270605,NA,NA,NA,NA,50,3050,"joint matched alpha + V_n"
"finite Zipf reference",0.980981119381571,0.989003214427251,0.999548091525278,491,500,491,500,4978,0.564657235187548,0.78173982120396,0.252018780063726,-0.529721041140234,0.498510488007125,0.00599989898876451,-5.96962643208314e-05,-0.457710389931578,NA,NA,NA,NA,51,3051,"joint matched alpha + V_n"
"Zipf Markov control",0.967412740035211,0.981225704113938,0.999062208124062,491,500,491,500,4968,0.634942134056757,0.763179909625859,0.378325867295731,-0.384854042330128,0.498276431978089,0.191063419532545,0.184883867319836,1352.60385137212,NA,NA,NA,NA,51,3051,"joint matched alpha + V_n"
"latent mixture",0.98444722156175,1.0417205663251,0.995325098898596,491,500,491,500,5025,0.468288987972326,0.608580031688636,0.243607482849052,-0.364972548839584,0.498958948036476,0.205633523277062,0.000339517194313826,0.555387365963239,1.73745110536583,0.963355435345126,NA,NA,51,3051,"joint matched alpha + V_n"
"sample-space reduction",0.988122570052027,0.997244319147563,0.999512521267419,491,500,491,500,4997,0.572245487297809,0.772439594104491,0.263177789390637,-0.509261804713854,0.946234022957522,0.36628067682604,0.350494460647167,2135.86824121385,NA,NA,NA,NA,51,3051,"joint matched alpha + V_n"
"finite Zipf reference",0.998671767218085,0.99556875676453,0.99954693962593,491,500,491,500,5001,0.560375230888379,0.742312311144074,0.26444992041077,-0.477862390733304,0.499964174215671,0.00598868593881808,-1.22913434265426e-05,-0.082979309983807,NA,NA,NA,NA,52,3052,"joint matched alpha + V_n"
"Zipf Markov control",0.989394397751633,1.00343338088634,0.99903964598304,491,500,491,500,5035,0.63009598487106,0.762531823335625,0.381929506443455,-0.38060231689217,0.501129238593111,0.19735112846706,0.191144975950799,1281.47010391666,NA,NA,NA,NA,52,3052,"joint matched alpha + V_n"
"latent mixture",1.00338448185873,1.03082814092708,0.998758070606889,491,500,491,500,4803,0.62448000015948,1.18335706373793,0.354180552282097,-0.829176511455829,0.498719683331283,0.194624368195959,9.20310302260086e-05,0.166247159059688,1.63739268285469,0.95379884205748,NA,NA,52,3052,"joint matched alpha + V_n"
"sample-space reduction",0.98839967508545,0.999523499184798,0.99923226897546,491,500,491,500,4991,0.576999055405146,0.794626527060681,0.264259412757061,-0.53036711430362,0.948072666808974,0.365939509025722,0.350221798516339,2900.01049713707,NA,NA,NA,NA,52,3052,"joint matched alpha + V_n"
"finite Zipf reference",0.981042586446477,0.992391019090434,0.999359724599213,491,500,491,500,4984,0.563916161924928,0.733556798101741,0.257712227203543,-0.475844570898199,0.499579866377014,0.0059493383032398,-0.0001173758511309,-0.81191588658366,NA,NA,NA,NA,53,3053,"joint matched alpha + V_n"
"Zipf Markov control",0.980918782012104,0.986806312913115,0.9992682053601,491,500,491,500,4978,0.634498575814844,0.767942708133942,0.377050531498991,-0.390892176634952,0.500409319899244,0.196092193014698,0.189817819301989,1022.07641537533,NA,NA,NA,NA,53,3053,"joint matched alpha + V_n"
"latent mixture",1.01449994398547,1.01624276402287,0.99916909368203,491,500,491,500,4951,0.529112481415237,0.822752751262971,0.356840453381938,-0.465912297881033,0.49977338801499,0.187076728357424,-0.000531554336791334,-0.884439411039124,1.59052563285359,0.948978241722955,NA,NA,53,3053,"joint matched alpha + V_n"
"sample-space reduction",0.99423154712403,0.998070655899235,0.999463367886431,491,500,491,500,4997,0.561593922202528,0.743083895016953,0.26821591004058,-0.474867984976373,0.945613088816972,0.36456528656387,0.348736839762942,2069.50166285579,NA,NA,NA,NA,53,3053,"joint matched alpha + V_n"
"finite Zipf reference",0.988651969774125,0.996205556753162,0.999279171859064,491,500,491,500,4989,0.56699637512412,0.770589309992548,0.25365008862096,-0.516939221371588,0.501135782257239,0.00611593592857132,0.00011776698139401,0.585434667251459,NA,NA,NA,NA,54,3054,"joint matched alpha + V_n"
"Zipf Markov control",0.984685989508501,0.989110992966912,0.999318617420955,491,500,491,500,5004,0.643358350436266,0.801520643949986,0.379355119789581,-0.422165524160404,0.499770993572026,0.19495690023113,0.188672001784366,1507.2549242816,NA,NA,NA,NA,54,3054,"joint matched alpha + V_n"
"latent mixture",1.00782992090139,1.02366200980665,0.998986027932704,491,500,491,500,4913,0.566269358487611,0.851013937479839,0.274351580952572,-0.576662356527267,0.499775129300652,0.201650633016995,0.000780739895501786,1.42753250146348,1.80183841547428,0.952276881156941,NA,NA,54,3054,"joint matched alpha + V_n"
"sample-space reduction",0.99952670023578,0.99771433109873,0.999387629782797,491,500,491,500,5000,0.562664706843234,0.789419602732342,0.258457044981763,-0.53096255775058,0.945225933202358,0.36625571457376,0.350559899497405,1996.57867400352,NA,NA,NA,NA,54,3054,"joint matched alpha + V_n"
"finite Zipf reference",0.993565477798985,0.995634093891388,0.999385262054237,491,500,491,500,4991,0.562898561649263,0.760664226156159,0.258324311514468,-0.502339914641691,0.501034645249851,0.0062739165306124,0.000234406725216587,1.28686779128223,NA,NA,NA,NA,55,3055,"joint matched alpha + V_n"
"Zipf Markov control",0.979867223358727,0.991113315770823,0.999386186774258,491,500,491,500,5015,0.635231380804604,0.809967540051485,0.378038845403549,-0.431928694647937,0.499637281185933,0.194129894777727,0.187838018483561,1056.5521105093,NA,NA,NA,NA,55,3055,"joint matched alpha + V_n"
"latent mixture",0.946777444577995,0.986639217377235,0.997827612836575,491,500,491,500,5028,0.610781451474741,0.821510138612741,0.374587930672742,-0.446922207939998,0.500210065451972,0.210646649678099,0.000252587177738128,0.430239182502234,1.6167724627672,0.948358143852525,NA,NA,55,3055,"joint matched alpha + V_n"
"sample-space reduction",0.998332278533827,1.00033185249347,0.999584019778997,491,500,491,500,5014,0.564024099649467,0.752571090861043,0.278464989956029,-0.474106100905015,0.945095308164939,0.36622432342726,0.350486629891223,2111.5163784766,NA,NA,NA,NA,55,3055,"joint matched alpha + V_n"
"finite Zipf reference",0.996507769555627,0.989541317612607,0.99937515609411,491,500,491,500,4992,0.574325272939441,0.775268376791069,0.260904645175328,-0.51436373161574,0.500829459110738,0.00640969812187404,0.000398885884775301,3.56208988968732,NA,NA,NA,NA,56,3056,"joint matched alpha + V_n"
"Zipf Markov control",0.986548531461839,0.983364341787418,0.999264429965946,491,500,491,500,5014,0.643766406184211,0.788963496348974,0.376173239825714,-0.41279025652326,0.499149686643782,0.192071179199886,0.18578305965588,1575.38754358701,NA,NA,NA,NA,56,3056,"joint matched alpha + V_n"
"latent mixture",1.00753202881045,0.999890529820076,0.999456449299429,491,500,491,500,5055,0.687455110346625,0.257131232290842,0.414982184651032,0.15785095236019,0.500632013128132,0.198150285407333,-0.00045289265440962,-0.813861404554731,1.60229636172157,0.952059940678394,NA,NA,56,3056,"joint matched alpha + V_n"
"sample-space reduction",0.98856796688545,0.996189679661226,0.999034244089527,491,500,491,500,4989,0.567723709077112,0.79001673521983,0.262259163295524,-0.527757571924306,0.947029091317533,0.366961523657442,0.351144822211765,2601.1750115105,NA,NA,NA,NA,56,3056,"joint matched alpha + V_n"
"finite Zipf reference",0.989422389035547,0.993364283121377,0.999374114723075,491,500,491,500,4975,0.576787275549733,0.785864010504604,0.262066953688009,-0.523797056816595,0.500035891914065,0.00598673194206624,-6.62363866274496e-06,-0.0452718269129369,NA,NA,NA,NA,57,3057,"joint matched alpha + V_n"
"Zipf Markov control",0.9802223848949,0.996871458575198,0.9991360592507,491,500,491,500,4997,0.635311684612795,0.767073136351005,0.377890433063359,-0.389182703287646,0.499085606180041,0.194577183037434,0.188431865958056,1220.40766676837,NA,NA,NA,NA,57,3057,"joint matched alpha + V_n"
"latent mixture",1.01687964588113,1.03038902453443,0.99926147871467,491,500,491,500,4986,0.485548236259534,0.6294868498886,0.353677581016191,-0.275809268872409,0.498756148901921,0.207069228350531,0.000815878675736958,1.16945888550782,2.00926189922505,0.958414722487493,NA,NA,57,3057,"joint matched alpha + V_n"
"sample-space reduction",0.991231241745958,0.993775960880219,0.99898485710092,491,500,491,500,5012,0.580208339230388,0.760239222856562,0.26571512442404,-0.494524098432522,0.94291685862933,0.365352393019046,0.34955846203838,1966.84991110914,NA,NA,NA,NA,57,3057,"joint matched alpha + V_n"
"finite Zipf reference",0.989132631145033,0.991382104939028,0.999486219062098,491,500,491,500,4979,0.57851588077246,0.794568697059155,0.253939854056148,-0.540628843003006,0.501536098310292,0.00588630709411677,-0.000122393028456225,-0.906357053955439,NA,NA,NA,NA,58,3058,"joint matched alpha + V_n"
"Zipf Markov control",0.986873028356864,0.987264346373103,0.999166764635764,491,500,491,500,4962,0.65232142182864,0.816064583689301,0.385618794363271,-0.430445789326029,0.499368866168071,0.191956921122757,0.185731878509153,1095.52850642412,NA,NA,NA,NA,58,3058,"joint matched alpha + V_n"
"latent mixture",1.02794686483069,1.05248689192108,0.998611198188937,491,500,491,500,4951,0.691234820324275,1.00207639479365,0.292672596339002,-0.709403798454652,0.498011347986559,0.188337225998217,-0.000328640381505235,-0.537488267564913,1.60083555140788,0.957637572877532,NA,NA,58,3058,"joint matched alpha + V_n"
"sample-space reduction",0.99016234652274,0.995612416408164,0.999566398961742,491,500,491,500,4985,0.568766970829263,0.754798865971205,0.259870303529231,-0.494928562441974,0.945936840213827,0.367021843258867,0.351228069150433,2666.18715158022,NA,NA,NA,NA,58,3058,"joint matched alpha + V_n"
"finite Zipf reference",0.993475672103329,0.995174068359209,0.999604130056533,491,500,491,500,4989,0.572256632155163,0.774299124248188,0.273619078123312,-0.500680046124876,0.499979521205791,0.00594017945121107,-9.67363170552831e-05,-0.682440737911341,NA,NA,NA,NA,59,3059,"joint matched alpha + V_n"
"Zipf Markov control",0.989985502201202,0.994301672006976,0.998895761247789,491,500,491,500,4991,0.618244498187008,0.780944502392242,0.373549228536279,-0.407395273855963,0.50022053495479,0.195218916766941,0.188984655166355,1405.62031527076,NA,NA,NA,NA,59,3059,"joint matched alpha + V_n"
"latent mixture",0.994462257867583,0.994689302093464,0.999368040898007,491,500,491,500,4894,0.662028425207208,1.08141748265362,0.415684313401283,-0.665733169252337,0.500039226674138,0.202987065596304,0.00032840339942497,0.752668688038855,1.94687049036618,0.948398211145053,NA,NA,59,3059,"joint matched alpha + V_n"
"sample-space reduction",0.992232441173741,0.996607262505541,0.999601471600049,491,500,491,500,4999,0.575938707670207,0.781319290916589,0.268620124191993,-0.512699166724596,0.948682541286361,0.367528410955438,0.351803212997671,1642.10123123666,NA,NA,NA,NA,59,3059,"joint matched alpha + V_n"
"finite Zipf reference",0.986728641263565,0.996077101826846,0.99948649570925,491,500,491,500,4983,0.571810700325498,0.788290706062802,0.270050983497123,-0.518239722565678,0.500235858730875,0.00619225894864982,0.000211093548268327,1.21111029512746,NA,NA,NA,NA,60,3060,"joint matched alpha + V_n"
"Zipf Markov control",0.983589308461017,0.991869003165629,0.999179300869376,491,500,491,500,5006,0.642880794700896,0.847541349165988,0.382188890656328,-0.465352458509661,0.498769987699877,0.19538845888495,0.189181529938203,1174.81097542129,NA,NA,NA,NA,60,3060,"joint matched alpha + V_n"
"latent mixture",0.917892993307851,0.954640751230315,0.997911500840594,491,500,491,500,5088,0.592959067061467,0.820326456896798,0.205873999344214,-0.614452457552584,0.4996402121088,0.218684141478029,0.000636549178290785,0.828210218877252,1.37059427751574,0.951111884665355,NA,NA,60,3060,"joint matched alpha + V_n"
"sample-space reduction",0.998348288097364,1.00634228388548,0.999264262568097,491,500,491,500,4999,0.573353247836077,0.782240733581456,0.255533523703209,-0.526707209878247,0.944816748049616,0.366753434975247,0.351148685428282,2078.28894233551,NA,NA,NA,NA,60,3060,"joint matched alpha + V_n"
"finite Zipf reference",0.989655710443545,0.994712462726007,0.999461825945866,491,500,491,500,5006,0.576713930807737,0.757203048145628,0.262899722899357,-0.494303325246271,0.500194596366169,0.0060257460772022,2.06605187364093e-05,0.146833513012887,NA,NA,NA,NA,61,3061,"joint matched alpha + V_n"
"Zipf Markov control",0.979347354845389,0.978411429449529,0.999369077610071,491,500,491,500,4997,0.622428771805246,0.78736586015123,0.372130576703732,-0.415235283447498,0.498903629852818,0.194551377334109,0.18828874891326,1084.5053588163,NA,NA,NA,NA,61,3061,"joint matched alpha + V_n"
"latent mixture",0.93850762563159,0.914726936984173,0.997884297765983,491,500,491,500,5005,0.517346158287759,0.4744974400138,0.343629915092779,-0.130867524921021,0.500719761641726,0.21551126491931,-0.000430801372223205,-0.825229451522446,1.84623064048634,0.946550629861175,NA,NA,61,3061,"joint matched alpha + V_n"
"sample-space reduction",0.986894829275108,0.990239408685216,0.999555063501552,491,500,491,500,5011,0.566505290585335,0.736998752952892,0.261626592401288,-0.475372160551604,0.947100871926655,0.368027482329078,0.352282181632648,2248.64771416011,NA,NA,NA,NA,61,3061,"joint matched alpha + V_n"
"finite Zipf reference",0.99747179470574,0.996182030667884,0.999500286369275,491,500,491,500,5012,0.574579145523966,0.751285883478609,0.272249829489359,-0.47903605398925,0.502145702960968,0.00602699582171439,6.82476602006099e-05,0.525065209513945,NA,NA,NA,NA,62,3062,"joint matched alpha + V_n"
"Zipf Markov control",0.984952973897938,0.992131120493967,0.999433185496922,491,500,491,500,5006,0.663152212584456,0.879004427634742,0.379619968452144,-0.499384459182598,0.499283475850774,0.192847018096358,0.1866229642981,1045.8489273486,NA,NA,NA,NA,62,3062,"joint matched alpha + V_n"
"latent mixture",1.01463159549438,0.985428370725303,0.998541008274347,491,500,491,500,4888,0.587598674292185,0.683301124503708,0.274581815457957,-0.408719309045751,0.50132625994695,0.192663177508464,0.000341235391345035,0.488981059100956,1.53987684997917,0.94783220947734,NA,NA,62,3062,"joint matched alpha + V_n"
"sample-space reduction",0.987699542266843,0.994244637142975,0.999412450089224,491,500,491,500,4999,0.574121114355692,0.716923864359932,0.27559925800587,-0.441324606354062,0.945419015745379,0.3662094225286,0.350561867751438,3149.70372653065,NA,NA,NA,NA,62,3062,"joint matched alpha + V_n"
"finite Zipf reference",0.988502049326747,0.99258082616313,0.999252789347449,491,500,491,500,4997,0.568909564929861,0.747232315917013,0.257057306555979,-0.490175009361035,0.498090059090397,0.00589025530754763,-0.000198131176161091,-1.3990622026506,NA,NA,NA,NA,63,3063,"joint matched alpha + V_n"
"Zipf Markov control",0.985472771960671,0.994814055870566,0.999364365011184,491,500,491,500,4986,0.629913339609323,0.802699658079226,0.372745727678925,-0.429953930400301,0.501438928116498,0.192801931147779,0.18659227977671,1191.98680125869,NA,NA,NA,NA,63,3063,"joint matched alpha + V_n"
"latent mixture",0.981359631729052,0.99652414411895,0.999343662507541,491,500,491,500,4948,0.513270218408678,0.850411555992354,0.288212696631364,-0.56219885936099,0.498447325089237,0.198493714956907,0.000851900908958286,2.09016569757247,1.81675031330806,0.956138361213832,NA,NA,63,3063,"joint matched alpha + V_n"
"sample-space reduction",0.998982350798689,0.997718076698842,0.999553126783823,491,500,491,500,4990,0.568777630289729,0.740340902704315,0.272816208089643,-0.467524694614672,0.943764101067472,0.366685406940758,0.35105166159616,2195.52535156944,NA,NA,NA,NA,63,3063,"joint matched alpha + V_n"
"finite Zipf reference",1.00185349857865,0.998200860241714,0.999472075734206,491,500,491,500,4977,0.578231884155028,0.75386345032695,0.27100312766973,-0.48286032265722,0.500235506133399,0.00582108284709242,-0.000143684290091165,-0.833586179759311,NA,NA,NA,NA,64,3064,"joint matched alpha + V_n"
"Zipf Markov control",0.987734898265643,0.988287834816357,0.999494894450005,491,500,491,500,4988,0.636017103674256,0.803743948546111,0.377482975328177,-0.426260973217934,0.499968519801045,0.194151220705874,0.187860548590555,931.614875880492,NA,NA,NA,NA,64,3064,"joint matched alpha + V_n"
"latent mixture",0.968979814516109,1.01412473278482,0.996439270561701,491,500,491,500,4956,0.490912747897707,0.614976604719276,0.243403988972643,-0.371572615746633,0.499011814308929,0.191359855535951,-0.00111079559798427,-2.13460960282409,1.42451982239804,0.950627807843784,NA,NA,64,3064,"joint matched alpha + V_n"
"sample-space reduction",0.983347511512675,0.992345597935558,0.999502743402518,491,500,491,500,4982,0.561723149751258,0.773396822771129,0.271944919268206,-0.501451903502923,0.946253340219612,0.366961173159729,0.351289551431432,2259.41787284709,NA,NA,NA,NA,64,3064,"joint matched alpha + V_n"
"finite Zipf reference",0.991096857566393,0.994047263227612,0.999534579646117,491,500,491,500,4985,0.563891724673928,0.751415709344638,0.262061907419447,-0.489353801925191,0.500051231607853,0.00612272448172957,7.23829555200903e-05,0.655690125650078,NA,NA,NA,NA,65,3065,"joint matched alpha + V_n"
"Zipf Markov control",0.989401413519166,0.986971065619027,0.999268749462651,491,500,491,500,5010,0.635334867582828,0.798458106421657,0.379818733940934,-0.418639372480723,0.500322514670484,0.195453850780555,0.189149501169063,1345.25622867338,NA,NA,NA,NA,65,3065,"joint matched alpha + V_n"
"latent mixture",1.00258332560132,1.03132139627562,0.998806421974886,491,500,491,500,5048,0.679894637610683,1.49793907220307,0.21058813245591,-1.28735093974716,0.497975530323035,0.19550379827512,-0.00161752169972781,-2.50290603545856,1.59773008239554,0.950237078193868,NA,NA,65,3065,"joint matched alpha + V_n"
"sample-space reduction",0.990559212056966,0.995237866557608,0.999393126853181,491,500,491,500,4982,0.575111881874996,0.750522223075145,0.262099578480644,-0.488422644594501,0.944205430057401,0.365241055207348,0.349557541010476,2291.99326779499,NA,NA,NA,NA,65,3065,"joint matched alpha + V_n"
"finite Zipf reference",0.996531050968114,1.00107200231232,0.999537815042775,491,500,491,500,5004,0.560868538265118,0.727479691603948,0.259905829308352,-0.467573862295597,0.500092171562001,0.00593984188540481,-5.21891787330139e-05,-0.359855319851314,NA,NA,NA,NA,66,3066,"joint matched alpha + V_n"
"Zipf Markov control",0.982214777331539,0.986825715857812,0.999106982690544,491,500,491,500,4983,0.618615732131302,0.78232382968987,0.366648818036162,-0.415675011653708,0.501242108261207,0.197536066294823,0.191292696363766,1666.01208333281,NA,NA,NA,NA,66,3066,"joint matched alpha + V_n"
"latent mixture",1.05747040962341,1.04971928422316,0.999221445268489,491,500,491,500,5024,0.611861075548468,0.917305206054933,0.276764818995825,-0.640540387059108,0.499155750278658,0.182655726595929,-0.000572982622624091,-0.957212992952709,1.38196490867797,0.952325636422458,NA,NA,66,3066,"joint matched alpha + V_n"
"sample-space reduction",0.991539309762551,0.996240870242541,0.999119245245806,491,500,491,500,4984,0.572573887887873,0.781579276496745,0.267876341760844,-0.513702934735901,0.945949588893382,0.365258589385265,0.349503899899218,1433.36809447768,NA,NA,NA,NA,66,3066,"joint matched alpha + V_n"
"finite Zipf reference",0.992963714909636,0.99365548646464,0.99915303935604,491,500,491,500,4987,0.578617480130109,0.760169682035186,0.259338945840788,-0.500830736194398,0.498453344258937,0.00604837453377376,-3.26866405297478e-06,-0.0199868683231519,NA,NA,NA,NA,67,3067,"joint matched alpha + V_n"
"Zipf Markov control",0.981057993679136,0.988013485158155,0.999097745232568,491,500,491,500,4988,0.627818100344849,0.756672577740684,0.374752329370032,-0.381920248370651,0.50162281392784,0.193862634842656,0.187615888485528,1901.90399965933,NA,NA,NA,NA,67,3067,"joint matched alpha + V_n"
"latent mixture",1.03824629598609,0.995587663998977,0.997828644403818,491,500,491,500,5032,0.509673015216898,0.56196373504749,0.253846518226611,-0.308117216820879,0.499807880205074,0.18634892476512,-0.000603236930002166,-1.12154018458783,1.27692638989792,0.948725494898702,NA,NA,67,3067,"joint matched alpha + V_n"
"sample-space reduction",0.989403406457371,0.992884108968869,0.9992483557933,491,500,491,500,4962,0.566720273801834,0.740444925018464,0.267922607634371,-0.472522317384093,0.946156352157453,0.366526562223084,0.350761183919994,1882.1297675728,NA,NA,NA,NA,67,3067,"joint matched alpha + V_n"
"finite Zipf reference",0.980733200205231,0.992109066452359,0.999202827183283,491,500,491,500,5013,0.567513209919699,0.746203173656743,0.273778886771699,-0.472424286885044,0.498775100195779,0.00589263522724956,-9.12958484318351e-05,-0.917071634035486,NA,NA,NA,NA,68,3068,"joint matched alpha + V_n"
"Zipf Markov control",0.972473566279336,0.986165893024305,0.999146974654905,491,500,491,500,5014,0.64519955400388,0.766530105444954,0.385197940575545,-0.381332164869409,0.499321809349568,0.195036001839414,0.188856603397867,950.683404620179,NA,NA,NA,NA,68,3068,"joint matched alpha + V_n"
"latent mixture",1.02393573137549,1.02488084048724,0.999314264350204,491,500,491,500,4977,0.695604589009682,1.56262837201192,0.389494087289937,-1.17313428472199,0.501653161180413,0.199886303406693,-0.000620533678676399,-1.25378117831691,1.89729084956073,0.95449020572419,NA,NA,68,3068,"joint matched alpha + V_n"
"sample-space reduction",1.00235681793165,0.998669737056742,0.999453772530559,491,500,491,500,5001,0.564036204015647,0.741616948391773,0.272532528914734,-0.469084419477039,0.945292577988969,0.365434222610023,0.349727669657894,2006.6720528725,NA,NA,NA,NA,68,3068,"joint matched alpha + V_n"
"finite Zipf reference",0.985749036672882,0.989308510695173,0.999588037447223,491,500,491,500,4990,0.576600157231642,0.767587724942366,0.270145366790981,-0.497442358151385,0.500804641293986,0.00601727310952483,-2.67073994459112e-05,-0.166764358390326,NA,NA,NA,NA,69,3069,"joint matched alpha + V_n"
"Zipf Markov control",0.990847380079432,0.987465082396407,0.998964561351627,491,500,491,500,4988,0.630564844303828,0.786489302228608,0.373274493774885,-0.413214808453723,0.501433341733871,0.195652762485526,0.189374496757981,1096.16437790666,NA,NA,NA,NA,69,3069,"joint matched alpha + V_n"
"latent mixture",1.01107999401183,1.04278985085039,0.998344986957932,491,500,491,500,4955,0.621824835014463,0.760243808771714,0.306909992630331,-0.453333816141383,0.500302833419595,0.19126415328359,-0.000123799302876537,-0.301301791421976,1.6729984852717,0.965014636325502,NA,NA,69,3069,"joint matched alpha + V_n"
"sample-space reduction",0.986114729413752,0.99131114716354,0.999438316607163,491,500,491,500,4985,0.579450919731287,0.784223318012558,0.267812200219451,-0.516411117793107,0.945734432193304,0.367207263203062,0.351395197607763,2152.58720742313,NA,NA,NA,NA,69,3069,"joint matched alpha + V_n"
"finite Zipf reference",0.991783462811591,0.993783135535188,0.999341573424337,491,500,491,500,4972,0.578523782372088,0.778284949304439,0.27717788441034,-0.501107064894099,0.500599280862964,0.00624808913656365,0.000196576735772315,1.25401998441864,NA,NA,NA,NA,70,3070,"joint matched alpha + V_n"
"Zipf Markov control",0.971722038396573,0.979202257480423,0.998921674747252,491,500,491,500,4948,0.6284208048777,0.787059631936463,0.382772693438343,-0.40428693849812,0.499748348537276,0.193014673193778,0.186752429071,1541.1438288711,NA,NA,NA,NA,70,3070,"joint matched alpha + V_n"
"latent mixture",1.03555991305197,1.07182933308346,0.998360600625055,491,500,491,500,4855,0.495233058244357,0.370118397187063,0.310199117594537,-0.0599192795925265,0.499159170682708,0.192417720255578,0.000132153496161413,0.254694198024508,1.70986218873457,0.96013872952757,NA,NA,70,3070,"joint matched alpha + V_n"
"sample-space reduction",0.985001703071366,0.990568283373,0.999308185156917,491,500,491,500,5005,0.572719389877105,0.79099685776052,0.259409154179301,-0.531587703581219,0.945644239300113,0.365885973034529,0.350084907022055,2146.8914201531,NA,NA,NA,NA,70,3070,"joint matched alpha + V_n"
"finite Zipf reference",0.98274378333216,0.994853734147182,0.999451131037922,491,500,491,500,4996,0.565643362184744,0.743260456150944,0.255339761168754,-0.487920694982191,0.499462448164644,0.00602014505232825,3.29574077870898e-05,0.204705876015671,NA,NA,NA,NA,71,3071,"joint matched alpha + V_n"
"Zipf Markov control",0.985033541064026,0.990276016781862,0.999352902221631,491,500,491,500,4950,0.631567764526365,0.801770946145239,0.374223825784551,-0.427547120360688,0.501015156522971,0.193843228910861,0.187672066507608,1543.80676979527,NA,NA,NA,NA,71,3071,"joint matched alpha + V_n"
"latent mixture",0.918851577576891,0.969564475989779,0.996696891339505,491,500,491,500,5082,0.518563883953053,0.585003504997716,0.236226310148922,-0.348777194848794,0.500692916849978,0.212878455409692,0.00038152670764019,0.81579147989313,1.56091900332373,0.956839841417191,NA,NA,71,3071,"joint matched alpha + V_n"
"sample-space reduction",0.991232453770722,0.998032985177266,0.999425803411614,491,500,491,500,4978,0.560931177350239,0.753789231565636,0.254915865743312,-0.498873365822325,0.94646909474914,0.36468158645912,0.348954017759341,1584.22555898614,NA,NA,NA,NA,71,3071,"joint matched alpha + V_n"
"finite Zipf reference",0.987821936688744,0.99473254057558,0.999401652692811,491,500,491,500,4965,0.586861532158898,0.821484503947113,0.255536577526044,-0.565947926421069,0.499482799233928,0.00610590642521398,9.93186388522273e-05,0.703230944098478,NA,NA,NA,NA,72,3072,"joint matched alpha + V_n"
"Zipf Markov control",0.99125900948392,0.991789792508953,0.999239571822802,491,500,491,500,5000,0.646876742733797,0.801723023647994,0.385981616202188,-0.415741407445806,0.503200821939461,0.194363717228033,0.188115018794292,900.433326580049,NA,NA,NA,NA,72,3072,"joint matched alpha + V_n"
"latent mixture",0.956099595906043,0.957283897533338,0.99926958019699,491,500,491,500,5077,0.47037254606402,0.727993913646846,0.302668159177237,-0.425325754469609,0.500193048063452,0.210254921928711,-0.000160795193064778,-0.235549489997475,1.47193190519846,0.947414218641883,NA,NA,72,3072,"joint matched alpha + V_n"
"sample-space reduction",0.98487382099412,0.987149896118387,0.999479325108693,491,500,491,500,4978,0.58303285460558,0.797754003765004,0.261018505947893,-0.536735497817112,0.945533989306735,0.36559629509664,0.349705923472888,2340.17150450945,NA,NA,NA,NA,72,3072,"joint matched alpha + V_n"
"finite Zipf reference",0.988794151502411,0.994759999564794,0.999453071420426,491,500,491,500,4989,0.580281334900968,0.796569267283207,0.266861693186195,-0.529707574097012,0.498924312584518,0.00583771641554717,-0.000218800208314524,-1.69678193302234,NA,NA,NA,NA,73,3073,"joint matched alpha + V_n"
"Zipf Markov control",0.970013971154761,0.984729541393002,0.998825627522414,491,500,491,500,5000,0.635868069279158,0.796377279809196,0.369577663579848,-0.426799616229348,0.500235183443086,0.191536920702412,0.185271834256446,1194.96252258393,NA,NA,NA,NA,73,3073,"joint matched alpha + V_n"
"latent mixture",0.951139440742538,0.942856237459041,0.999372624777411,491,500,491,500,5067,0.499522508532115,0.832063945723298,0.253059743835587,-0.579004201887711,0.499141166044878,0.204213300463851,-0.000333488055313469,-0.665691945542234,1.52704008134531,0.944966461443267,NA,NA,73,3073,"joint matched alpha + V_n"
"sample-space reduction",0.994163885921799,0.996407770210895,0.999572964252154,491,500,491,500,4992,0.568360903578928,0.74461936111769,0.264436618632367,-0.480182742485323,0.946247794968596,0.365013036773504,0.349265505290812,2010.87823993951,NA,NA,NA,NA,73,3073,"joint matched alpha + V_n"
"finite Zipf reference",0.988349505510167,0.99471516016315,0.999557818414866,491,500,491,500,4979,0.553360968782218,0.763181720053456,0.26565196352934,-0.497529756524116,0.498719498453154,0.006115076455174,0.000175199660888786,1.22272622869877,NA,NA,NA,NA,74,3074,"joint matched alpha + V_n"
"Zipf Markov control",0.970382369734179,0.986012574738237,0.998889347184254,491,500,491,500,5034,0.645477688030981,0.832972051345107,0.384453604165758,-0.448518447179349,0.5004748187775,0.194895814043873,0.188644371251128,1095.83749692581,NA,NA,NA,NA,74,3074,"joint matched alpha + V_n"
"latent mixture",0.96409230837862,0.993543192407762,0.998452079953458,491,500,491,500,5028,0.539839892785141,0.631647935985885,0.231982339877377,-0.399665596108509,0.498628426146881,0.213861409363851,0.000265190603198101,0.496794444321266,2.00957367023679,0.958120576884195,NA,NA,74,3074,"joint matched alpha + V_n"
"sample-space reduction",0.987978043380098,0.990998938674909,0.999284736248119,491,500,491,500,4981,0.574590595323431,0.769337716950557,0.261730476262133,-0.507607240688424,0.945968711043227,0.365411397086322,0.349643522969774,2658.01567829296,NA,NA,NA,NA,74,3074,"joint matched alpha + V_n"
"finite Zipf reference",0.990926808855367,0.992029524379154,0.999299810939965,491,500,491,500,5005,0.574795689669268,0.802795931074424,0.264170316864436,-0.538625614209989,0.499390712201116,0.00621237859616237,0.000172557005753748,1.17126846109761,NA,NA,NA,NA,75,3075,"joint matched alpha + V_n"
"Zipf Markov control",0.976163768123959,0.989614880603511,0.999190696920982,491,500,491,500,4940,0.63393609363286,0.811367135755235,0.370811763185543,-0.440555372569692,0.501327009752344,0.192209918392568,0.185992007723891,1244.81985511299,NA,NA,NA,NA,75,3075,"joint matched alpha + V_n"
"latent mixture",0.999680332210746,0.998849074747528,0.999400497942488,491,500,491,500,5017,0.808457165932001,0.885864637282797,0.421778954252566,-0.464085683030231,0.499531644314162,0.193996528472653,0.000293676910513962,0.478476769429055,1.61043303415386,0.946338617631296,NA,NA,75,3075,"joint matched alpha + V_n"
"sample-space reduction",0.987568881026635,0.993219625458864,0.999315712303233,491,500,491,500,4998,0.561029548278114,0.754247367245482,0.261574289054326,-0.492673078191156,0.944852610766604,0.364529217025612,0.348681549486915,1599.76758875547,NA,NA,NA,NA,75,3075,"joint matched alpha + V_n"
"finite Zipf reference",0.987118356652295,0.995936339502603,0.99947821088573,491,500,491,500,4989,0.561439318535919,0.758179094262291,0.266950953328144,-0.491228140934147,0.498055709052209,0.00600465043084798,-3.97115776866125e-05,-0.259157141061024,NA,NA,NA,NA,76,3076,"joint matched alpha + V_n"
"Zipf Markov control",0.9807091600858,0.984971048964919,0.999507028656088,491,500,491,500,5012,0.643040971327794,0.870101363501628,0.372285013118076,-0.497816350383553,0.500369711939336,0.191902328824257,0.185624282788177,1308.6045060841,NA,NA,NA,NA,76,3076,"joint matched alpha + V_n"
"latent mixture",1.03935544780098,1.05239253470495,0.999034020903692,491,500,491,500,4928,0.628695805198322,1.00263907788592,0.253985387509614,-0.748653690376301,0.499670734919659,0.183382212214427,-0.00114063059239669,-2.11879605526894,1.5839381131097,0.952701782038936,NA,NA,76,3076,"joint matched alpha + V_n"
"sample-space reduction",0.993802480449118,0.996048046180279,0.999541667924486,491,500,491,500,4998,0.565906902681463,0.712967535759012,0.260972802832657,-0.451994732926355,0.947315221419827,0.366526798647876,0.350775453703876,2528.1025939305,NA,NA,NA,NA,76,3076,"joint matched alpha + V_n"
"finite Zipf reference",0.992578260356176,0.997713995644872,0.999367112142022,491,500,491,500,4997,0.566626474514352,0.76966013645102,0.264116462435357,-0.505543674015664,0.500666365947675,0.00596307184531364,-1.23873626669321e-06,-0.00689367965442629,NA,NA,NA,NA,77,3077,"joint matched alpha + V_n"
"Zipf Markov control",0.992078446138966,0.991807206307631,0.998989928982752,491,500,491,500,4990,0.646856482571286,0.792203409498426,0.388457041633298,-0.403746367865128,0.500896762216419,0.192694726430639,0.186455688644092,1456.45028072586,NA,NA,NA,NA,77,3077,"joint matched alpha + V_n"
"latent mixture",0.9282574334252,0.951634734767905,0.99898167432943,491,500,491,500,4924,0.620077545603061,1.12219500658015,0.300643285773814,-0.821551720806335,0.498812667835505,0.211948198725301,0.00020785526646977,0.276539339144503,1.57297765280859,0.953610574423275,NA,NA,77,3077,"joint matched alpha + V_n"
"sample-space reduction",0.988060467399437,0.991997881816318,0.99948131166389,491,500,491,500,4963,0.566248285938706,0.720311895982703,0.256615793482885,-0.463696102499818,0.94684508561413,0.365131762119086,0.349372305128203,1738.75792267318,NA,NA,NA,NA,77,3077,"joint matched alpha + V_n"
"finite Zipf reference",0.999965693593146,1.00125572656213,0.999323048682425,491,500,491,500,4981,0.570525886269902,0.735186635320913,0.261993694616932,-0.473192940703981,0.5011728553137,0.00617787056193277,0.000154522036427188,1.3457240322698,NA,NA,NA,NA,78,3078,"joint matched alpha + V_n"
"Zipf Markov control",0.984074763543299,0.995789915543684,0.998857586009214,491,500,491,500,4971,0.63546371087629,0.820978316030553,0.360887101767697,-0.460091214262857,0.497759757675196,0.195567211995007,0.189299815006718,1164.51100431342,NA,NA,NA,NA,78,3078,"joint matched alpha + V_n"
"latent mixture",0.991557669482713,0.984790228522465,0.998919556429807,491,500,491,500,4947,0.843035407548202,1.74835912620137,0.376392131304166,-1.37196699489721,0.50089004367295,0.193839231672655,-0.000112481092899547,-0.192404494100433,1.78536047920245,0.950028450033662,NA,NA,78,3078,"joint matched alpha + V_n"
"sample-space reduction",0.99207927545494,0.994895750269393,0.999508887385653,491,500,491,500,4965,0.57031914807546,0.779389252291928,0.26185543498909,-0.517533817302838,0.945711975926882,0.367636208081935,0.351930244366475,2433.94696885385,NA,NA,NA,NA,78,3078,"joint matched alpha + V_n"
"finite Zipf reference",0.993090757613187,0.995090756878014,0.999388019559216,491,500,491,500,4966,0.570242136709943,0.773095499623916,0.262464539037394,-0.510630960586522,0.498888923023358,0.00583326761490866,-0.000180689422746622,-1.06751332771207,NA,NA,NA,NA,79,3079,"joint matched alpha + V_n"
"Zipf Markov control",0.996970821604929,0.998264197584736,0.999166393125744,491,500,491,500,5012,0.625871353763089,0.796215903485804,0.381547310785178,-0.414668592700627,0.498468223451812,0.189654976008408,0.183488576509745,1123.94142235982,NA,NA,NA,NA,79,3079,"joint matched alpha + V_n"
"latent mixture",0.991238814023014,0.981904864045807,0.999344581406585,491,500,491,500,4983,0.593055057825239,0.734471843032446,0.323415514789108,-0.411056328243337,0.499185667752443,0.186210333642428,0.00125877817914963,2.57095170505046,1.46265322780107,0.944336161441388,NA,NA,79,3079,"joint matched alpha + V_n"
"sample-space reduction",0.995712692849626,0.994905214956271,0.999246953880465,491,500,491,500,4968,0.566657778206887,0.753117528698531,0.267075273379654,-0.486042255318878,0.946375785368266,0.363993481619745,0.348157871606843,2508.62300092442,NA,NA,NA,NA,79,3079,"joint matched alpha + V_n"
"finite Zipf reference",0.990316928260441,0.992703634750501,0.99963709647009,491,500,491,500,5004,0.578189735927285,0.791007448132158,0.260143696368609,-0.530863751763549,0.499590138738037,0.00598850813494567,-2.41859460017244e-05,-0.190742487266181,NA,NA,NA,NA,80,3080,"joint matched alpha + V_n"
"Zipf Markov control",0.980855686082975,0.987592454776327,0.999525582879646,491,500,491,500,5003,0.641214869396218,0.786937998271205,0.379779379886388,-0.407158618384817,0.499802199541103,0.196747183822033,0.190537972747255,899.40070355699,NA,NA,NA,NA,80,3080,"joint matched alpha + V_n"
"latent mixture",1.02245728200497,1.03008038756233,0.999386467717607,491,500,491,500,5043,0.622534131873393,0.69857558350198,0.288485760530998,-0.410089822970982,0.499727002708133,0.186272402663551,0.000713035537176304,1.34951988046,1.44793958864494,0.953628057869998,NA,NA,80,3080,"joint matched alpha + V_n"
"sample-space reduction",0.994884519487932,1.00613504590999,0.999464348919287,491,500,491,500,4986,0.570266445183223,0.746247513236809,0.263545807201991,-0.482701706034818,0.947441745500303,0.365281594829697,0.349554496642611,1953.36233172495,NA,NA,NA,NA,80,3080,"joint matched alpha + V_n"
"finite Zipf reference",0.991803101652115,0.995520548334541,0.999538114262042,491,500,491,500,4975,0.57462761434528,0.786005914082932,0.260664657464299,-0.525341256618633,0.500865255634401,0.00611393160253648,1.804096808388e-05,0.116334445959326,NA,NA,NA,NA,81,3081,"joint matched alpha + V_n"
"Zipf Markov control",0.981814912657046,0.990730710492035,0.999074758062024,491,500,491,500,4989,0.628970616901488,0.801603490405651,0.369999994522541,-0.43160349588311,0.499984247999496,0.193087938482792,0.186859452645086,1180.45883972612,NA,NA,NA,NA,81,3081,"joint matched alpha + V_n"
"latent mixture",0.97234581488898,0.97031944570494,0.999137957132074,491,500,491,500,4936,0.580293585301703,0.405858569138823,0.367921382541673,-0.0379371865971501,0.501286951095858,0.206138755801848,-0.000113001040021848,-0.178106689297587,1.91524614947357,0.959271175776353,NA,NA,81,3081,"joint matched alpha + V_n"
"sample-space reduction",0.98990186614139,0.993947048199229,0.999569522277503,491,500,491,500,4974,0.572665773745288,0.788766534058683,0.255363078894466,-0.533403455164217,0.947814852263791,0.366126450055064,0.350363946488155,1837.41443082958,NA,NA,NA,NA,81,3081,"joint matched alpha + V_n"
"finite Zipf reference",0.9847222696767,0.99512859670165,0.999321106968642,491,500,491,500,4987,0.564846313422356,0.76270057570007,0.265288411515871,-0.497412164184199,0.501115705863086,0.00602883370023098,-4.15900327162266e-05,-0.262071169005143,NA,NA,NA,NA,82,3082,"joint matched alpha + V_n"
"Zipf Markov control",0.992178130605845,0.985441265061633,0.999196894449394,491,500,491,500,4979,0.630169505943958,0.740172658421947,0.375920469178416,-0.364252189243531,0.502210405424539,0.193381756268086,0.187164882358829,1857.35485311215,NA,NA,NA,NA,82,3082,"joint matched alpha + V_n"
"latent mixture",0.974221240676373,0.957263584144886,0.998738226540697,491,500,491,500,4937,0.629982153056891,1.26229434314454,0.303544152480295,-0.958750190664248,0.499316144638235,0.216465839568583,-3.35317987006922e-05,-0.0869267490117597,0.853100937688483,0.945929077278772,NA,NA,82,3082,"joint matched alpha + V_n"
"sample-space reduction",0.992433531221793,0.994354574097245,0.99939263158108,491,500,491,500,4986,0.563397249545883,0.732695929686509,0.270361033208839,-0.462334896477669,0.947557592299311,0.365247643891349,0.349426008538737,1590.79490903538,NA,NA,NA,NA,82,3082,"joint matched alpha + V_n"
"finite Zipf reference",0.995272295432684,0.995076023651873,0.999562736184722,491,500,491,500,4968,0.579888629240313,0.78297806654652,0.265889329034176,-0.517088737512344,0.500122918075103,0.00625368711558947,0.000179750952915072,1.37200539543916,NA,NA,NA,NA,83,3083,"joint matched alpha + V_n"
"Zipf Markov control",1.0061292229006,0.995425584382897,0.99925900035293,491,500,491,500,4971,0.641804870728805,0.771112682666507,0.382561060906632,-0.388551621759875,0.501955342500315,0.195006869345293,0.188709678863631,1170.89740776551,NA,NA,NA,NA,83,3083,"joint matched alpha + V_n"
"latent mixture",1.00583976498935,0.983341774811228,0.999007072741517,491,500,491,500,4948,0.665889456347867,1.24569221834595,0.357944917657111,-0.887747300688842,0.500917288384349,0.1928309544046,-0.000404808617910285,-0.75164098334975,1.6466338232567,0.945800243706318,NA,NA,83,3083,"joint matched alpha + V_n"
"sample-space reduction",0.991652277919626,0.994138276688396,0.999478113283574,491,500,491,500,4979,0.575006408917386,0.766719232836513,0.252457165729704,-0.514262067106809,0.945970531422667,0.366327606194108,0.350451730999858,1604.17127922522,NA,NA,NA,NA,83,3083,"joint matched alpha + V_n"
"finite Zipf reference",0.983221009030728,0.988388497683075,0.999119089366273,491,500,491,500,4961,0.568673792160394,0.754263987192576,0.260226239755702,-0.494037747436875,0.498591780092379,0.00579955238085828,-0.000261351930186802,-1.90393060651707,NA,NA,NA,NA,84,3084,"joint matched alpha + V_n"
"Zipf Markov control",0.975891802462984,0.974584662500231,0.999185069214912,491,500,491,500,4993,0.631683322229136,0.809387382527978,0.369122492353206,-0.440264890174771,0.500071140621295,0.194443267033273,0.188166089688374,928.91439743225,NA,NA,NA,NA,84,3084,"joint matched alpha + V_n"
"latent mixture",0.923267419251783,0.954407687984927,0.998445048023259,491,500,491,500,5061,0.704331941848257,1.138173589866,0.204216958046511,-0.933956631819491,0.499933713376641,0.214451816819255,0.000409566983742865,1.08082450677933,1.65127787391957,0.950566787721626,NA,NA,84,3084,"joint matched alpha + V_n"
"sample-space reduction",1.00672662405614,1.00339668196373,0.999449452467325,491,500,491,500,4978,0.574731922372923,0.785235445311497,0.256304410962409,-0.528931034349088,0.945086283359718,0.366263555484305,0.35060177882063,1748.25893203713,NA,NA,NA,NA,84,3084,"joint matched alpha + V_n"
"finite Zipf reference",0.989837630825441,0.992794690742168,0.999390068945417,491,500,491,500,4996,0.567341490908079,0.753271046102527,0.262336030799908,-0.490935015302618,0.500368739117075,0.00593247033619674,-0.000129726678791892,-0.775904483406371,NA,NA,NA,NA,85,3085,"joint matched alpha + V_n"
"Zipf Markov control",0.975122923808297,0.985576107761176,0.999230280597733,491,500,491,500,4978,0.6097628016354,0.763139023112169,0.380544437140753,-0.382594585971415,0.49877006528115,0.19423365214017,0.18798200753025,1506.30262555054,NA,NA,NA,NA,85,3085,"joint matched alpha + V_n"
"latent mixture",0.999642805878564,1.00614228873194,0.999434199026265,491,500,491,500,5048,0.57115896641663,0.796227886186743,0.279494091347127,-0.516733794839616,0.500288722071692,0.202857214847696,-0.000792850445243409,-1.2461607161191,1.45788281836565,0.955398608229645,NA,NA,85,3085,"joint matched alpha + V_n"
"sample-space reduction",0.991933769139215,0.993816473286912,0.999425571066625,491,500,491,500,4988,0.569555999140387,0.760342356861723,0.261459073146797,-0.498883283714926,0.943803063653924,0.366110841440147,0.350325897236764,2030.67994152558,NA,NA,NA,NA,85,3085,"joint matched alpha + V_n"
"finite Zipf reference",0.990449319746458,0.992770795696032,0.999382186692644,491,500,491,500,4974,0.570656162851102,0.783757234307582,0.258111437348822,-0.525645796958761,0.500552916120577,0.00619702616541541,0.000176227343921063,1.21496907065066,NA,NA,NA,NA,86,3086,"joint matched alpha + V_n"
"Zipf Markov control",0.976665880792652,0.984983291099601,0.999404099988055,491,500,491,500,5014,0.638870507831783,0.868426605040372,0.384784133551543,-0.483642471488829,0.50089064741397,0.193929136540009,0.187653048389911,1144.57261154042,NA,NA,NA,NA,86,3086,"joint matched alpha + V_n"
"latent mixture",0.93391452365433,1.01506649928847,0.993013011794175,491,500,491,500,5051,0.690573383998977,1.25884379787092,0.274804366052769,-0.984039431818156,0.50030326757022,0.210970098362947,-0.00031339705562769,-0.547791790458687,1.52371739586433,0.955454215419538,NA,NA,86,3086,"joint matched alpha + V_n"
"sample-space reduction",0.988612732893808,0.994688905557638,0.999368526202584,491,500,491,500,4977,0.576549111159261,0.753968526539679,0.261850641050179,-0.4921178854895,0.94421854289758,0.365173658384239,0.349399419162538,2648.33439975261,NA,NA,NA,NA,86,3086,"joint matched alpha + V_n"
"finite Zipf reference",0.986948918647902,0.991363733863771,0.999451913339364,491,500,491,500,5004,0.577873803066915,0.776054421895767,0.263956513985039,-0.512097907910728,0.50096779148958,0.00615484577309456,0.000152967958393236,1.10652372468386,NA,NA,NA,NA,87,3087,"joint matched alpha + V_n"
"Zipf Markov control",0.990159568456073,0.990930392084373,0.999434509406175,491,500,491,500,5003,0.643147737524666,0.822573009651239,0.381716580183826,-0.440856429467412,0.498763760059214,0.19506166504133,0.188821160650997,919.104462298201,NA,NA,NA,NA,87,3087,"joint matched alpha + V_n"
"latent mixture",0.979262845129336,0.979985054307015,0.999348137409088,491,500,491,500,5033,0.988108623245099,3.06356154348601,0.296831751102548,-2.76672979238346,0.498255069134603,0.203138404176034,0.000202801960456689,0.360979079315758,1.51949916531135,0.953484062004195,NA,NA,87,3087,"joint matched alpha + V_n"
"sample-space reduction",0.997691444122429,0.998539717845991,0.999480094408846,491,500,491,500,4982,0.568054378522803,0.795485708063508,0.26162832003781,-0.533857388025698,0.946210351334352,0.366148168443623,0.35031064115249,2103.01883637623,NA,NA,NA,NA,87,3087,"joint matched alpha + V_n"
"finite Zipf reference",0.987634098465627,0.997108514176769,0.999309961120583,491,500,491,500,4986,0.576335584518443,0.787484704992714,0.258360846627343,-0.529123858365371,0.49992834476405,0.00601500356394368,-1.80031642512263e-05,-0.105441226380122,NA,NA,NA,NA,88,3088,"joint matched alpha + V_n"
"Zipf Markov control",0.985863223446195,0.990120827881588,0.999284937140679,491,500,491,500,4982,0.629162001710928,0.834848548113185,0.376988303216691,-0.457860244896493,0.499196090794451,0.195088492207319,0.188759194400267,1357.91632406544,NA,NA,NA,NA,88,3088,"joint matched alpha + V_n"
"latent mixture",0.992065902763797,1.01325990787539,0.999130145748259,491,500,491,500,5040,0.816290727970856,0.623752216151923,0.294606212573605,-0.329146003578318,0.50018807390198,0.198704067819036,2.46426519266429e-05,0.0423215384923806,1.5405366443909,0.950026032619842,NA,NA,88,3088,"joint matched alpha + V_n"
"sample-space reduction",0.987268511140612,0.992741535034659,0.999060327657681,491,500,491,500,4993,0.565761477715576,0.801518224262464,0.266398458851061,-0.535119765411403,0.946021227607121,0.366404407254655,0.350629479269692,2994.79160711356,NA,NA,NA,NA,88,3088,"joint matched alpha + V_n"
"finite Zipf reference",0.97860398894123,0.991667216012648,0.999231599725845,491,500,491,500,4960,0.57638416295685,0.80128844998776,0.250989504965638,-0.550298945022122,0.500338045482483,0.00586396316768111,-4.04699915772001e-05,-0.324716472321247,NA,NA,NA,NA,89,3089,"joint matched alpha + V_n"
"Zipf Markov control",0.977615338916291,0.989833019048136,0.998988226707728,491,500,491,500,4991,0.621945072673555,0.762461203958707,0.365178888174832,-0.397282315783875,0.500675845592858,0.190928995198516,0.184678748639518,925.39047978397,NA,NA,NA,NA,89,3089,"joint matched alpha + V_n"
"latent mixture",0.983750706262408,1.01449238359608,0.998336636757426,491,500,491,500,4920,0.494545462808459,0.900998345009887,0.348790167685557,-0.552208177324329,0.499188553638261,0.194218802226283,-0.000480985054514577,-0.983059139004997,1.5911737422074,0.951906010380844,NA,NA,89,3089,"joint matched alpha + V_n"
"sample-space reduction",0.99807497576692,0.999281482736498,0.999339989888813,491,500,491,500,4990,0.579632444087905,0.799393817085738,0.264468251967909,-0.534925565117829,0.945054081071064,0.366742326797584,0.350990212485713,1742.81292060043,NA,NA,NA,NA,89,3089,"joint matched alpha + V_n"
"finite Zipf reference",0.995944842408514,0.994868811526911,0.999566385871866,491,500,491,500,5011,0.573777379700239,0.737077478035821,0.257470653295299,-0.479606824740522,0.500773589352132,0.00598673851180858,-2.62794290984865e-05,-0.181433725820421,NA,NA,NA,NA,90,3090,"joint matched alpha + V_n"
"Zipf Markov control",0.984707595569596,0.991552087544479,0.998825277933255,491,500,491,500,5011,0.643954205658611,0.820346168388995,0.369114061003055,-0.45123210738594,0.499747514596812,0.195876246822536,0.189548611194885,768.411155626145,NA,NA,NA,NA,90,3090,"joint matched alpha + V_n"
"latent mixture",0.987363701502867,0.981064393833524,0.999195433047067,491,500,491,500,5031,0.458401998099468,0.489442766184843,0.271273192932423,-0.21816957325242,0.499448165834362,0.195668115494358,-0.000417116938485229,-0.694937233425941,1.4800161102402,0.951708419451939,NA,NA,90,3090,"joint matched alpha + V_n"
"sample-space reduction",1.0024038852264,0.996101011122171,0.999532776204766,491,500,491,500,4993,0.571067589098431,0.799190522811974,0.274706498835394,-0.52448402397658,0.947049975304207,0.366437366080487,0.350758045393559,2492.86991394796,NA,NA,NA,NA,90,3090,"joint matched alpha + V_n"
"finite Zipf reference",0.99776561624667,0.995552340563491,0.999232791957111,491,500,491,500,4986,0.574332845718431,0.745382107990074,0.265706817671797,-0.479675290318276,0.50083987135629,0.00599596621662449,-1.30574690722302e-05,-0.103140034854103,NA,NA,NA,NA,91,3091,"joint matched alpha + V_n"
"Zipf Markov control",0.969572104927741,0.986384796821431,0.99893493892736,491,500,491,500,5002,0.627475876061755,0.787865045736298,0.374559464816353,-0.413305580919945,0.499725468664209,0.193369991334995,0.187116958847318,858.63196817487,NA,NA,NA,NA,91,3091,"joint matched alpha + V_n"
"latent mixture",0.978190671555672,0.983860937571073,0.999330971160526,491,500,491,500,5034,0.678293195689831,1.4736311795724,0.27029446259278,-1.20333671697962,0.500115434087136,0.197460922736758,-0.000701983424895719,-1.32198387233152,1.52942748106366,0.946633356379947,NA,NA,91,3091,"joint matched alpha + V_n"
"sample-space reduction",1.00344035721034,1.00016236879209,0.999513864367711,491,500,491,500,4995,0.573320050632487,0.748177839306293,0.269732299776542,-0.478445539529751,0.947879957801172,0.366600904998612,0.351034484452263,2762.16635933714,NA,NA,NA,NA,91,3091,"joint matched alpha + V_n"
"finite Zipf reference",0.992094705417765,0.999915453178838,0.999415996741381,491,500,491,500,4992,0.57279065680135,0.734651883813473,0.254094170981076,-0.480557712832397,0.497419619086627,0.00617973053222328,0.000143447977691483,1.19962341362297,NA,NA,NA,NA,92,3092,"joint matched alpha + V_n"
"Zipf Markov control",0.991084128705508,0.994969675579901,0.99915262463766,491,500,491,500,5001,0.633677328826039,0.772739615092306,0.376381621814221,-0.396357993278085,0.503031066463021,0.192104851892165,0.185852345917064,1105.49645897227,NA,NA,NA,NA,92,3092,"joint matched alpha + V_n"
"latent mixture",0.974558874050186,0.96158141690731,0.999159270768291,491,500,491,500,4955,0.757769767181451,1.12616266507461,0.277089919820579,-0.849072745254034,0.501119163176207,0.202497650765558,4.53000280820071e-06,0.00939749211154916,1.80697043614423,0.95483927161776,NA,NA,92,3092,"joint matched alpha + V_n"
"sample-space reduction",0.985911197717295,0.99117530589301,0.999397567354,491,500,491,500,4989,0.566507296199231,0.740672314906172,0.261706566975754,-0.478965747930418,0.944342122995373,0.365865809011034,0.350067425314671,1834.97473458789,NA,NA,NA,NA,92,3092,"joint matched alpha + V_n"
"finite Zipf reference",0.999929541768767,1.00540167486729,0.999554874964596,491,500,491,500,4985,0.573494101361178,0.757189613567625,0.266013559315863,-0.491176054251761,0.499836119305146,0.00627190379653929,0.000234410036616773,1.71077369094917,NA,NA,NA,NA,93,3093,"joint matched alpha + V_n"
"Zipf Markov control",0.979445600909419,0.984485528258367,0.99944669178263,491,500,491,500,5009,0.629813486111184,0.782466292674405,0.371976386123547,-0.410489906550858,0.498945512921401,0.191788865857675,0.185562644641283,902.990954452396,NA,NA,NA,NA,93,3093,"joint matched alpha + V_n"
"latent mixture",0.96193410682293,0.979329862728878,0.999142520376382,491,500,491,500,4987,0.636974870314889,1.05962809431842,0.215574236874474,-0.84405385744395,0.500059886107512,0.194112022711504,0.000102150604298024,0.189234436430913,1.50105516812087,0.945461685932265,NA,NA,93,3093,"joint matched alpha + V_n"
"sample-space reduction",0.99378979885575,1.00120850656301,0.999358795764059,491,500,491,500,4985,0.575739717772337,0.787699628848391,0.260665232680243,-0.527034396168148,0.945578918991778,0.364995586701185,0.349333935091335,2500.57521790529,NA,NA,NA,NA,93,3093,"joint matched alpha + V_n"
"finite Zipf reference",0.991136646364874,0.986505919591223,0.999452706983683,491,500,491,500,4968,0.565000112029737,0.772071580268942,0.247243640653811,-0.524827939615131,0.501675393743147,0.00596555337656918,-3.78114835489982e-05,-0.309938306862704,NA,NA,NA,NA,94,3094,"joint matched alpha + V_n"
"Zipf Markov control",0.995426528432169,0.991814133245827,0.999540817158159,491,500,491,500,4942,0.643232593434566,0.729750497909093,0.384506474966926,-0.345244022942167,0.499795520322134,0.194219344575077,0.188003288816501,1259.75269584947,NA,NA,NA,NA,94,3094,"joint matched alpha + V_n"
"latent mixture",1.02251205060394,1.00163873739239,0.99895395506172,491,500,491,500,4954,0.541310361048229,0.542358046354395,0.317781347664269,-0.224576698690126,0.499939387928279,0.191848569608517,-0.000478829430121341,-1.14417811002721,1.77829428058907,0.94513405967685,NA,NA,94,3094,"joint matched alpha + V_n"
"sample-space reduction",0.995575543064496,0.997608917968068,0.999498985050486,491,500,491,500,4984,0.575179605019754,0.774945548547449,0.259583739964255,-0.515361808583194,0.945051489662762,0.365109235264183,0.349480742399933,1846.3761651522,NA,NA,NA,NA,94,3094,"joint matched alpha + V_n"
"finite Zipf reference",0.994284374016246,1.00070354648897,0.999258100571968,491,500,491,500,4999,0.581814896030314,0.780393377317714,0.266510454899431,-0.513882922418283,0.500460706826651,0.00587992836197004,-9.2453377161324e-05,-0.767480579759618,NA,NA,NA,NA,95,3095,"joint matched alpha + V_n"
"Zipf Markov control",0.981516980734653,0.989477477622728,0.998978094619641,491,500,491,500,4994,0.630258467246332,0.728517437898134,0.377895867560923,-0.350621570337211,0.500393452943028,0.192334679136171,0.186101118449685,864.123135102587,NA,NA,NA,NA,95,3095,"joint matched alpha + V_n"
"latent mixture",0.906366389720118,0.917215372854248,0.999280866836505,491,500,491,500,5071,0.701997443408416,1.35193572517788,0.359602078623766,-0.992333646554117,0.499181669394435,0.216477272101272,0.000130538239257377,0.21757743357154,1.43474137796758,0.945326011218308,NA,NA,95,3095,"joint matched alpha + V_n"
"sample-space reduction",0.987753138671022,0.990845858567865,0.999628833571659,491,500,491,500,4989,0.57777707456048,0.784843745567419,0.265630249554464,-0.519213496012955,0.94555661595464,0.366311218319712,0.350622773704175,2209.11563304116,NA,NA,NA,NA,95,3095,"joint matched alpha + V_n"
"finite Zipf reference",0.998938537766475,0.995051194304358,0.999510139701258,491,500,491,500,4993,0.581590314658373,0.767107341423234,0.267498365990255,-0.499608975432979,0.500010240026214,0.00589537127742582,-0.000152504061350955,-0.996780981042467,NA,NA,NA,NA,96,3096,"joint matched alpha + V_n"
"Zipf Markov control",0.991685577630276,1.00020761291506,0.999109510564315,491,500,491,500,5007,0.642236211673155,0.819452416106275,0.381379059052656,-0.438073357053619,0.498030565621554,0.195396832070346,0.189204773445188,1266.91598714221,NA,NA,NA,NA,96,3096,"joint matched alpha + V_n"
"latent mixture",0.955393180015314,0.975204960981515,0.998884411766237,491,500,491,500,5061,0.640891953677862,0.896072756214121,0.242200040345529,-0.653872715868592,0.501259418016306,0.206446072447815,0.00086984276636079,1.7925670648927,1.53336456082918,0.949995583119508,NA,NA,96,3096,"joint matched alpha + V_n"
"sample-space reduction",1.00164107532632,1.00283757618741,0.999498682999298,491,500,491,500,4989,0.566296283904478,0.750901327177629,0.261050939950604,-0.489850387227025,0.9445143319256,0.36642052113193,0.350624374105878,3282.93465873292,NA,NA,NA,NA,96,3096,"joint matched alpha + V_n"
"finite Zipf reference",0.994280225007831,1.00008874058183,0.999278172785893,491,500,491,500,4964,0.579250744455395,0.733079250749357,0.256442698511329,-0.476636552238027,0.501239906545887,0.00613995072876246,0.000111170761036625,0.667991328005182,NA,NA,NA,NA,97,3097,"joint matched alpha + V_n"
"Zipf Markov control",0.99067682785889,0.996699897205825,0.999357941485307,491,500,491,500,4982,0.625003435840288,0.73747624932595,0.378542933324248,-0.358933316001701,0.500667200427008,0.193371003433515,0.18718738847817,1030.66606674174,NA,NA,NA,NA,97,3097,"joint matched alpha + V_n"
"latent mixture",0.945694165308046,0.942786195423747,0.998818522947989,491,500,491,500,5001,0.457781650589435,0.595761425819461,0.231158897051805,-0.364602528767656,0.498068983886003,0.213003611440212,-0.00144386288962975,-2.74281227818526,1.67318676603884,0.945588507141328,NA,NA,97,3097,"joint matched alpha + V_n"
"sample-space reduction",0.984470982735775,0.994361366421529,0.999340262862131,491,500,491,500,4978,0.567784930822932,0.794586805406243,0.264062051227136,-0.530524754179108,0.947622360359956,0.366800712653263,0.351234257186531,1892.04952422925,NA,NA,NA,NA,97,3097,"joint matched alpha + V_n"
"finite Zipf reference",0.989971638587715,0.987338223892944,0.999390905102541,491,500,491,500,4994,0.572037427507338,0.757395968386776,0.26108389792552,-0.496312070461256,0.499318612633844,0.00609565845640699,9.28173668229941e-05,0.559913813392716,NA,NA,NA,NA,98,3098,"joint matched alpha + V_n"
"Zipf Markov control",0.975792076824334,0.986332158489082,0.99825354698697,491,500,491,500,5011,0.62706397170513,0.747206075630471,0.385039270602361,-0.36216680502811,0.500580100968925,0.192312572725586,0.186038140671721,2081.23427944817,NA,NA,NA,NA,98,3098,"joint matched alpha + V_n"
"latent mixture",1.0156392678638,1.05057188382971,0.997976571331508,491,500,491,500,5043,0.63090327707027,0.501298753321734,0.279370878770763,-0.221927874550971,0.50120079241232,0.194180403124173,-0.000499958423241492,-0.91494664884259,1.61161468111619,0.960048103877954,NA,NA,98,3098,"joint matched alpha + V_n"
"sample-space reduction",0.98062218044006,0.986746334851299,0.999406303384889,491,500,491,500,4954,0.56807208391928,0.759891580912717,0.26204484559482,-0.497846735317898,0.944835100647017,0.364095924729867,0.348350086900483,2421.76330881019,NA,NA,NA,NA,98,3098,"joint matched alpha + V_n"
"finite Zipf reference",0.996292178980502,0.994453860994202,0.999545605070957,491,500,491,500,4966,0.574500569557971,0.741069482760081,0.266422237307523,-0.474647245452558,0.498647319232661,0.00608311412814137,8.11790020115617e-05,0.530224561465877,NA,NA,NA,NA,99,3099,"joint matched alpha + V_n"
"Zipf Markov control",0.979129044374675,0.991315190867972,0.999342480482909,491,500,491,500,4997,0.632693330398433,0.817086482566009,0.376948104175645,-0.440138378390364,0.498094831538839,0.196929243495726,0.190699798926092,945.538218379841,NA,NA,NA,NA,99,3099,"joint matched alpha + V_n"
"latent mixture",1.04293215971506,1.06808365402495,0.998725364975725,491,500,491,500,4908,0.699466825784609,0.97475243216608,0.399906107417576,-0.574846324748505,0.500060759381801,0.183044958382794,-0.000740603809211537,-1.26143130232634,1.52486177260875,0.958399816393705,NA,NA,99,3099,"joint matched alpha + V_n"
"sample-space reduction",1.00390744583929,0.998332149761116,0.999379701790676,491,500,491,500,5005,0.563670298829295,0.769134606809219,0.26044295085778,-0.50869165595144,0.943955352931929,0.366706546049606,0.35092179187896,1944.69983822378,NA,NA,NA,NA,99,3099,"joint matched alpha + V_n"
"finite Zipf reference",0.989021012907888,0.992343897619158,0.999459201188356,491,500,491,500,4983,0.568564518276864,0.794007588868202,0.270272174855836,-0.523735414012365,0.501132114133497,0.00598291618355616,-3.84895270777955e-05,-0.279603860335513,NA,NA,NA,NA,100,3100,"joint matched alpha + V_n"
"Zipf Markov control",0.977110745559789,0.985363279803793,0.999186825601779,491,500,491,500,5027,0.639716174741957,0.81898114757585,0.37944921391592,-0.43953193365993,0.498892432406956,0.192964917891788,0.186742217544699,1383.02782936867,NA,NA,NA,NA,100,3100,"joint matched alpha + V_n"
"latent mixture",0.960280062357418,0.965193639076257,0.999325835599917,491,500,491,500,4972,0.619455505784847,0.499686751729493,0.270130005291667,-0.229556746437826,0.501228070175439,0.198852971027714,0.0012726751154353,2.76466848274332,1.44495202017665,0.945348725698601,NA,NA,100,3100,"joint matched alpha + V_n"
"sample-space reduction",0.996253002282031,1.00299291219585,0.99948694232282,491,500,491,500,4991,0.569045715050743,0.731075600091736,0.264880923696934,-0.466194676394802,0.945366970931995,0.366953298403558,0.35127654423191,1970.42885648588,NA,NA,NA,NA,100,3100,"joint matched alpha + V_n"
