"generator","alpha","alpha_mle","zipf_r2","zipf_n_fit","zipf_effective_r_max","zipf_mle_n_fit","zipf_mle_effective_r_max","vocabulary","heaps_beta","heaps_beta_early","heaps_beta_late","heaps_beta_change","transition_toward_more_frequent","transition_nmi","transition_nmi_excess","transition_nmi_z","conditional_alpha_sd","conditional_mean_r2","length_frequency_slope","length_frequency_r2","replicate","seed","benchmark"
"finite Zipf reference",0.991535714254089,0.991265656407419,0.99890625820387,491,500,491,500,4855,0.562602829746244,0.75723675230543,0.255249301332642,-0.501987450972788,0.500343388993101,0.00595617457393547,-3.80808387309677e-05,-0.240861668047278,NA,NA,NA,NA,1,2001,"strict equifinality"
"Zipf Markov control",0.980195839558417,0.992425163246863,0.998797401741763,491,500,491,500,4614,0.625823646216833,0.776986557602593,0.349848702383052,-0.427137855219541,0.49945417437942,0.196229098087768,0.190032958387069,1014.99412342509,NA,NA,NA,NA,1,2001,"strict equifinality"
"latent mixture",1.02478463544239,0.990957723398466,0.998013260071012,491,500,491,500,4782,0.492901064784567,1.05524809675761,0.225086107217447,-0.830161989540167,0.49876540488106,0.193260695739978,0.000373964127633575,0.574445522360247,1.69199742822451,0.953313498041993,NA,NA,1,2001,"strict equifinality"
"sample-space reduction",0.999624249493846,0.998062742208582,0.999548363595666,491,500,491,500,5023,0.580539145300034,0.782894041685034,0.269948024075286,-0.512946017609748,0.94756991613432,0.36641915077709,0.350671688002633,1503.73797282826,NA,NA,NA,NA,1,2001,"strict equifinality"
"finite Zipf reference",0.993827279535599,0.999483063228941,0.99943732030069,491,500,491,500,4870,0.57740065704562,0.77259465615099,0.244065499490089,-0.528529156660901,0.498955196361625,0.00597965174136771,1.84287903944157e-05,0.109066911622924,NA,NA,NA,NA,2,2002,"strict equifinality"
"Zipf Markov control",0.991817659864838,0.995153593395198,0.999134062629981,491,500,491,500,4605,0.635194025944518,0.794800274060692,0.34860496733854,-0.446195306722153,0.499036578431992,0.194876833576641,0.18874295426498,1437.38092662676,NA,NA,NA,NA,2,2002,"strict equifinality"
"latent mixture",1.04223591770368,1.03063071324938,0.999342384617281,491,500,491,500,4763,0.818014978001076,1.82430888644778,0.32511497503769,-1.49919391141009,0.500165409554056,0.186344201552516,0.000312095056810041,0.600425605189833,1.73002946150047,0.947695469608483,NA,NA,2,2002,"strict equifinality"
"sample-space reduction",0.987144638663261,0.99833156913117,0.999231923040873,491,500,491,500,5016,0.553661674255743,0.745923578530969,0.256626631018007,-0.489296947512961,0.946522383368506,0.367160676966419,0.351497343097224,1794.37618654311,NA,NA,NA,NA,2,2002,"strict equifinality"
"finite Zipf reference",0.991395233778701,0.994157940751186,0.999409099054819,491,500,491,500,4865,0.560925014462212,0.762032806214707,0.246356418566776,-0.515676387647931,0.498976228014497,0.0060973833452938,0.00013142608747028,0.807839307240699,NA,NA,NA,NA,3,2003,"strict equifinality"
"Zipf Markov control",0.980666076836278,0.990233075628422,0.998742888895932,491,500,491,500,4605,0.623271231026057,0.787220611358809,0.347989298550646,-0.439231312808164,0.499188068549086,0.192785163144788,0.186558024613649,1012.97126574182,NA,NA,NA,NA,3,2003,"strict equifinality"
"latent mixture",1.03693628303411,1.03963132701381,0.999465795240764,491,500,491,500,4695,0.627323036631375,1.5337543300862,0.288283616394483,-1.24547071369172,0.500693760630203,0.188670103902466,-0.000960098680233501,-1.82798259771207,1.74677089901414,0.95025808343124,NA,NA,3,2003,"strict equifinality"
"sample-space reduction",0.995420426931256,0.996554452032121,0.999402331671642,491,500,491,500,5019,0.57429121229965,0.771191781658713,0.26665606177085,-0.504535719887863,0.946953356699919,0.365843738964308,0.350066544961831,2401.99928979561,NA,NA,NA,NA,3,2003,"strict equifinality"
"finite Zipf reference",0.989462762376521,0.989062961881698,0.999446096832685,491,500,491,500,4842,0.558987439008712,0.735570705720047,0.259815140337998,-0.475755565382049,0.499718125070469,0.00634536427569878,0.000362020684033527,2.364533029472,NA,NA,NA,NA,4,2004,"strict equifinality"
"Zipf Markov control",0.979480291484675,0.985163495744658,0.999228320920879,491,500,491,500,4651,0.624719617679286,0.769098527280099,0.367653180788341,-0.401445346491758,0.500102522042239,0.193588558448308,0.1874300944718,1197.48903372221,NA,NA,NA,NA,4,2004,"strict equifinality"
"latent mixture",1.02477024722416,0.999040447321992,0.999009828852673,491,500,491,500,4677,0.511285553346798,0.70162475938179,0.298959202164187,-0.402665557217603,0.501075412612974,0.193181968114187,0.000318353027914442,0.521133586895836,1.64137956797224,0.950281544467631,NA,NA,4,2004,"strict equifinality"
"sample-space reduction",0.99104283017976,0.994851640386423,0.999459102347942,491,500,491,500,4997,0.564761665660135,0.747009711025186,0.256361416155381,-0.490648294869805,0.946548935022917,0.366470949730917,0.350735342525523,2756.83457335745,NA,NA,NA,NA,4,2004,"strict equifinality"
"finite Zipf reference",1.00160692685535,1.00105598058299,0.999474803862655,491,500,491,500,4872,0.563617611811169,0.763242776694357,0.263353230014919,-0.499889546679438,0.498663005727048,0.00616199416472482,0.000125221416472858,0.670660463507628,NA,NA,NA,NA,5,2005,"strict equifinality"
"Zipf Markov control",0.97765958037754,0.988259414854657,0.999200950286818,491,500,491,500,4619,0.61590518109632,0.776720919513322,0.349597728892246,-0.427123190621075,0.50099875745136,0.194728173479298,0.188532831368796,1226.15479957754,NA,NA,NA,NA,5,2005,"strict equifinality"
"latent mixture",0.958970742028445,1.00324149801746,0.996619504328119,491,500,491,500,4830,0.594914429188429,0.977756095102231,0.294898439993597,-0.682857655108634,0.49945292381826,0.204105270189825,0.000202483443593471,0.35278716798527,1.63784903579282,0.957332200040229,NA,NA,5,2005,"strict equifinality"
"sample-space reduction",0.988332592509399,0.990890748156328,0.999493110683385,491,500,491,500,5030,0.575917446755503,0.78007554848272,0.258258367251199,-0.521817181231521,0.944355192054915,0.364965525422594,0.349172468381518,1951.1603336629,NA,NA,NA,NA,5,2005,"strict equifinality"
"finite Zipf reference",0.998711657377657,1.00300957920382,0.999514514245129,491,500,491,500,4853,0.555737926203681,0.773818599034499,0.249761039420789,-0.52405755961371,0.502482672481751,0.00598206721890202,1.58559959969207e-05,0.08926489540476,NA,NA,NA,NA,6,2006,"strict equifinality"
"Zipf Markov control",0.969958993347539,0.985587431544586,0.998992024230749,491,500,491,500,4595,0.630011581537069,0.821844133444499,0.350848474736913,-0.470995658707586,0.500220590552422,0.196413896047774,0.190227951867925,1145.86779365503,NA,NA,NA,NA,6,2006,"strict equifinality"
"latent mixture",0.958071153573184,0.951593962738162,0.999478550220959,491,500,491,500,4758,0.488925096488151,0.69506507669695,0.209577990634134,-0.485487086062816,0.500415167450872,0.204292343942759,0.000245789388756079,0.399531183009522,1.66079451772145,0.954733315373332,NA,NA,6,2006,"strict equifinality"
"sample-space reduction",0.988820684877445,0.99361594362052,0.999421831593759,491,500,491,500,5020,0.564768799098045,0.771577009001232,0.265139843637862,-0.50643716536337,0.942277883859373,0.365946225197309,0.35013907338842,1865.10508758413,NA,NA,NA,NA,6,2006,"strict equifinality"
"finite Zipf reference",0.99846916736537,0.999528564569445,0.999608848152081,491,500,491,500,4849,0.562469544692279,0.726646530941426,0.261826505919595,-0.46482002502183,0.499846251614358,0.0059863576687051,2.7951683375411e-05,0.231196993376671,NA,NA,NA,NA,7,2007,"strict equifinality"
"Zipf Markov control",0.986857083143794,0.992803115113352,0.999117948033263,491,500,491,500,4611,0.611400196494546,0.762739020095776,0.366142855491263,-0.396596164604513,0.500433200485185,0.195203378903173,0.189012775032627,955.140564124035,NA,NA,NA,NA,7,2007,"strict equifinality"
"latent mixture",0.976337820697688,0.993585109667512,0.999292267422337,491,500,491,500,4761,0.635298085303626,1.40236190168124,0.251355009883867,-1.15100689179737,0.500431540044703,0.197951326404086,0.000332273723971349,0.616259035384225,1.47040142757627,0.956462312334215,NA,NA,7,2007,"strict equifinality"
"sample-space reduction",1.0001106497115,1.00200173674523,0.999502099769699,491,500,491,500,5018,0.579758507970234,0.776915898611201,0.274385899599443,-0.502529999011758,0.945779614572571,0.365130698821081,0.349526661465269,1816.14524248714,NA,NA,NA,NA,7,2007,"strict equifinality"
"finite Zipf reference",0.991264289593896,0.999079321808123,0.99943212318443,491,500,491,500,4863,0.562702676408834,0.753587585868235,0.26044301374124,-0.493144572126996,0.501618620279878,0.00625952317345968,0.000320532009954745,2.06999986236635,NA,NA,NA,NA,8,2008,"strict equifinality"
"Zipf Markov control",0.989607392093197,0.996789817071261,0.999070744478683,491,500,491,500,4609,0.616191029349648,0.797448955714193,0.359380608561119,-0.438068347153074,0.499533928430366,0.19424061037413,0.188045160130133,1313.5821930481,NA,NA,NA,NA,8,2008,"strict equifinality"
"latent mixture",0.979458501524242,0.969848266763373,0.999071445438448,491,500,491,500,4711,0.481136963164601,0.436216327586081,0.276621411438759,-0.159594916147321,0.499609568325543,0.193526253766173,0.000118147065903684,0.195842244267519,1.60790299219706,0.948733748029364,NA,NA,8,2008,"strict equifinality"
"sample-space reduction",0.99398417323245,0.99460117151057,0.999558217680127,491,500,491,500,5026,0.573055481571489,0.754757897836952,0.274278344069316,-0.480479553767635,0.94614658909679,0.364801161461689,0.349081587703703,1480.14077389416,NA,NA,NA,NA,8,2008,"strict equifinality"
"finite Zipf reference",0.981986721305212,0.994108915276449,0.999075085424604,491,500,491,500,4843,0.561176423988995,0.745619634549395,0.25310473640076,-0.492514898148635,0.499287902539985,0.00591272627317066,-0.000154154390156079,-0.961285571253348,NA,NA,NA,NA,9,2009,"strict equifinality"
"Zipf Markov control",0.98875925721333,0.993392943289881,0.999280240530223,491,500,491,500,4613,0.618024966222726,0.770502983859773,0.346886509362035,-0.423616474497738,0.500550435630485,0.194017148917609,0.187828619453415,1284.12246258318,NA,NA,NA,NA,9,2009,"strict equifinality"
"latent mixture",0.97180341798246,0.96267483090063,0.999189605953674,491,500,491,500,4712,0.547628728635679,0.8934624570958,0.323124860778256,-0.570337596317544,0.498990529943894,0.205215484636688,4.79628782781572e-05,0.107516921395657,1.75199320735415,0.954220454283803,NA,NA,9,2009,"strict equifinality"
"sample-space reduction",0.995566568241598,0.993844920979561,0.999326779692702,491,500,491,500,5033,0.584192800996,0.788301320760965,0.273538802700306,-0.514762518060659,0.945905283722184,0.366461512678113,0.350725919470225,1910.93275407149,NA,NA,NA,NA,9,2009,"strict equifinality"
"finite Zipf reference",0.985861217904567,0.993617450811703,0.999251192889552,491,500,491,500,4855,0.557213691331597,0.72732448131631,0.24591118825877,-0.48141329305754,0.499610304372795,0.00595482347317587,-5.74419884343084e-05,-0.395976623464662,NA,NA,NA,NA,10,2010,"strict equifinality"
"Zipf Markov control",0.978589182993188,0.987963478981708,0.999322336566516,491,500,491,500,4593,0.61825609931946,0.714199464270968,0.355319218556733,-0.358880245714236,0.499521395954619,0.191611192261488,0.185383653630695,1032.32257389863,NA,NA,NA,NA,10,2010,"strict equifinality"
"latent mixture",0.985673047401253,0.997294816227597,0.99901090932809,491,500,491,500,4832,0.684837285370593,0.882139874118739,0.306431568158659,-0.57570830596008,0.500423415989925,0.191365985770802,-0.000154090529212975,-0.223314879394548,1.44941404739983,0.948634544347589,NA,NA,10,2010,"strict equifinality"
"sample-space reduction",0.994621444225479,0.996104942039392,0.999523696155482,491,500,491,500,5026,0.569362237539121,0.77398837013113,0.267701813053352,-0.506286557077778,0.945125032282695,0.365779335373328,0.35009889158763,2886.5726015555,NA,NA,NA,NA,10,2010,"strict equifinality"
"finite Zipf reference",0.990817109168799,0.991439705442666,0.999305896693579,491,500,491,500,4847,0.571393582092589,0.784817457400996,0.258053652692552,-0.526763804708444,0.498913867655799,0.00595514028164505,-5.86309460660853e-05,-0.35769409001081,NA,NA,NA,NA,11,2011,"strict equifinality"
"Zipf Markov control",0.980046053950951,0.989413355670892,0.999012393381744,491,500,491,500,4625,0.637006007833113,0.825541775751028,0.349702779516994,-0.475838996234034,0.498134859166061,0.196625138802933,0.19043259909299,968.943188294516,NA,NA,NA,NA,11,2011,"strict equifinality"
"latent mixture",0.990809675035193,0.983536734928672,0.999289730312661,491,500,491,500,4793,0.585439420940032,0.852139735767003,0.239254311286697,-0.612885424480306,0.501208756029982,0.199289620570581,-0.000223799043564843,-0.442747031107573,1.59465281427062,0.950075077337085,NA,NA,11,2011,"strict equifinality"
"sample-space reduction",0.996413017622323,0.997856678642174,0.999542439342837,491,500,491,500,5014,0.571784793087089,0.797343553646289,0.275778783406635,-0.521564770239654,0.945137017070979,0.366086942496567,0.350378397987548,1745.31546521565,NA,NA,NA,NA,11,2011,"strict equifinality"
"finite Zipf reference",0.99510675958099,0.990567215431787,0.999491284235409,491,500,491,500,4864,0.572928995987631,0.778053053648027,0.256486819769967,-0.521566233878061,0.500343079522761,0.00618586434580014,0.000219503465333104,1.48495895027669,NA,NA,NA,NA,12,2012,"strict equifinality"
"Zipf Markov control",0.992764349218981,0.994645810455663,0.999335270831842,491,500,491,500,4595,0.623087047161084,0.80489635245182,0.348086790978695,-0.456809561473126,0.50090112878237,0.197844589134828,0.191722110769498,1244.99075198873,NA,NA,NA,NA,12,2012,"strict equifinality"
"latent mixture",0.963271697668797,0.978051410418093,0.999132115017195,491,500,491,500,4747,0.644151928468275,0.595252603288597,0.281648903609375,-0.313603699679222,0.500879979633176,0.204020525379165,-0.000217037567797285,-0.344911895217477,1.83746391238061,0.953391522293971,NA,NA,12,2012,"strict equifinality"
"sample-space reduction",1.00528206925213,1.00602564681218,0.999495528826998,491,500,491,500,5009,0.578462493823246,0.758296893382605,0.258034670679052,-0.500262222703553,0.944814494479203,0.365117729012311,0.349417465033232,2405.96262680608,NA,NA,NA,NA,12,2012,"strict equifinality"
"finite Zipf reference",0.993623483705608,0.995853052690087,0.999362047428271,491,500,491,500,4878,0.563710018998481,0.74451373839203,0.257144081065074,-0.487369657326957,0.499744046522104,0.00597852282186154,-8.37704093193869e-05,-0.48177125256415,NA,NA,NA,NA,13,2013,"strict equifinality"
"Zipf Markov control",0.98505701547823,0.995882160961386,0.999002822199807,491,500,491,500,4617,0.61043184407645,0.792214670236447,0.356175259988941,-0.436039410247506,0.499842440284868,0.191415812466738,0.185294836233162,1271.15297627133,NA,NA,NA,NA,13,2013,"strict equifinality"
"latent mixture",1.00991095673879,0.99292821025214,0.998730801529314,491,500,491,500,4687,0.689581954358271,0.571136730736484,0.40769211964745,-0.163444611089034,0.498543965668243,0.183462023269523,0.000415951233372763,0.913188961676532,1.55340123118161,0.951221642343498,NA,NA,13,2013,"strict equifinality"
"sample-space reduction",0.984723417608042,0.992016736311466,0.999267396094618,491,500,491,500,5035,0.577669100543379,0.775297448956921,0.270580341250875,-0.504717107706046,0.945897994475262,0.366104686547424,0.350367014953828,2487.51317651534,NA,NA,NA,NA,13,2013,"strict equifinality"
"finite Zipf reference",0.98565359607421,0.989998266513473,0.999341736418304,491,500,491,500,4840,0.550874660195549,0.718968456263041,0.245553824301551,-0.47341463196149,0.500870776732846,0.0061048777242739,0.000105989703375433,0.742206423338566,NA,NA,NA,NA,14,2014,"strict equifinality"
"Zipf Markov control",0.990352192954297,0.995812844445184,0.999139408535431,491,500,491,500,4609,0.62042720553003,0.763516935294577,0.35707112770089,-0.406445807593687,0.500457225743386,0.193422124639092,0.187237571400146,1513.65655213776,NA,NA,NA,NA,14,2014,"strict equifinality"
"latent mixture",0.985737419731849,1.03994786720849,0.996115691441892,491,500,491,500,4633,0.734649894368472,1.44754228059234,0.283133320748711,-1.16440895984363,0.499440327744073,0.196590881812726,0.000972673395883694,2.04468850809888,1.75377930874855,0.963979584343574,NA,NA,14,2014,"strict equifinality"
"sample-space reduction",0.992309540879893,0.991896033920519,0.999263567450022,491,500,491,500,5013,0.573896295962954,0.757577807000432,0.258391631209767,-0.499186175790664,0.945017182130584,0.366937666487173,0.351128065274524,2189.02073553755,NA,NA,NA,NA,14,2014,"strict equifinality"
"finite Zipf reference",0.992664636230983,0.996584937655495,0.999436798319945,491,500,491,500,4847,0.562619436701421,0.782134037065222,0.254728268362927,-0.527405768702296,0.499237188347924,0.00589471711619178,-0.000103429118729254,-0.713052809187839,NA,NA,NA,NA,15,2015,"strict equifinality"
"Zipf Markov control",0.997661054738453,0.995316867118091,0.999275213934928,491,500,491,500,4628,0.618070881999397,0.827133344598193,0.351270135846539,-0.475863208751654,0.500079043885165,0.195302224007117,0.189126424680235,1352.62260918335,NA,NA,NA,NA,15,2015,"strict equifinality"
"latent mixture",0.984654902449266,0.976293355747167,0.99932886051383,491,500,491,500,4720,0.677937026000087,0.392914788027492,0.313641406997498,-0.0792733810299934,0.501196277272927,0.187163089513525,-0.000852899829799442,-1.98440209734643,1.37269210022022,0.943234586301612,NA,NA,15,2015,"strict equifinality"
"sample-space reduction",0.98518218320945,0.993506368899142,0.998802130439997,491,500,491,500,5013,0.56307445073556,0.751892451041173,0.264038079552116,-0.487854371489057,0.943805587997484,0.366244322814425,0.350431879073238,2593.47383476006,NA,NA,NA,NA,15,2015,"strict equifinality"
"finite Zipf reference",0.991652348868943,1.0005073046941,0.999511373791971,491,500,491,500,4872,0.57016530812481,0.795132798642343,0.257962350864859,-0.537170447777484,0.500235506133399,0.00601044696372259,2.03197129190844e-06,0.0116464284006932,NA,NA,NA,NA,16,2016,"strict equifinality"
"Zipf Markov control",0.986330471896991,0.987627626065353,0.999403274656814,491,500,491,500,4553,0.611674070125098,0.814791153941186,0.335037278162182,-0.479753875779004,0.500590225859762,0.194648352701354,0.188483708594183,1326.7208485706,NA,NA,NA,NA,16,2016,"strict equifinality"
"latent mixture",0.981992022038763,0.983299912848081,0.999593168126289,491,500,491,500,4788,0.60672481629742,0.816630785392881,0.261996115885784,-0.554634669507098,0.499470467533041,0.195420635306208,-0.000285094442416256,-0.380844015784131,1.45431576122758,0.944829864708629,NA,NA,16,2016,"strict equifinality"
"sample-space reduction",0.998846247637992,0.998508893578647,0.999456545522643,491,500,491,500,5028,0.56880296631158,0.797143208914448,0.257815566120376,-0.539327642794071,0.94510935465038,0.36672841089498,0.351079857906655,2149.67175232574,NA,NA,NA,NA,16,2016,"strict equifinality"
"finite Zipf reference",0.985522012044216,0.995469296760363,0.999237015025293,491,500,491,500,4860,0.562060897456318,0.74206472567926,0.264342925485685,-0.477721800193575,0.499200934292212,0.00582879868276419,-9.20893151028987e-05,-0.489679445736985,NA,NA,NA,NA,17,2017,"strict equifinality"
"Zipf Markov control",0.983366860399939,0.988691543357367,0.998994314068032,491,500,491,500,4561,0.62951857948615,0.75797897756176,0.349492682090288,-0.408486295471472,0.499598545317149,0.19171094146613,0.185569067663777,1184.8378158057,NA,NA,NA,NA,17,2017,"strict equifinality"
"latent mixture",1.01440576559417,1.00566754704792,0.999434223622955,491,500,491,500,4790,0.454906356042952,0.452432426718568,0.311287469657281,-0.141144957061286,0.500689759230918,0.174624994048042,0.000161584658752018,0.265029822797275,1.33162838512245,0.950194933109455,NA,NA,17,2017,"strict equifinality"
"sample-space reduction",0.996291371261379,0.993878264692514,0.999611256846971,491,500,491,500,5034,0.56759940316253,0.738970904885711,0.269129370040129,-0.469841534845581,0.946092916128307,0.366859388625432,0.351074090269588,1986.1630646813,NA,NA,NA,NA,17,2017,"strict equifinality"
"finite Zipf reference",0.987196170112104,0.991400078980037,0.999233414376383,491,500,491,500,4884,0.567716133456608,0.773643341100795,0.265069566952357,-0.508573774148438,0.501090886742397,0.00590497501257162,-0.000138813403246874,-1.1704089517987,NA,NA,NA,NA,18,2018,"strict equifinality"
"Zipf Markov control",0.98801477194928,0.987859566488551,0.999505289112854,491,500,491,500,4601,0.625420871340133,0.786096722901626,0.346827697883199,-0.439269025018426,0.500204924493206,0.195808333536586,0.189653591929312,1252.28514891179,NA,NA,NA,NA,18,2018,"strict equifinality"
"latent mixture",1.00671948722032,1.02061799027086,0.998377723641897,491,500,491,500,4762,0.568892359749925,0.477015401584833,0.283062579336947,-0.193952822247886,0.49942747467257,0.184003424597885,-0.000401610929665591,-0.622038666781772,1.49438366614012,0.943844381723,NA,NA,18,2018,"strict equifinality"
"sample-space reduction",0.987721881706769,0.991195421863105,0.999448738020464,491,500,491,500,5021,0.559083090786124,0.761542249803151,0.263584777638631,-0.49795747216452,0.942578682026925,0.366138149455012,0.350398283915236,2677.52805940868,NA,NA,NA,NA,18,2018,"strict equifinality"
"finite Zipf reference",0.988046275833138,0.988563285503745,0.999602045678049,491,500,491,500,4850,0.562664112978358,0.730068085494279,0.267228002242809,-0.46284008325147,0.501757730426672,0.00612707957997009,0.000124139303831985,0.802120802152447,NA,NA,NA,NA,19,2019,"strict equifinality"
"Zipf Markov control",0.983811470642656,0.993831347841867,0.999017119041742,491,500,491,500,4597,0.618981529270075,0.779492439954057,0.36076061179952,-0.418731828154537,0.500966327797244,0.190831406022586,0.184632818914255,1773.85186682412,NA,NA,NA,NA,19,2019,"strict equifinality"
"latent mixture",1.01444198099151,1.02049852378808,0.999497537923475,491,500,491,500,4728,0.505901311887891,0.345607246289746,0.225724613393608,-0.119882632896138,0.49981298129813,0.185209642448627,0.000299063988616732,0.728746262849531,1.67474193018574,0.946451457861084,NA,NA,19,2019,"strict equifinality"
"sample-space reduction",0.992895533670507,0.999476300569315,0.999527281115864,491,500,491,500,5020,0.570455536043475,0.810911356385965,0.258554044407916,-0.552357311978048,0.945679040086284,0.365421510388038,0.349711224539002,1714.29203209103,NA,NA,NA,NA,19,2019,"strict equifinality"
"finite Zipf reference",0.988002291230043,0.992516580595111,0.999549944096301,491,500,491,500,4854,0.556166045048063,0.716723557928491,0.257189720011784,-0.459533837916707,0.500727787117143,0.00614248396374686,0.000121665394745043,0.796653414494143,NA,NA,NA,NA,20,2020,"strict equifinality"
"Zipf Markov control",0.990910038919448,0.991459147874694,0.999223094582169,491,500,491,500,4644,0.623639464748065,0.765644234339575,0.355155306144905,-0.410488928194669,0.500062831830605,0.194885353627827,0.188680122184482,1128.96777001736,NA,NA,NA,NA,20,2020,"strict equifinality"
"latent mixture",0.995334170228669,1.01833919222794,0.99867968413942,491,500,491,500,4713,0.677001033807322,1.21544570694551,0.335547982984827,-0.879897723960679,0.500554210871581,0.204472638291622,-0.00164028046089892,-2.26932353955578,0.970907924120911,0.948398848596228,NA,NA,20,2020,"strict equifinality"
"sample-space reduction",0.990623894311137,0.995538782790205,0.99948803761741,491,500,491,500,5021,0.576036791597795,0.780193148939519,0.256445118779726,-0.523748030159792,0.946113431227267,0.365831767480365,0.350187418978854,2249.29315866955,NA,NA,NA,NA,20,2020,"strict equifinality"
"finite Zipf reference",0.991194317214832,0.995546713377261,0.999265796979431,491,500,491,500,4865,0.568154377817331,0.778323178297988,0.267082732080874,-0.511240446217115,0.499584841060757,0.00591563119274358,-0.000168766012698375,-1.1144355259108,NA,NA,NA,NA,21,2021,"strict equifinality"
"Zipf Markov control",0.992566262389777,0.996506545969716,0.999124474904725,491,500,491,500,4593,0.62345419221767,0.816200047935211,0.355717776636547,-0.460482271298664,0.500867453157529,0.195164701382829,0.189017843952653,994.943494219538,NA,NA,NA,NA,21,2021,"strict equifinality"
"latent mixture",0.977990499737648,1.00103748134716,0.998858906967631,491,500,491,500,4803,0.840705057228316,0.856417853922622,0.302505385141851,-0.553912468780772,0.500033291903409,0.203818540657222,0.000219090802814625,0.385702407958436,1.72504784269226,0.952709990438294,NA,NA,21,2021,"strict equifinality"
"sample-space reduction",0.991644858015184,0.992511736331374,0.999438520355838,491,500,491,500,5006,0.568215753336916,0.737263813464374,0.273299403065701,-0.463964410398673,0.946632368799425,0.36590433278174,0.350166635580622,1981.18094696256,NA,NA,NA,NA,21,2021,"strict equifinality"
"finite Zipf reference",0.997815545378634,1.00070891118682,0.999525988723164,491,500,491,500,4864,0.578765533267939,0.79937463593357,0.257383525208737,-0.541991110724834,0.499329298886943,0.00610485794781354,7.19755174115582e-05,0.47534477306769,NA,NA,NA,NA,22,2022,"strict equifinality"
"Zipf Markov control",0.988445324900265,0.995407981733274,0.998951652873366,491,500,491,500,4586,0.614850253159361,0.786059247547552,0.352096981917295,-0.433962265630256,0.498425742262523,0.196046943468646,0.189885145498242,1056.33753334678,NA,NA,NA,NA,22,2022,"strict equifinality"
"latent mixture",0.937588922100333,0.965694834204712,0.998533360161718,491,500,491,500,4807,0.767050295781238,1.89154652416036,0.225299597706995,-1.66624692645337,0.499676126694845,0.205547448038366,0.000620412376448082,1.28404975963402,1.5629531850186,0.948068933471133,NA,NA,22,2022,"strict equifinality"
"sample-space reduction",0.984866825936684,0.99280047462138,0.999359076284818,491,500,491,500,5020,0.563985529179667,0.74027247525437,0.268466671113896,-0.471805804140474,0.944853065028691,0.364684752382527,0.349008432751442,1851.36125755214,NA,NA,NA,NA,22,2022,"strict equifinality"
"finite Zipf reference",0.991725046804934,0.9945775712866,0.999346161695393,491,500,491,500,4870,0.55396450095869,0.745417150105863,0.253266990867218,-0.492150159238645,0.50045090283044,0.00608498344979021,7.80009077062322e-05,0.489691727772296,NA,NA,NA,NA,23,2023,"strict equifinality"
"Zipf Markov control",0.981614279502992,0.982572958828586,0.999702629209573,491,500,491,500,4600,0.625137446243785,0.807985465205766,0.356455341431399,-0.451530123774367,0.496397660449938,0.193778316409498,0.187589537828875,1484.98164116346,NA,NA,NA,NA,23,2023,"strict equifinality"
"latent mixture",0.976457073039902,0.99702412788179,0.999047954997824,491,500,491,500,4738,0.74950935372753,0.20148739518726,0.344049193877921,0.142561798690661,0.499541907211374,0.196456510166955,-0.000179692516496355,-0.334939826373103,1.50663793144447,0.951688642684721,NA,NA,23,2023,"strict equifinality"
"sample-space reduction",0.992231188201432,0.993705999408622,0.999385156975772,491,500,491,500,5016,0.567953984179018,0.755023473906029,0.2728301418321,-0.482193332073929,0.946312266990073,0.365774419577092,0.350005294577883,2404.18172649917,NA,NA,NA,NA,23,2023,"strict equifinality"
"finite Zipf reference",0.985000409346109,0.992213764299385,0.999363583518207,491,500,491,500,4863,0.575265799535367,0.7387412163632,0.261282477487974,-0.477458738875226,0.498934513564462,0.00600105469433701,-6.39641571643784e-05,-0.41342651728834,NA,NA,NA,NA,24,2024,"strict equifinality"
"Zipf Markov control",0.978780120383547,0.989643577521654,0.998832670776268,491,500,491,500,4614,0.62379610091745,0.784363640432183,0.356459206528504,-0.427904433903679,0.500511657929124,0.194892660015074,0.18877699574544,1111.05349049707,NA,NA,NA,NA,24,2024,"strict equifinality"
"latent mixture",1.01968320104367,1.02862036700449,0.999209415321147,491,500,491,500,4741,0.554162445095242,0.361278512895274,0.300991861424768,-0.0602866514705052,0.49985240901289,0.183188584301418,-0.00074573093366459,-1.06710981970451,1.4480463089527,0.946129049265587,NA,NA,24,2024,"strict equifinality"
"sample-space reduction",0.985455012258444,0.992142875672425,0.999546507208875,491,500,491,500,5024,0.574544110660672,0.806398356541924,0.248053060534476,-0.558345296007448,0.945157486946269,0.366520925035865,0.350814397620715,1890.14003901544,NA,NA,NA,NA,24,2024,"strict equifinality"
"finite Zipf reference",0.990562829400257,0.994958541111653,0.999441192855673,491,500,491,500,4870,0.562823246964891,0.733737747428066,0.25213354119543,-0.481604206232636,0.498323953624258,0.00584807027045569,-0.000124310227226817,-1.08504691315422,NA,NA,NA,NA,25,2025,"strict equifinality"
"Zipf Markov control",0.983695510529321,0.994571004632547,0.999432567949888,491,500,491,500,4575,0.617113220994326,0.766539686472317,0.357302876270643,-0.409236810201674,0.499746104287664,0.196249100781275,0.190051805981825,1406.21414039155,NA,NA,NA,NA,25,2025,"strict equifinality"
"latent mixture",1.07940759020013,1.08610932737615,0.999350779388698,491,500,491,500,4765,0.907143078139485,1.37484481038208,0.357804227784597,-1.01704058259748,0.501338883888389,0.192008060965644,0.000415951576142354,0.897760383677986,1.83022948892291,0.959178606236067,NA,NA,25,2025,"strict equifinality"
"sample-space reduction",0.993267647421581,0.991027592997675,0.999650534548794,491,500,491,500,5010,0.566678687037057,0.764668912927799,0.269832665132809,-0.49483624779499,0.947534468046886,0.366465575183025,0.350758728117782,2273.08735798723,NA,NA,NA,NA,25,2025,"strict equifinality"
"finite Zipf reference",0.996604648622609,0.997441802246091,0.999473163082094,491,500,491,500,4834,0.561287879885981,0.738936395729917,0.255172723867935,-0.483763671861983,0.500220271087115,0.00571464910940668,-0.000331333968450904,-2.01360097204011,NA,NA,NA,NA,26,2026,"strict equifinality"
"Zipf Markov control",0.995388747994895,0.998335682926739,0.99947233210386,491,500,491,500,4601,0.624492434823822,0.774957130779146,0.357100246076401,-0.417856884702745,0.501593311247831,0.194775626292068,0.188574937096829,1660.99379279799,NA,NA,NA,NA,26,2026,"strict equifinality"
"latent mixture",0.996602555712916,1.01610066700443,0.998720357629832,491,500,491,500,4805,0.727798487027078,0.228878351920839,0.326380795075579,0.0975024431547401,0.500148018200756,0.194229050683867,-0.000449520056535979,-0.636196905526206,1.89984235540408,0.95424030015705,NA,NA,26,2026,"strict equifinality"
"sample-space reduction",0.995347011496811,0.99619051678921,0.999435964422528,491,500,491,500,5000,0.585007843210559,0.812423965589672,0.25653716698568,-0.555886798603991,0.945685609717763,0.36738035083961,0.351661917564048,2011.138495559,NA,NA,NA,NA,26,2026,"strict equifinality"
"finite Zipf reference",0.994977503309287,1.0005042653167,0.999504183047837,491,500,491,500,4876,0.576940006709094,0.796248072064362,0.252130818179125,-0.544117253885236,0.500317577396685,0.00612109208508915,0.000156175057283111,1.00969588258865,NA,NA,NA,NA,27,2027,"strict equifinality"
"Zipf Markov control",0.970868555801984,0.982770262444684,0.999344973489751,491,500,491,500,4596,0.624889565767572,0.765681306333918,0.358635359330801,-0.407045947003116,0.500529117242904,0.196252153990751,0.190069675230953,1618.32259110164,NA,NA,NA,NA,27,2027,"strict equifinality"
"latent mixture",1.01099229633787,1.007090665734,0.9994099385981,491,500,491,500,4836,0.534617734361068,0.545769102411103,0.219903664683634,-0.325865437727469,0.501597970412836,0.19232043151513,0.000808342942090673,2.212458036402,1.43486246269426,0.950023953039585,NA,NA,27,2027,"strict equifinality"
"sample-space reduction",0.997308857437492,0.996515413312912,0.999532054376646,491,500,491,500,5013,0.573685293766976,0.744574818845568,0.273162877584797,-0.47141194126077,0.946149008333146,0.366875552148349,0.35107895835468,2283.38683131702,NA,NA,NA,NA,27,2027,"strict equifinality"
"finite Zipf reference",1.00273855978308,0.997569725180856,0.99917118175159,491,500,491,500,4878,0.563035402837969,0.809727508103227,0.264699172270749,-0.545028335832478,0.499421515526933,0.00585912536618647,-0.000131266960383988,-0.977024228833929,NA,NA,NA,NA,28,2028,"strict equifinality"
"Zipf Markov control",0.971349771260359,0.98443903324834,0.999290600888811,491,500,491,500,4600,0.606852044064616,0.750245457124788,0.351804581502789,-0.398440875622,0.499604893005026,0.195696815463628,0.189474679021548,970.372792673984,NA,NA,NA,NA,28,2028,"strict equifinality"
"latent mixture",0.966149972035535,1.00626363555346,0.998055012426228,491,500,491,500,4813,0.66071114294277,0.494530703735151,0.338613547751025,-0.155917155984127,0.500121735281098,0.205907755793914,0.000210991497986174,0.337303915582857,1.80822180224629,0.952888643479152,NA,NA,28,2028,"strict equifinality"
"sample-space reduction",0.978264594023392,0.990289843155018,0.999077525612115,491,500,491,500,5014,0.569512985984059,0.766440274175393,0.271129031971572,-0.495311242203821,0.942559714314591,0.366830056326673,0.351057875788291,2000.94829462669,NA,NA,NA,NA,28,2028,"strict equifinality"
"finite Zipf reference",1.00239938313385,0.999494940610946,0.99937261496533,491,500,491,500,4876,0.556318374405118,0.72502494197866,0.2709328946416,-0.45409204733706,0.500030745265229,0.00604020553454548,6.5279208435064e-05,0.517193172244713,NA,NA,NA,NA,29,2029,"strict equifinality"
"Zipf Markov control",0.990830277526056,0.996765363962585,0.999073453613797,491,500,491,500,4611,0.631669677944552,0.798413560741711,0.348851786537187,-0.449561774204524,0.499803326148182,0.193422311011945,0.187260148330289,1322.12583931406,NA,NA,NA,NA,29,2029,"strict equifinality"
"latent mixture",0.990896857836145,1.01270261681622,0.998799937500833,491,500,491,500,4755,0.848280338005907,1.39468211076661,0.263024568898756,-1.13165754186785,0.500050116381375,0.202066438518471,-0.000196876236414151,-0.32163686419505,1.81303442671018,0.951072942775501,NA,NA,29,2029,"strict equifinality"
"sample-space reduction",0.99528288213365,0.991496764714406,0.999216000730901,491,500,491,500,5020,0.572756800528939,0.776868290313219,0.259056367566808,-0.517811922746412,0.943630176218875,0.365233935357839,0.349569254727353,2422.72404071028,NA,NA,NA,NA,29,2029,"strict equifinality"
"finite Zipf reference",0.987553235083222,0.992191714639063,0.999182669589273,491,500,491,500,4841,0.56537303686904,0.780762288905976,0.26378574678181,-0.516976542124165,0.498831943277526,0.00622741531748123,0.000219753070578363,1.36383220984729,NA,NA,NA,NA,30,2030,"strict equifinality"
"Zipf Markov control",0.975284232105639,0.986181731209875,0.999070727175407,491,500,491,500,4595,0.615730170058407,0.769810294621444,0.351336665614728,-0.418473629006716,0.501782784298877,0.19464899597034,0.18849746147341,1459.52328993058,NA,NA,NA,NA,30,2030,"strict equifinality"
"latent mixture",0.982361733617934,0.971668672625273,0.99953373413983,491,500,491,500,4877,0.952365540154589,2.12595554039667,0.247223995245477,-1.8787315451512,0.50065979884452,0.205454544584628,-0.000510635124826353,-0.867252012412982,1.43481508906665,0.948870402361232,NA,NA,30,2030,"strict equifinality"
"sample-space reduction",0.984502573525317,0.994119123142365,0.999403144311102,491,500,491,500,5014,0.577485055100159,0.788439975327268,0.25662482089744,-0.531815154429828,0.944332858313042,0.367855901239504,0.352161288648383,2113.8436988141,NA,NA,NA,NA,30,2030,"strict equifinality"
"finite Zipf reference",0.991240274077336,0.994109428744388,0.999522909211924,491,500,491,500,4842,0.565071444203076,0.794770594500218,0.253182278838257,-0.541588315661961,0.501070006041182,0.00585463475043672,-0.000164739525700975,-1.24509574713466,NA,NA,NA,NA,31,2031,"strict equifinality"
"Zipf Markov control",0.977041683196356,0.989045709495319,0.999355730313096,491,500,491,500,4594,0.619322945240608,0.788038139640512,0.355082174154495,-0.432955965486017,0.497518806498514,0.1949972985519,0.188854039019485,1186.16144092872,NA,NA,NA,NA,31,2031,"strict equifinality"
"latent mixture",1.01716791034032,1.0465212229753,0.998943829326591,491,500,491,500,4766,0.653426821779272,0.951915754078785,0.279956584749081,-0.671959169329704,0.500197737009777,0.187398645499063,-0.00090237275855401,-1.27864697197696,1.68720765586067,0.950556823166897,NA,NA,31,2031,"strict equifinality"
"sample-space reduction",0.98941161069825,0.989041398990356,0.99947469816082,491,500,491,500,5007,0.56926028423205,0.776841152158452,0.26832637242676,-0.508514779731692,0.945828843390805,0.367382661823143,0.351640784667835,2428.81881597008,NA,NA,NA,NA,31,2031,"strict equifinality"
"finite Zipf reference",0.990099663853227,0.990724683767673,0.999631674989444,491,500,491,500,4858,0.564637643332441,0.776352005340289,0.256394343759738,-0.519957661580552,0.499677230948941,0.00591472798952363,-6.22327936783892e-05,-0.421049882010736,NA,NA,NA,NA,32,2032,"strict equifinality"
"Zipf Markov control",0.979995231917023,0.987521660762616,0.999342554227417,491,500,491,500,4590,0.628810147464556,0.774750688251411,0.361591948728339,-0.413158739523072,0.499802505806329,0.193540217230114,0.187344222508992,1302.19077948548,NA,NA,NA,NA,32,2032,"strict equifinality"
"latent mixture",0.974643985742805,0.981969549578744,0.99944154682959,491,500,491,500,4788,0.612301319908302,0.48338531346881,0.345698982662189,-0.137686330806621,0.50032390653621,0.208453203786628,-0.000310083211801648,-0.510460546975554,1.88317854790139,0.957670417462575,NA,NA,32,2032,"strict equifinality"
"sample-space reduction",0.983934052720226,0.990775924349163,0.999368307839321,491,500,491,500,4989,0.567669713526497,0.772704379328886,0.262509141687343,-0.510195237641543,0.947244899105027,0.366868703849551,0.351105912369484,2275.02660757092,NA,NA,NA,NA,32,2032,"strict equifinality"
"finite Zipf reference",0.990975540082161,0.993506198968144,0.999306568655408,491,500,491,500,4845,0.563974218253757,0.776238213720661,0.253159017725644,-0.523079195995016,0.500496605674616,0.0060742429108999,9.53819322091418e-05,0.673042662337567,NA,NA,NA,NA,33,2033,"strict equifinality"
"Zipf Markov control",0.98594003225763,0.984639222587697,0.999061515884189,491,500,491,500,4587,0.616463705610874,0.786637029945924,0.33902468444714,-0.447612345498784,0.498440345182488,0.194855192828061,0.188585368616253,1052.63595043447,NA,NA,NA,NA,33,2033,"strict equifinality"
"latent mixture",1.00921144667579,1.0208732094144,0.999355871409142,491,500,491,500,4778,0.779016971429389,0.984738489688339,0.370266292638245,-0.614472197050094,0.500539944903581,0.187413113542059,5.16759248223309e-05,0.123948533686093,1.46946890069346,0.950492262464741,NA,NA,33,2033,"strict equifinality"
"sample-space reduction",0.990272241102497,0.997216130342488,0.99933890721508,491,500,491,500,5000,0.579044311985464,0.74721858497843,0.264918270790939,-0.48230031418749,0.945073460035045,0.365078494230212,0.349446804863971,1975.59664417275,NA,NA,NA,NA,33,2033,"strict equifinality"
"finite Zipf reference",0.991443272173762,0.991898693621541,0.999430225276305,491,500,491,500,4873,0.560312115812538,0.795782718083743,0.257133365612931,-0.538649352470812,0.498494469479721,0.00598640794044483,-4.19371583877653e-05,-0.256503233032135,NA,NA,NA,NA,34,2034,"strict equifinality"
"Zipf Markov control",0.99003824822914,0.986490519866144,0.99937049916186,491,500,491,500,4609,0.628123398771273,0.739124855330994,0.357798141820526,-0.381326713510468,0.499405469678954,0.197049445233112,0.190834767677471,1541.27248570886,NA,NA,NA,NA,34,2034,"strict equifinality"
"latent mixture",1.01959777245141,1.03332491024705,0.998653480849199,491,500,491,500,4828,0.531863361936846,0.825820623188412,0.301348374997185,-0.524472248191227,0.501086329978273,0.196299544165722,0.000533082072761731,0.971882568499621,1.40130835560829,0.958456973688084,NA,NA,34,2034,"strict equifinality"
"sample-space reduction",0.991543754720818,0.996236893834185,0.99941215718998,491,500,491,500,5018,0.566830013276064,0.755234146765921,0.270757387226685,-0.484476759539236,0.94661813770094,0.365998410337758,0.350215698537646,2219.17203907632,NA,NA,NA,NA,34,2034,"strict equifinality"
"finite Zipf reference",0.991987142965173,0.993147106793345,0.999353686963998,491,500,491,500,4849,0.559711198923707,0.762502286417569,0.253579927725955,-0.508922358691615,0.500506564876122,0.00606850374354932,6.19829132579991e-05,0.436757350530531,NA,NA,NA,NA,35,2035,"strict equifinality"
"Zipf Markov control",0.986355660435722,0.991298343001574,0.999248683467675,491,500,491,500,4602,0.610378642860042,0.765868952063492,0.341949422024038,-0.423919530039454,0.502518019577602,0.196439448387176,0.19023859326364,1623.16752836317,NA,NA,NA,NA,35,2035,"strict equifinality"
"latent mixture",1.00733245047822,0.993608118200301,0.999339926329408,491,500,491,500,4747,0.598506482765806,0.649221725292914,0.220179453612929,-0.429042271679985,0.498661998528198,0.200505634843299,-0.000531916440763669,-1.00496896612763,1.78943207226416,0.959901865419494,NA,NA,35,2035,"strict equifinality"
"sample-space reduction",0.995626511139692,1.00197832364982,0.999476139703731,491,500,491,500,5014,0.569437129876909,0.786285814695585,0.25970348303503,-0.526582331660555,0.944719610948258,0.367007989913541,0.35119532396835,2390.1515983371,NA,NA,NA,NA,35,2035,"strict equifinality"
"finite Zipf reference",0.998755282357448,1.00038956880166,0.999499929721986,491,500,491,500,4848,0.57606941472267,0.787266224751368,0.248494228551826,-0.538771996199542,0.499831006688038,0.006087780810358,0.000130670544041994,1.08532089628364,NA,NA,NA,NA,36,2036,"strict equifinality"
"Zipf Markov control",0.990981873495947,0.988795612248287,0.9995008285698,491,500,491,500,4581,0.603656143769155,0.774824662988144,0.338432469390426,-0.436392193597718,0.501421860516269,0.192893420520088,0.186742577896241,1249.83590830448,NA,NA,NA,NA,36,2036,"strict equifinality"
"latent mixture",0.995439370143673,0.991926603747711,0.999589445346371,491,500,491,500,4740,0.591201773351602,0.940457947854223,0.240278471893784,-0.700179475960439,0.500715717148583,0.190612275224047,-0.00031826927382983,-0.507116428277741,1.5805662855492,0.942342947397565,NA,NA,36,2036,"strict equifinality"
"sample-space reduction",0.996639799804998,1.00046113069342,0.999496422612802,491,500,491,500,5002,0.577646866152671,0.76461076857869,0.256088822066837,-0.508521946511853,0.947513812154696,0.366168927003226,0.350405547727499,1822.14918036781,NA,NA,NA,NA,36,2036,"strict equifinality"
"finite Zipf reference",0.991171916143061,0.990563967059936,0.999191187306028,491,500,491,500,4855,0.575091097072408,0.736500289076226,0.241218594059109,-0.495281695017118,0.497546584169065,0.00595542069933131,-9.63710692782407e-06,-0.0787320644748787,NA,NA,NA,NA,37,2037,"strict equifinality"
"Zipf Markov control",0.991750260476258,0.996850470053628,0.999208072867751,491,500,491,500,4623,0.610274515461835,0.774825441311213,0.347328466561359,-0.427496974749854,0.499819116976265,0.191288812805457,0.185155484969722,1278.23217585886,NA,NA,NA,NA,37,2037,"strict equifinality"
"latent mixture",1.00494353239821,0.980447190406886,0.998077955655339,491,500,491,500,4707,0.464815823399635,0.638330558312172,0.284139244711659,-0.354191313600513,0.498748105686236,0.189182462178653,-0.000348227737336088,-0.594681236544908,1.65893708234092,0.949075592221167,NA,NA,37,2037,"strict equifinality"
"sample-space reduction",0.998615637083385,0.999279523507737,0.999392893020194,491,500,491,500,5033,0.577578018043695,0.783809086671315,0.262701162588867,-0.521107924082448,0.94613467454027,0.368098944660362,0.352364896842746,2580.98497966183,NA,NA,NA,NA,37,2037,"strict equifinality"
"finite Zipf reference",0.996394010928819,0.997835082739472,0.999372313418586,491,500,491,500,4867,0.57127336930448,0.810708445951655,0.260480633353469,-0.550227812598186,0.500609749848844,0.00610319131280798,0.000108126213331595,0.652751420142067,NA,NA,NA,NA,38,2038,"strict equifinality"
"Zipf Markov control",0.975755889256285,0.991073033524286,0.999155483778791,491,500,491,500,4599,0.625352423785055,0.829915631872995,0.366538261214254,-0.46337737065874,0.50120237944564,0.196001007654408,0.189871739991391,1414.64206300174,NA,NA,NA,NA,38,2038,"strict equifinality"
"latent mixture",0.969529128975546,0.986572571263728,0.999246267472341,491,500,491,500,4773,0.553326331724043,0.684020413864128,0.229257529265597,-0.454762884598531,0.500098877194524,0.199911456846781,0.00114736522770423,1.83274955080971,1.43991667697281,0.948703214171257,NA,NA,38,2038,"strict equifinality"
"sample-space reduction",1.00077809110721,0.998734554683539,0.999332683876423,491,500,491,500,5007,0.580940421897039,0.798073974219306,0.263749793411223,-0.534324180808083,0.948133758533956,0.367221615823948,0.351500169748399,2100.30525353321,NA,NA,NA,NA,38,2038,"strict equifinality"
"finite Zipf reference",0.990115034906301,0.996003622374154,0.999565161244133,491,500,491,500,4848,0.55943448488454,0.737218570509448,0.244855853192701,-0.492362717316747,0.500912633305989,0.00578930227453435,-0.000174039752591289,-1.09717046231347,NA,NA,NA,NA,39,2039,"strict equifinality"
"Zipf Markov control",0.977811440794054,0.989186875368515,0.999218403027711,491,500,491,500,4597,0.616962822242027,0.756335428304211,0.350669028188102,-0.405666400116108,0.499637703988407,0.192466284229472,0.186265173467009,1136.4411405893,NA,NA,NA,NA,39,2039,"strict equifinality"
"latent mixture",1.01234443862112,1.02745692296049,0.999314201923421,491,500,491,500,4709,0.569773561612646,0.710650876294244,0.28138153646651,-0.429269339827734,0.500541627978954,0.189525174164257,0.000485258490796531,0.758973402125384,1.5527304896506,0.950746680291364,NA,NA,39,2039,"strict equifinality"
"sample-space reduction",0.99453627712228,0.999471098603149,0.999516315761869,491,500,491,500,5014,0.569458387114915,0.760086584013075,0.263024355517164,-0.497062228495912,0.946361185983827,0.366530514218903,0.350795353170933,1769.41145295004,NA,NA,NA,NA,39,2039,"strict equifinality"
"finite Zipf reference",1.00204183179903,0.99984044362606,0.999287479284352,491,500,491,500,4851,0.553801232585022,0.766506905879019,0.250123172170474,-0.516383733708545,0.500179235330868,0.00620440554034404,0.000228112090132136,1.42009142470132,NA,NA,NA,NA,40,2040,"strict equifinality"
"Zipf Markov control",0.979946788155796,0.986779330897346,0.999252270956025,491,500,491,500,4591,0.62548338860814,0.787212360810404,0.337865743701566,-0.449346617108838,0.499795262693713,0.192310707461433,0.186095355392767,1351.39031164619,NA,NA,NA,NA,40,2040,"strict equifinality"
"latent mixture",1.06201578771846,1.05458297800534,0.999049334571634,491,500,491,500,4787,0.640167265822332,0.858739783181759,0.19788399968147,-0.660855783500289,0.501769511482531,0.182786369398706,0.000634825397789529,1.17457422824988,1.37479043994125,0.95652460899895,NA,NA,40,2040,"strict equifinality"
"sample-space reduction",1.00149120851384,0.997507264786276,0.999388641932846,491,500,491,500,5016,0.571372727937154,0.751075114648757,0.263281698841206,-0.48779341580755,0.946074356958329,0.365760178183203,0.350021479751429,1833.10506735195,NA,NA,NA,NA,40,2040,"strict equifinality"
"finite Zipf reference",0.987052443910646,0.990579168965229,0.99954124120409,491,500,491,500,4856,0.571664377908634,0.762395693378037,0.258590192715669,-0.503805500662368,0.499636505124766,0.00603350148436345,6.58982163462534e-05,0.617414663844179,NA,NA,NA,NA,41,2041,"strict equifinality"
"Zipf Markov control",0.987399119786537,0.990357748651856,0.999485486032438,491,500,491,500,4588,0.628884637225619,0.798334934908553,0.336459411841246,-0.461875523067307,0.499984225636496,0.195058135959411,0.188876174687625,1080.83463688284,NA,NA,NA,NA,41,2041,"strict equifinality"
"latent mixture",1.00234527698642,1.03196642215247,0.998207254621547,491,500,491,500,4772,0.539278697342274,1.162311362043,0.328513067160898,-0.833798294882099,0.500510181447141,0.19961003133772,-0.000442072169673485,-0.877185064965394,1.67954076964646,0.956561851558658,NA,NA,41,2041,"strict equifinality"
"sample-space reduction",0.991383760567278,0.99360209008524,0.999447578511858,491,500,491,500,5015,0.569585742652765,0.741864311102632,0.257868268080135,-0.483996043022497,0.945212246410167,0.367643350392286,0.351886142217701,2017.48683711688,NA,NA,NA,NA,41,2041,"strict equifinality"
"finite Zipf reference",0.990004276664038,0.993029192710088,0.999111104127086,491,500,491,500,4858,0.561818200248395,0.777970139500487,0.259611805307257,-0.51835833419323,0.499441638407081,0.00582643542834752,-0.000138705373355799,-0.786717245595411,NA,NA,NA,NA,42,2042,"strict equifinality"
"Zipf Markov control",0.991720942245203,0.989173200003557,0.999401687879885,491,500,491,500,4592,0.615005855594925,0.797852008700897,0.354946860296193,-0.442905148404704,0.500243898601124,0.193123300335725,0.186983144261917,1257.87592133689,NA,NA,NA,NA,42,2042,"strict equifinality"
"latent mixture",0.940736533907847,0.969705408568144,0.998715933567659,491,500,491,500,4805,0.71305104032777,1.07337456213358,0.36435295855163,-0.709021603581949,0.499727324287771,0.198024230424405,0.000509571802112335,0.769801373261234,1.61512850470724,0.94926239790756,NA,NA,42,2042,"strict equifinality"
"sample-space reduction",0.997437999146926,0.996400988997454,0.999348698479429,491,500,491,500,5011,0.573570566251903,0.814019971927681,0.257082842408529,-0.556937129519151,0.946805285789669,0.365853329866214,0.350202472319434,1578.93394609822,NA,NA,NA,NA,42,2042,"strict equifinality"
"finite Zipf reference",0.999164327672378,1.00556722484732,0.999509213139725,491,500,491,500,4859,0.565611282973543,0.78144989728843,0.251110707364709,-0.530339189923721,0.498740038106165,0.00580712754486826,-0.000215407679269764,-1.21641690175943,NA,NA,NA,NA,43,2043,"strict equifinality"
"Zipf Markov control",0.986636601945715,0.984807594551525,0.999087799944104,491,500,491,500,4601,0.630200873168967,0.781299421022888,0.352562030742165,-0.428737390280723,0.500173468744086,0.192520819557763,0.186298637817032,1151.94719145212,NA,NA,NA,NA,43,2043,"strict equifinality"
"latent mixture",0.985898123604266,0.972143819399651,0.999353838125511,491,500,491,500,4715,0.551657097822394,1.27139227330354,0.304984592629714,-0.966407680673826,0.498377125193199,0.193676819537029,-0.000394929841356251,-0.566766535978848,1.50167729884901,0.947331398239637,NA,NA,43,2043,"strict equifinality"
"sample-space reduction",0.986487366846452,0.993093309841326,0.999541033291628,491,500,491,500,5003,0.576156504871082,0.761518301326463,0.264996277781673,-0.49652202354479,0.946529713206869,0.364772076443611,0.34891822616741,2317.81799256579,NA,NA,NA,NA,43,2043,"strict equifinality"
"finite Zipf reference",0.988833184839595,0.992829048579655,0.999329201782486,491,500,491,500,4855,0.571098391516002,0.757495032393622,0.259624697072145,-0.497870335321477,0.50121397764642,0.00572491993052846,-0.000318428609814804,-1.73155527899658,NA,NA,NA,NA,44,2044,"strict equifinality"
"Zipf Markov control",0.977095184561819,0.985446757045643,0.999276872836882,491,500,491,500,4636,0.627654766825588,0.845852351906564,0.346837551569533,-0.499014800337031,0.49977993649596,0.192533364098081,0.186364073825097,1126.40474084812,NA,NA,NA,NA,44,2044,"strict equifinality"
"latent mixture",0.958672185171567,0.996671975496621,0.998206972944828,491,500,491,500,4809,0.496685978872337,0.757011368908645,0.237916788796755,-0.51909458011189,0.499461727134502,0.203120317578664,3.32163559484955e-05,0.0459428427814354,1.72218052593112,0.951867394005136,NA,NA,44,2044,"strict equifinality"
"sample-space reduction",0.98859709296387,0.992564807808292,0.999229666066492,491,500,491,500,5056,0.568471971275123,0.717824046627186,0.271030213060153,-0.446793833567033,0.945655469829184,0.365087198454352,0.349423814852728,2288.19864866144,NA,NA,NA,NA,44,2044,"strict equifinality"
"finite Zipf reference",0.990502537209591,0.995832628222956,0.999501723992062,491,500,491,500,4876,0.563474776016528,0.751884661255242,0.253152796620193,-0.498731864635048,0.497700384122919,0.00588985002704696,-0.000109186720645954,-0.712342988409186,NA,NA,NA,NA,45,2045,"strict equifinality"
"Zipf Markov control",0.984260197948662,0.978772343000441,0.999112395977109,491,500,491,500,4591,0.605400233211159,0.703410802883107,0.35484571221694,-0.348565090666167,0.498288047746191,0.190168638208981,0.183999271740137,1260.6564803637,NA,NA,NA,NA,45,2045,"strict equifinality"
"latent mixture",0.985964090939822,0.9737651949061,0.999266321590408,491,500,491,500,4799,0.584549993463303,0.519619536664935,0.239267343804777,-0.280352192860158,0.501747966151534,0.189429378125796,-1.80021399995289e-06,-0.00340399578155486,1.48740228399874,0.945861394858065,NA,NA,45,2045,"strict equifinality"
"sample-space reduction",0.995558512834647,0.997633328458357,0.998975146668947,491,500,491,500,5030,0.569862901051256,0.740453982539956,0.263673875470849,-0.476780107069106,0.94575905886579,0.365854814198832,0.350173858843042,2100.88934129963,NA,NA,NA,NA,45,2045,"strict equifinality"
"finite Zipf reference",0.988352982404388,0.993072118024707,0.99935754997438,491,500,491,500,4856,0.56889725941609,0.802286296903862,0.252489959593765,-0.549796337310097,0.499912926786794,0.00592039742415625,-5.42860643545735e-05,-0.332388755515964,NA,NA,NA,NA,46,2046,"strict equifinality"
"Zipf Markov control",0.979733635996234,0.992245516696557,0.999082217784548,491,500,491,500,4597,0.621258015506716,0.77298036541612,0.346462360793587,-0.426518004622534,0.500726560525651,0.195060587831921,0.188878250039516,945.474457687456,NA,NA,NA,NA,46,2046,"strict equifinality"
"latent mixture",0.989666998135733,0.984498174512606,0.999434208492425,491,500,491,500,4775,0.513016115550374,0.686988188707029,0.218825099603457,-0.468163089103572,0.499605700132174,0.201846602653942,0.000601911388073056,1.0931030444978,1.39141100929655,0.951974120874482,NA,NA,46,2046,"strict equifinality"
"sample-space reduction",0.990797873259684,0.992986165975356,0.999675034848942,491,500,491,500,5001,0.577110118483021,0.793293327815724,0.25800780157841,-0.535285526237314,0.944742013362529,0.365953706916781,0.350257549412063,1829.90515207008,NA,NA,NA,NA,46,2046,"strict equifinality"
"finite Zipf reference",0.994773092879601,0.992807649745044,0.999403811841072,491,500,491,500,4869,0.569451410549943,0.747611662282137,0.249563714697449,-0.498047947584688,0.499933409144461,0.00590074056776204,-8.15751205639377e-05,-0.53795591465691,NA,NA,NA,NA,47,2047,"strict equifinality"
"Zipf Markov control",0.9830848494058,0.990343935778436,0.999371177431273,491,500,491,500,4599,0.628842797228053,0.755048903521512,0.348699361384339,-0.406349542137173,0.500110591506572,0.195065181234309,0.18890898938161,1153.26445800506,NA,NA,NA,NA,47,2047,"strict equifinality"
"latent mixture",0.953085948162102,0.987085115888555,0.998245895046326,491,500,491,500,4810,0.506564720903713,0.335886099117455,0.361527361800447,0.0256412626829927,0.500932434370965,0.206862250858323,9.9371185851016e-06,0.0150837985535718,1.57591166095457,0.944944753807057,NA,NA,47,2047,"strict equifinality"
"sample-space reduction",0.998721670744276,1.0002004311568,0.999381430438699,491,500,491,500,5013,0.572496232615697,0.802684666051403,0.264105940599295,-0.538578725452108,0.946220506027883,0.367165586810637,0.351470109552271,1922.2461046627,NA,NA,NA,NA,47,2047,"strict equifinality"
"finite Zipf reference",0.982712489764195,0.988161258162302,0.999259573385312,491,500,491,500,4860,0.567096733043529,0.786195130500052,0.257185141528681,-0.529009988971371,0.498846165680352,0.00599506264249404,2.19749150336462e-05,0.123394095730239,NA,NA,NA,NA,48,2048,"strict equifinality"
"Zipf Markov control",0.993874889975997,0.997003565074037,0.999018247910515,491,500,491,500,4630,0.627435174883801,0.816857347522309,0.356692604028949,-0.46016474349336,0.500211994158383,0.190366236546571,0.184204910653153,1623.57369939073,NA,NA,NA,NA,48,2048,"strict equifinality"
"latent mixture",1.04567657563054,1.06465190239068,0.998323084789098,491,500,491,500,4789,0.637305853543838,0.510524439329849,0.388651867476162,-0.121872571853686,0.500552278701924,0.189566417773199,0.000335828340645689,0.658035554463936,1.65551613607669,0.948128006773864,NA,NA,48,2048,"strict equifinality"
"sample-space reduction",0.99991828411796,0.998571684611168,0.999531364702325,491,500,491,500,5026,0.558861471853576,0.763871652834446,0.26633849012008,-0.497533162714366,0.944760941625934,0.365439929088404,0.349650598337972,2237.08629055116,NA,NA,NA,NA,48,2048,"strict equifinality"
"finite Zipf reference",0.990281699107348,0.992425839298838,0.999442388791948,491,500,491,500,4865,0.572698327662011,0.776313179743747,0.249244393332042,-0.527068786411706,0.500435455281304,0.00606819235338761,2.46079180854196e-05,0.162996015582062,NA,NA,NA,NA,49,2049,"strict equifinality"
"Zipf Markov control",0.978224898304933,0.980500820681281,0.999117874662101,491,500,491,500,4566,0.614812786992694,0.761325703894697,0.338794803151083,-0.422530900743614,0.501071271031571,0.19227857677853,0.186026914564905,1043.49733609919,NA,NA,NA,NA,49,2049,"strict equifinality"
"latent mixture",0.984141920402325,0.971881344389802,0.999316212839028,491,500,491,500,4822,0.497086414517098,0.572636227160122,0.237381211535025,-0.335255015625097,0.499203287948219,0.195379028975364,0.000611036555560912,1.26086479828458,1.37172960023729,0.941196162588492,NA,NA,49,2049,"strict equifinality"
"sample-space reduction",0.98944847014523,0.997638434707326,0.999412595111068,491,500,491,500,4993,0.562234139511476,0.751943703542735,0.263166703012571,-0.488777000530164,0.945423484984715,0.364396893962053,0.34865929509531,2774.29017015628,NA,NA,NA,NA,49,2049,"strict equifinality"
"finite Zipf reference",0.991510396558922,0.989766831740105,0.99942965214925,491,500,491,500,4861,0.562320974312537,0.729972842166191,0.262701294531801,-0.46727154763439,0.499144738863681,0.0060069600510115,-8.49661306765769e-05,-0.629651023633057,NA,NA,NA,NA,50,2050,"strict equifinality"
"Zipf Markov control",0.988480615772194,0.990575799659854,0.999427118234976,491,500,491,500,4588,0.626554195697049,0.774094341473718,0.361508127688332,-0.412586213785386,0.499976470957318,0.191005543926516,0.184870375978376,1290.11203937235,NA,NA,NA,NA,50,2050,"strict equifinality"
"latent mixture",0.99288411099339,0.998344598635229,0.999401212340066,491,500,491,500,4822,0.646823490666112,1.02669556483076,0.180881603166134,-0.845813961664622,0.499849971661314,0.203753857672728,-0.000198152019119435,-0.476423639258848,1.68719835492355,0.953243383533431,NA,NA,50,2050,"strict equifinality"
"sample-space reduction",1.00073983439587,0.996371549414225,0.999502424187115,491,500,491,500,5013,0.576234645704108,0.74382921589349,0.260745287103256,-0.483083928790234,0.946062470527474,0.365556582204052,0.349833103816908,2045.84174521886,NA,NA,NA,NA,50,2050,"strict equifinality"
"finite Zipf reference",0.987719079321571,0.998845324750208,0.998909995019469,491,500,491,500,4865,0.566984024913015,0.76976765980932,0.264637210878305,-0.505130448931015,0.49962593643994,0.0060115074664137,-2.40114324395442e-05,-0.158605583697053,NA,NA,NA,NA,51,2051,"strict equifinality"
"Zipf Markov control",0.979571372318216,0.987064151495233,0.999251456936181,491,500,491,500,4611,0.616711391120798,0.80371587957085,0.362695081623345,-0.441020797947505,0.499818849140715,0.191658097260594,0.185437704739384,1137.54902290681,NA,NA,NA,NA,51,2051,"strict equifinality"
"latent mixture",0.94476255468686,0.951813390782439,0.99909835851172,491,500,491,500,4711,0.52547806089519,0.659230912606994,0.335047084120054,-0.324183828486939,0.498811525955825,0.210488923574044,0.00016451433598344,0.286160991856258,1.83840884024781,0.949362827524606,NA,NA,51,2051,"strict equifinality"
"sample-space reduction",0.991184170292401,0.99656736497392,0.9993555683455,491,500,491,500,4980,0.572889163130644,0.758402892488258,0.260591145677036,-0.497811746811223,0.940614855833492,0.366056992759777,0.350306558166037,1828.31371675088,NA,NA,NA,NA,51,2051,"strict equifinality"
"finite Zipf reference",0.98022762257227,0.993856453406342,0.999270054073225,491,500,491,500,4858,0.563861671373817,0.72796935497973,0.244684130092241,-0.48328522488749,0.501076260762608,0.00590297194759342,-0.000104720043412651,-0.734198343930712,NA,NA,NA,NA,52,2052,"strict equifinality"
"Zipf Markov control",0.992261735344692,0.987312706087345,0.999432009536954,491,500,491,500,4585,0.623347092696565,0.753550907641804,0.349979648745056,-0.403571258896748,0.500756048387097,0.193698508554266,0.187476595468099,1370.21341891145,NA,NA,NA,NA,52,2052,"strict equifinality"
"latent mixture",1.00723535501059,1.02177404596159,0.999068142859044,491,500,491,500,4788,0.523353396751833,0.238814471236027,0.290659584915846,0.0518451136798198,0.499972678491416,0.18802032947302,-0.000309466708218825,-0.602160890549933,1.71640362474524,0.957453009200985,NA,NA,52,2052,"strict equifinality"
"sample-space reduction",0.987390610928087,0.990679462741298,0.999213246151806,491,500,491,500,5012,0.566874233150131,0.755206624986344,0.266451981494703,-0.488754643491642,0.945569065984034,0.366703080355561,0.350907034109196,2107.46690830004,NA,NA,NA,NA,52,2052,"strict equifinality"
"finite Zipf reference",0.991148931793974,0.995842530516002,0.999541186752484,491,500,491,500,4846,0.560496310209168,0.760410459093056,0.25250146974874,-0.507908989344316,0.500768237969393,0.006061962222908,0.000109002225870019,0.68469917479042,NA,NA,NA,NA,53,2053,"strict equifinality"
"Zipf Markov control",0.979413401861414,0.982949984540271,0.999250702900309,491,500,491,500,4619,0.627419982067898,0.820359007327196,0.34801043599694,-0.472348571330256,0.500448712902464,0.194594843664837,0.188408537370143,1047.64321692562,NA,NA,NA,NA,53,2053,"strict equifinality"
"latent mixture",0.947706271011631,0.985154677978282,0.997951808584847,491,500,491,500,4776,0.829479007112437,1.67412798448305,0.299893570998766,-1.37423441348428,0.500515950069348,0.206541235020725,0.00087167422668355,1.7990989717584,1.61732582436809,0.95416796947479,NA,NA,53,2053,"strict equifinality"
"sample-space reduction",0.998717920523267,0.999619608633746,0.999561771844202,491,500,491,500,4996,0.570744647288898,0.767967790642673,0.271877412740433,-0.49609037790224,0.945711366366872,0.365820911750454,0.350099930019787,1454.066641521,NA,NA,NA,NA,53,2053,"strict equifinality"
"finite Zipf reference",0.992389645116221,0.994213005796534,0.999595636258574,491,500,491,500,4866,0.563990658983221,0.76221450866647,0.25689843137464,-0.50531607729183,0.50009736300001,0.00592009056694667,-2.35302302554882e-05,-0.178020359095339,NA,NA,NA,NA,54,2054,"strict equifinality"
"Zipf Markov control",0.988682671756163,0.988065989857812,0.999218318862775,491,500,491,500,4628,0.608540323136626,0.803133707269885,0.349934892423522,-0.453198814846363,0.500149425106564,0.193809418505782,0.187629049435478,1664.02232209645,NA,NA,NA,NA,54,2054,"strict equifinality"
"latent mixture",1.03640962564006,1.05331278521487,0.999000653189775,491,500,491,500,4783,0.671497434566253,1.10986587214068,0.244479524009667,-0.865386348131018,0.501063249423841,0.190431278962222,-0.0005318485571226,-0.883564337894946,1.62149994748216,0.952750753604856,NA,NA,54,2054,"strict equifinality"
"sample-space reduction",0.998365070105231,0.995395127914693,0.999431587274807,491,500,491,500,5009,0.572117653194067,0.74331798010277,0.263896579937388,-0.479421400165382,0.945335055889457,0.365310843123905,0.349535370819631,2041.10484802059,NA,NA,NA,NA,54,2054,"strict equifinality"
"finite Zipf reference",0.991413479925617,0.994506093019616,0.999574688930325,491,500,491,500,4855,0.568084003617577,0.745773191815694,0.252109737405912,-0.493663454409782,0.499201147070873,0.00594973952314128,-3.89786261839374e-05,-0.232414393011972,NA,NA,NA,NA,55,2055,"strict equifinality"
"Zipf Markov control",0.981106775157073,0.98857162828025,0.999410713034868,491,500,491,500,4577,0.61378734875674,0.798137524548252,0.36089598029005,-0.437241544258202,0.499818871966105,0.19397363577626,0.187780296461761,998.186026247719,NA,NA,NA,NA,55,2055,"strict equifinality"
"latent mixture",1.01449676612511,1.01939626978741,0.999398823289458,491,500,491,500,4644,0.640146369855835,0.651468695726732,0.308379626840542,-0.343089068886189,0.5,0.194561462600157,-0.000932239452488687,-2.14646463931489,1.776293376224,0.950768311591604,NA,NA,55,2055,"strict equifinality"
"sample-space reduction",0.98343630163809,0.99217561087157,0.999514074567956,491,500,491,500,5021,0.576250459367397,0.758039036241,0.268158666510292,-0.489880369730709,0.946381239049373,0.364860676679881,0.349160330837944,1837.24485114647,NA,NA,NA,NA,55,2055,"strict equifinality"
"finite Zipf reference",1.00130834644302,0.993311811094908,0.999398596685584,491,500,491,500,4849,0.54969174827765,0.721763149982182,0.272674444708662,-0.44908870527352,0.49881052480466,0.00604719395189304,4.35292809370848e-05,0.294481729656522,NA,NA,NA,NA,56,2056,"strict equifinality"
"Zipf Markov control",0.979030470933625,0.98956444614881,0.999265089326894,491,500,491,500,4605,0.601891319292889,0.787603841696313,0.336472765649893,-0.451131076046421,0.499550310049387,0.19401130438923,0.187792307639424,1013.20549573794,NA,NA,NA,NA,56,2056,"strict equifinality"
"latent mixture",1.03676345422331,1.0269641023434,0.999182035229283,491,500,491,500,4527,0.493845074047787,1.02269641266129,0.306928086014277,-0.715768326647009,0.499619679649003,0.176619476386936,0.00112765788034608,2.29249654719188,1.37299094526265,0.953238878716197,NA,NA,56,2056,"strict equifinality"
"sample-space reduction",1.0024865492551,1.0021459751087,0.999340417958842,491,500,491,500,5005,0.590399446980438,0.801011289062922,0.26886625041397,-0.532145038648952,0.945015329672181,0.366506528918366,0.3508751782805,1755.64120185847,NA,NA,NA,NA,56,2056,"strict equifinality"
"finite Zipf reference",0.995380551443719,0.996397303668454,0.999332049041165,491,500,491,500,4864,0.554292604331775,0.727131781311556,0.250578647899014,-0.476553133412542,0.500015366805651,0.00571214572372235,-0.000267010426402785,-1.67100399562698,NA,NA,NA,NA,57,2057,"strict equifinality"
"Zipf Markov control",0.970792313983858,0.980818192558153,0.999179095282115,491,500,491,500,4613,0.613322727785905,0.818578569552012,0.337605506007223,-0.480973063544789,0.501116843893538,0.1961623817771,0.190007592891289,1278.14464094856,NA,NA,NA,NA,57,2057,"strict equifinality"
"latent mixture",1.0001473413891,0.997456272692828,0.999087335309956,491,500,491,500,4752,0.469089844734082,0.771611550419983,0.254490995594698,-0.517120554825285,0.499065833840031,0.192599704877786,-0.000516473463333389,-1.02441874891338,1.62973488615264,0.948955689325347,NA,NA,57,2057,"strict equifinality"
"sample-space reduction",0.990375247383336,0.99180677693673,0.999497857209066,491,500,491,500,5002,0.563024367665365,0.748711910510286,0.271034185492841,-0.477677725017445,0.947936436633163,0.367022667641601,0.351272396608617,1883.91667634122,NA,NA,NA,NA,57,2057,"strict equifinality"
"finite Zipf reference",0.993661754151368,0.995474473323139,0.999530244186934,491,500,491,500,4887,0.579547471337352,0.792858248996693,0.26210417359888,-0.530754075397813,0.500368459837878,0.00612898621960756,9.57061194564717e-05,0.628529498178558,NA,NA,NA,NA,58,2058,"strict equifinality"
"Zipf Markov control",0.986738243738919,0.994196846754511,0.999360663796726,491,500,491,500,4609,0.609891165928247,0.770915806340894,0.362819161634474,-0.40809664470642,0.50024540460094,0.198149687385292,0.191999348905212,1221.24044825706,NA,NA,NA,NA,58,2058,"strict equifinality"
"latent mixture",0.958440377127267,0.971812400421393,0.999059119956777,491,500,491,500,4738,0.851416685331869,2.06879367776704,0.260320448187174,-1.80847322957986,0.501242987570124,0.198794378929718,-0.000768644125496071,-1.56406720272734,1.47642311444786,0.958168738369033,NA,NA,58,2058,"strict equifinality"
"sample-space reduction",0.998754065226033,0.999308077931447,0.99948549835898,491,500,491,500,5024,0.566883535568002,0.720819572361305,0.261548217121909,-0.459271355239395,0.946790474158742,0.366223793954023,0.350492251116862,1758.44591484203,NA,NA,NA,NA,58,2058,"strict equifinality"
"finite Zipf reference",0.988894810532292,0.991591590007915,0.999369919177637,491,500,491,500,4851,0.57136741672433,0.747436290908187,0.267547308101237,-0.47988898280695,0.499083433182791,0.00600241592168139,3.0302963588625e-05,0.17488816164099,NA,NA,NA,NA,59,2059,"strict equifinality"
"Zipf Markov control",0.980743625524117,0.991008425765327,0.999393809104978,491,500,491,500,4605,0.622041554248822,0.73501273581219,0.359059596335104,-0.375953139477086,0.500007879103043,0.194867954608812,0.188705699044942,951.627579939331,NA,NA,NA,NA,59,2059,"strict equifinality"
"latent mixture",0.999273508972682,1.00634432440819,0.998708973614793,491,500,491,500,4726,0.479141765536065,0.854911287574932,0.375505602847678,-0.479405684727253,0.499203571588819,0.202242838211002,0.000362801199195323,0.640555993872333,1.94262544415502,0.955631979420007,NA,NA,59,2059,"strict equifinality"
"sample-space reduction",0.997110740660899,0.999622126093739,0.99959318506004,491,500,491,500,5012,0.566747871464431,0.758637285744854,0.254059452421983,-0.504577833322871,0.945693830990031,0.36436460884334,0.3485508091582,1594.45372208301,NA,NA,NA,NA,59,2059,"strict equifinality"
"finite Zipf reference",0.993741098521284,1.00142425387125,0.999484675488492,491,500,491,500,4852,0.569039746407658,0.775632518597218,0.26046200065553,-0.515170517941687,0.499278070759306,0.00597172968438486,2.24452125734869e-05,0.153866397482305,NA,NA,NA,NA,60,2060,"strict equifinality"
"Zipf Markov control",0.988936823959579,0.987865040927088,0.999348863212418,491,500,491,500,4597,0.608199763412336,0.766220122417452,0.354942147278688,-0.411277975138764,0.497983079844925,0.191857229160803,0.185660897698656,1088.92700299904,NA,NA,NA,NA,60,2060,"strict equifinality"
"latent mixture",0.980757628378938,0.990120398506848,0.999236656551375,491,500,491,500,4804,0.68317713595234,0.298546757287786,0.251686788083728,-0.0468599692040582,0.499700233151993,0.204698738766995,-0.000276805243194872,-0.432277634362115,1.68093885507514,0.945440302771469,NA,NA,60,2060,"strict equifinality"
"sample-space reduction",0.99811610637768,0.998548728850109,0.999327361202269,491,500,491,500,5012,0.560453744331611,0.737410897605492,0.266047705696346,-0.471363191909146,0.945259612685939,0.365223667144443,0.349540818097467,1774.8586497521,NA,NA,NA,NA,60,2060,"strict equifinality"
"finite Zipf reference",0.991368201921492,0.996842645745717,0.999421535979179,491,500,491,500,4866,0.565729988331262,0.722732593806049,0.254283735931005,-0.468448857875043,0.498991326431344,0.00646638844349426,0.000499013687813477,2.80521684334751,NA,NA,NA,NA,61,2061,"strict equifinality"
"Zipf Markov control",0.987979273575527,0.988189005482279,0.999258951122495,491,500,491,500,4569,0.621173590990662,0.807312177272757,0.352008911387229,-0.455303265885528,0.499897477957761,0.193827415998408,0.18767765022233,1900.55347939661,NA,NA,NA,NA,61,2061,"strict equifinality"
"latent mixture",0.98358711775457,1.00405723292015,0.998298799435152,491,500,491,500,4829,0.52866504496027,0.46439266040147,0.265034923351323,-0.199357737050147,0.501368757430008,0.194241305022906,0.000122764713129719,0.202925641747485,1.38641202829031,0.947848705124992,NA,NA,61,2061,"strict equifinality"
"sample-space reduction",0.990504116162076,0.986919514058355,0.999428311202846,491,500,491,500,5025,0.574841951751731,0.782044787471531,0.265710766804442,-0.516334020667088,0.943522228582332,0.366817805367797,0.351053948172393,2523.04428906664,NA,NA,NA,NA,61,2061,"strict equifinality"
"finite Zipf reference",0.998449351055315,1.00089072993923,0.999560168576888,491,500,491,500,4845,0.568378396736684,0.76118501932017,0.256348395239448,-0.504836624080723,0.499907762313731,0.00600365829797916,3.92121065297957e-05,0.223271558033589,NA,NA,NA,NA,62,2062,"strict equifinality"
"Zipf Markov control",0.982761510326054,0.997005627774505,0.998423622982031,491,500,491,500,4607,0.618358354775928,0.764631876365352,0.344989717814024,-0.419642158551328,0.500007888799483,0.195028415135666,0.18881143401187,1323.66032754329,NA,NA,NA,NA,62,2062,"strict equifinality"
"latent mixture",1.04976556519715,1.05885546511137,0.998955805721243,491,500,491,500,4736,0.700135161731474,0.588014622963521,0.38691923304696,-0.20109538991656,0.498327272727273,0.192939967890438,0.000679871985269781,1.33913998567131,1.71014695860419,0.959685519101559,NA,NA,62,2062,"strict equifinality"
"sample-space reduction",0.995527534075524,0.99980160794724,0.999659069529931,491,500,491,500,5026,0.574093631698073,0.738926423463277,0.279164399418044,-0.459762024045233,0.947208840076812,0.366481920929624,0.350775838317953,1849.22328819452,NA,NA,NA,NA,62,2062,"strict equifinality"
"finite Zipf reference",0.993047058443189,0.991331152287558,0.999344452957696,491,500,491,500,4849,0.572363446764364,0.802585916480709,0.253688029915585,-0.548897886565124,0.500312349585753,0.0058740828074829,-0.000140414186629342,-0.837707653396,NA,NA,NA,NA,63,2063,"strict equifinality"
"Zipf Markov control",0.979976277707758,0.988699626398432,0.999282773288027,491,500,491,500,4588,0.605711286177523,0.743783710122191,0.3419624190808,-0.401821291041391,0.500314356669077,0.192993880998093,0.186808124851008,993.154215184656,NA,NA,NA,NA,63,2063,"strict equifinality"
"latent mixture",0.973868076374659,1.01055152517378,0.998194856017873,491,500,491,500,4730,0.529626359497532,0.678670991834689,0.355361660318692,-0.323309331515997,0.49874320388887,0.193116193950605,-0.000681691971008175,-1.4110241243562,1.39889664978019,0.952509001943837,NA,NA,63,2063,"strict equifinality"
"sample-space reduction",0.988545813692042,0.993394010181512,0.999435780320314,491,500,491,500,5016,0.563235440247337,0.716493296296967,0.270147774915283,-0.446345521381684,0.947142055025267,0.366089140783608,0.350256451085431,2065.02058932102,NA,NA,NA,NA,63,2063,"strict equifinality"
"finite Zipf reference",0.992605372817368,0.989926357601591,0.999533409258562,491,500,491,500,4863,0.572701926630442,0.789569188930947,0.264281209291549,-0.525287979639398,0.499836193128302,0.00610710359314998,9.3199154607349e-05,0.630796958610864,NA,NA,NA,NA,64,2064,"strict equifinality"
"Zipf Markov control",0.975793037518198,0.982714479898665,0.999429176335439,491,500,491,500,4583,0.620959230285573,0.850278367874417,0.373585690463595,-0.476692677410822,0.500251477429901,0.192400685514888,0.186199494756831,1116.50475005955,NA,NA,NA,NA,64,2064,"strict equifinality"
"latent mixture",1.04938112913641,1.05582010997033,0.998922237652774,491,500,491,500,4624,0.471641633791295,0.489223411322481,0.234164653081824,-0.255058758240657,0.501864590282258,0.174557079646181,-7.19866008979664e-05,-0.11889502398802,1.35499625131353,0.947838703415273,NA,NA,64,2064,"strict equifinality"
"sample-space reduction",0.989632711353505,0.989037173259041,0.999159106855551,491,500,491,500,5008,0.564909753518593,0.759813403757624,0.269674343345218,-0.490139060412406,0.945659131489405,0.367484981195902,0.351590716341388,2339.02703002559,NA,NA,NA,NA,64,2064,"strict equifinality"
"finite Zipf reference",0.999507849540837,1.00106051229461,0.999497197764239,491,500,491,500,4844,0.565235325165256,0.764704162949731,0.254401203897141,-0.510302959052591,0.499923164397455,0.00604483185328612,8.89207526100326e-05,0.505363293507201,NA,NA,NA,NA,65,2065,"strict equifinality"
"Zipf Markov control",0.979339584605697,0.990846954393861,0.999274197071121,491,500,491,500,4611,0.633844142847528,0.799389619528462,0.361991802439749,-0.437397817088713,0.497930881981299,0.194929997925487,0.188717247220055,1706.02337233216,NA,NA,NA,NA,65,2065,"strict equifinality"
"latent mixture",0.997886825234697,1.04860118685488,0.996525279982418,491,500,491,500,4733,0.591548392464348,0.60195760085699,0.325273390850468,-0.276684210006522,0.500807102502018,0.199903623688929,-0.000669828072361628,-1.14624857512134,1.76928089613961,0.962657239150879,NA,NA,65,2065,"strict equifinality"
"sample-space reduction",0.993435159887599,0.994515587926033,0.999510346230196,491,500,491,500,5006,0.566300769243657,0.746127438078186,0.26067936456584,-0.485448073512346,0.945484562944328,0.36576661762162,0.350077136942441,2081.48124364333,NA,NA,NA,NA,65,2065,"strict equifinality"
"finite Zipf reference",0.997758766265298,0.993300850811368,0.999522927086774,491,500,491,500,4860,0.572132551830173,0.778558426047289,0.254662383425431,-0.523896042621858,0.500015369639838,0.00593942518195808,-1.80659535798169e-05,-0.114388873120025,NA,NA,NA,NA,66,2066,"strict equifinality"
"Zipf Markov control",0.994153065061833,0.989563440036993,0.999335529216402,491,500,491,500,4603,0.625869113263597,0.802577248723456,0.360114339632684,-0.442462909090772,0.498996833756544,0.19182938314329,0.18560230719533,1290.20827234112,NA,NA,NA,NA,66,2066,"strict equifinality"
"latent mixture",0.96359725815509,1.00174342672874,0.997617236188095,491,500,491,500,4741,0.538250136338673,0.710018383451225,0.221762588933171,-0.488255794518053,0.499406248265912,0.202498114049193,5.43251718387039e-05,0.116442999424847,1.68803544719194,0.951746777525467,NA,NA,66,2066,"strict equifinality"
"sample-space reduction",0.991393038578344,0.990861730013836,0.999628016068303,491,500,491,500,5020,0.55804143276938,0.727591231162649,0.260520942114349,-0.4670702890483,0.946893315069724,0.366661756815,0.35098073164978,2265.876399396,NA,NA,NA,NA,66,2066,"strict equifinality"
"finite Zipf reference",0.984330155167096,0.989681223516457,0.999607266896584,491,500,491,500,4846,0.576854051953745,0.753941090356799,0.257830146388266,-0.496110943968533,0.498361293758578,0.00607404332828902,1.71988361470157e-05,0.101284063809532,NA,NA,NA,NA,67,2067,"strict equifinality"
"Zipf Markov control",0.998162313801765,0.999808148870765,0.999105302567278,491,500,491,500,4607,0.62062216433557,0.763630407444868,0.353328191376793,-0.410302216068075,0.498121984567271,0.192773428175104,0.186701879313764,1182.06784124974,NA,NA,NA,NA,67,2067,"strict equifinality"
"latent mixture",0.986404385368568,0.967204950997069,0.998598434022533,491,500,491,500,4782,0.548806248054614,0.770083562158694,0.244405166271134,-0.52567839588756,0.499556835807667,0.198478325741572,0.000173192887475859,0.322829176414727,1.58844363298753,0.94300798924426,NA,NA,67,2067,"strict equifinality"
"sample-space reduction",0.994181183590588,0.990922711965945,0.999163513790214,491,500,491,500,4990,0.574813809311967,0.779796495977059,0.261195161702033,-0.518601334275026,0.946285213837396,0.366725726802986,0.350977333486222,1562.51176224198,NA,NA,NA,NA,67,2067,"strict equifinality"
"finite Zipf reference",0.99780372568368,0.992018690702136,0.999341908328915,491,500,491,500,4866,0.560948688059794,0.739001588850922,0.267801427633564,-0.471200161217357,0.500240924329256,0.00599314567808746,-1.78110885997408e-05,-0.101365941358852,NA,NA,NA,NA,68,2068,"strict equifinality"
"Zipf Markov control",1.00227870335691,0.991742002036405,0.999146065287824,491,500,491,500,4610,0.621625885675354,0.799476209175153,0.356189782255574,-0.44328642691958,0.498906254953555,0.195445796137399,0.189317816147821,1297.73949540967,NA,NA,NA,NA,68,2068,"strict equifinality"
"latent mixture",0.989811666699632,0.985259166430421,0.99861807246528,491,500,491,500,4720,0.59556999993825,1.25129607371242,0.331309554341576,-0.919986519370842,0.499983238912541,0.202194402324064,6.66838473341314e-05,0.122645621204739,1.85805290711946,0.952270580214566,NA,NA,68,2068,"strict equifinality"
"sample-space reduction",0.989353017720638,0.993062701666492,0.99927686925932,491,500,491,500,5014,0.568805970540514,0.785122681739395,0.271502350816883,-0.513620330922512,0.945753922823086,0.368347784523473,0.352664270188164,2450.62240459918,NA,NA,NA,NA,68,2068,"strict equifinality"
"finite Zipf reference",0.985791676717959,0.988371138914236,0.999202807249829,491,500,491,500,4845,0.571251836591487,0.771375979520366,0.255512531103762,-0.515863448416604,0.50015871878104,0.00610919126102669,0.000134658186453264,0.950512014444346,NA,NA,NA,NA,69,2069,"strict equifinality"
"Zipf Markov control",0.984260791052427,0.989161379462176,0.998999515534549,491,500,491,500,4588,0.610993090900884,0.77576882666343,0.361303731226222,-0.414465095437208,0.499244903095897,0.1916198956578,0.18536493368677,1488.01171902052,NA,NA,NA,NA,69,2069,"strict equifinality"
"latent mixture",1.01220375540202,1.03120475114739,0.99906121050854,491,500,491,500,4780,0.824665724482419,2.4105870564647,0.266932627970822,-2.14365442849387,0.501443411700383,0.184856797302252,-0.000128571803170607,-0.22406735556974,1.43657358754041,0.956495292999573,NA,NA,69,2069,"strict equifinality"
"sample-space reduction",0.987292420828689,0.994305188955627,0.999507032448065,491,500,491,500,5013,0.575669016459636,0.816186625961339,0.263507858019216,-0.552678767942123,0.944167620586717,0.368719934257246,0.352954709932526,1842.8506412149,NA,NA,NA,NA,69,2069,"strict equifinality"
"finite Zipf reference",0.99053326877585,0.995783781931975,0.999412780711402,491,500,491,500,4874,0.557927250555983,0.751877153640885,0.263928791367128,-0.487948362273756,0.499190872219263,0.00610349655550358,9.74685001854719e-05,0.570404619467375,NA,NA,NA,NA,70,2070,"strict equifinality"
"Zipf Markov control",0.973158697838428,0.996604696721205,0.997966993322501,491,500,491,500,4589,0.613129273181286,0.764526855750879,0.339153363791399,-0.42537349195948,0.499756086046548,0.194583265384172,0.188462875147813,1340.05103950615,NA,NA,NA,NA,70,2070,"strict equifinality"
"latent mixture",0.975388297215262,0.97236997097773,0.999493516471506,491,500,491,500,4792,0.547212282770435,0.656958344178691,0.342264546475815,-0.314693797702876,0.499531747518262,0.198206665026232,0.000118110258774284,0.186162270992595,1.73632617913908,0.951327161060816,NA,NA,70,2070,"strict equifinality"
"sample-space reduction",0.993389068273766,0.998512070594711,0.999466816019505,491,500,491,500,5018,0.572960640925515,0.7255984144531,0.27529288458096,-0.45030552987214,0.946909017378703,0.366309380604562,0.350535318783154,2115.35347166788,NA,NA,NA,NA,70,2070,"strict equifinality"
"finite Zipf reference",0.986909550782909,0.990048437369187,0.999607707980618,491,500,491,500,4835,0.573114749359654,0.744435632479805,0.263285739221514,-0.481149893258291,0.500763562197009,0.00606175935374648,9.66986663107801e-06,0.0561067972742886,NA,NA,NA,NA,71,2071,"strict equifinality"
"Zipf Markov control",0.983655431606847,0.995763595959161,0.999321103661068,491,500,491,500,4583,0.621985093600815,0.794916886702968,0.344560556930265,-0.450356329772703,0.499810396587139,0.195477887808768,0.189315145618647,915.543851928523,NA,NA,NA,NA,71,2071,"strict equifinality"
"latent mixture",0.98716443331078,0.982507625172168,0.999392392942831,491,500,491,500,4625,0.524795062319065,0.265113362746415,0.298758139212414,0.0336447764659986,0.500288754136958,0.195710733746351,-5.61383691569106e-05,-0.0909669243575885,1.59384214807705,0.959971966946572,NA,NA,71,2071,"strict equifinality"
"sample-space reduction",0.988868007112035,0.993768589845742,0.99940034221451,491,500,491,500,5015,0.569455593738213,0.749326949466027,0.265968687011202,-0.483358262454825,0.946603415133154,0.363805299725874,0.347922050149518,2110.58922415247,NA,NA,NA,NA,71,2071,"strict equifinality"
"finite Zipf reference",0.98626254995569,0.990294308650609,0.999408804793407,491,500,491,500,4854,0.563885295310538,0.762856309182023,0.249881452832185,-0.512974856349838,0.500333015687601,0.00584952855416763,-0.000156436820525136,-1.1830764409967,NA,NA,NA,NA,72,2072,"strict equifinality"
"Zipf Markov control",0.970627409795783,0.979716430748584,0.999243684189059,491,500,491,500,4601,0.626595250461241,0.806457597718819,0.355564259755027,-0.450893337963792,0.500078834510595,0.193598693205733,0.187362042277497,1245.31719868953,NA,NA,NA,NA,72,2072,"strict equifinality"
"latent mixture",0.954381875127241,0.981604738541889,0.998408790019661,491,500,491,500,4740,0.658519957273894,0.612874311314156,0.229779333111555,-0.383094978202601,0.500530891233658,0.202289398824377,0.000506408162134847,0.87367439316201,1.48406239676967,0.946242993085269,NA,NA,72,2072,"strict equifinality"
"sample-space reduction",0.991819984231849,1.00182680851817,0.99918642706233,491,500,491,500,4999,0.571288241348617,0.740347079524908,0.272204240103831,-0.468142839421077,0.948555976931535,0.367503313685412,0.351963228435414,1872.13528186816,NA,NA,NA,NA,72,2072,"strict equifinality"
"finite Zipf reference",0.991918718505261,0.992796516372583,0.999264329538878,491,500,491,500,4860,0.568908354455731,0.78519158521191,0.251867575152777,-0.533324010059133,0.500030719449507,0.00615383370915655,0.000153778619145238,0.95408243824278,NA,NA,NA,NA,73,2073,"strict equifinality"
"Zipf Markov control",0.983200996137931,0.985126497566176,0.99915972812527,491,500,491,500,4596,0.621227508230478,0.787771618105534,0.346765291712473,-0.441006326393061,0.499346425815393,0.194101602560091,0.187959138360157,1316.82500483938,NA,NA,NA,NA,73,2073,"strict equifinality"
"latent mixture",0.918939459792705,0.98281667816082,0.994620056528904,491,500,491,500,4760,0.774962313440858,1.51314844517831,0.246016313962256,-1.26713213121606,0.501887725291024,0.221057586195086,0.000685748221638721,1.15632436267299,1.84610390805259,0.962787935392656,NA,NA,73,2073,"strict equifinality"
"sample-space reduction",0.998657435114321,0.994578144694871,0.999428309415437,491,500,491,500,5000,0.573163774243991,0.761285557972892,0.262932956180767,-0.498352601792125,0.945230396119644,0.366171672711423,0.350477888513136,1914.53931782428,NA,NA,NA,NA,73,2073,"strict equifinality"
"finite Zipf reference",0.992255304746846,0.993264728254835,0.99937569810558,491,500,491,500,4856,0.574268339999175,0.761738650811605,0.255226006109292,-0.506512644702313,0.497084891644039,0.00620269029454963,0.000204660217043766,1.05715669845391,NA,NA,NA,NA,74,2074,"strict equifinality"
"Zipf Markov control",0.992231956348894,0.989267833153261,0.999490974234601,491,500,491,500,4584,0.614452801651439,0.799539548484644,0.364315704661432,-0.435223843823212,0.501606749932722,0.195842209525073,0.189725205029848,1260.84777009393,NA,NA,NA,NA,74,2074,"strict equifinality"
"latent mixture",0.973998182306697,1.00957131159762,0.998339215139642,491,500,491,500,4815,0.751532445357931,1.61976438494652,0.267931597866292,-1.35183278708022,0.498557440598857,0.206851699710826,-0.000729377797259873,-1.00804387031392,1.77999147453893,0.95701158166321,NA,NA,74,2074,"strict equifinality"
"sample-space reduction",0.994567029671665,0.9967690429596,0.99956462643883,491,500,491,500,5023,0.570577447747775,0.749442042398401,0.263250200993274,-0.486191841405127,0.947390893972763,0.365458213375184,0.349649240251847,2082.83435418009,NA,NA,NA,NA,74,2074,"strict equifinality"
"finite Zipf reference",0.993521696106123,0.99287323468501,0.999486444631265,491,500,491,500,4845,0.567838081350031,0.784022310643514,0.24557216920579,-0.538450141437723,0.500066633179223,0.00577353963338953,-0.000180008920883156,-1.20940784392653,NA,NA,NA,NA,75,2075,"strict equifinality"
"Zipf Markov control",0.980529159483062,0.983266262167187,0.999449873510293,491,500,491,500,4600,0.612178394583928,0.795944195337309,0.348892340115649,-0.44705185522166,0.499905320961939,0.193089953951826,0.186875456743473,1112.61062703855,NA,NA,NA,NA,75,2075,"strict equifinality"
"latent mixture",0.983523107937546,1.00033791143601,0.999045835379491,491,500,491,500,4767,0.59131615718419,0.350036886432836,0.332419832099104,-0.017617054333732,0.499700206524394,0.200475412540604,0.000409263418501532,0.677508630356571,1.53050338812811,0.956103350767785,NA,NA,75,2075,"strict equifinality"
"sample-space reduction",1.00065261291895,0.998488727196854,0.999490877191899,491,500,491,500,5013,0.570473951103019,0.717741135253998,0.261763760438349,-0.455977374815649,0.946842660560756,0.366795251553054,0.351140167010681,1936.69816572046,NA,NA,NA,NA,75,2075,"strict equifinality"
"finite Zipf reference",0.993159274617251,1.00084886386358,0.999329841540411,491,500,491,500,4844,0.57710936881842,0.75128337931295,0.255591222466898,-0.495692156846052,0.500588759304957,0.00601265143492823,4.23709684135203e-05,0.397161820300629,NA,NA,NA,NA,76,2076,"strict equifinality"
"Zipf Markov control",0.983253281009042,0.989768945155232,0.999242991648147,491,500,491,500,4592,0.61416659313385,0.722154391346622,0.35597496638144,-0.366179424965182,0.501899767631728,0.191866141511265,0.185682189695435,1635.47008945765,NA,NA,NA,NA,76,2076,"strict equifinality"
"latent mixture",0.997371941758767,1.02156933560339,0.997764118361861,491,500,491,500,4819,0.543065160837924,0.882873211631348,0.219206505544333,-0.663666706087015,0.499596903334106,0.196630434332714,5.22879586581371e-05,0.0861284959961863,1.68447453751313,0.953394501813786,NA,NA,76,2076,"strict equifinality"
"sample-space reduction",0.992611967851019,0.999311608551187,0.999185234984698,491,500,491,500,5022,0.576240957015391,0.794391822915562,0.262219043463567,-0.532172779451995,0.945590530843263,0.366558616362441,0.350779230257614,2576.34586479457,NA,NA,NA,NA,76,2076,"strict equifinality"
"finite Zipf reference",0.983571085133176,0.98579063444917,0.999527567624682,491,500,491,500,4842,0.561801236643842,0.767535588560458,0.257325165518727,-0.510210423041731,0.499708048638072,0.00615537335636791,0.000176748253085276,1.30685878525118,NA,NA,NA,NA,77,2077,"strict equifinality"
"Zipf Markov control",0.985312701786531,0.994550682245088,0.998863244180763,491,500,491,500,4612,0.6421605564788,0.808556965679754,0.354701770750015,-0.453855194929739,0.49978705616985,0.194486286976115,0.188319416958982,1177.65621340501,NA,NA,NA,NA,77,2077,"strict equifinality"
"latent mixture",1.00535064273797,1.0038356201928,0.999368234453836,491,500,491,500,4703,0.50122649602873,1.05669293988104,0.27126912082166,-0.785423819059382,0.501015542211233,0.192723545669312,-0.00125459741841777,-2.15475782929782,1.68663297552455,0.951045029493412,NA,NA,77,2077,"strict equifinality"
"sample-space reduction",0.97949993577856,0.987521462209243,0.999502409484157,491,500,491,500,5016,0.576495731967632,0.813396294564595,0.282249440820813,-0.531146853743782,0.946036058285997,0.367286769086585,0.351507843578915,1960.10844496652,NA,NA,NA,NA,77,2077,"strict equifinality"
"finite Zipf reference",0.994522057366641,0.99228345543827,0.999504199361009,491,500,491,500,4854,0.57311775162661,0.79931440724127,0.257696706795176,-0.541617700446094,0.499687246849397,0.00612933338851903,0.000106135180131175,0.909174960515778,NA,NA,NA,NA,78,2078,"strict equifinality"
"Zipf Markov control",0.982630519411671,0.987473108945312,0.999497000384216,491,500,491,500,4586,0.632245549806473,0.853280628829071,0.343003559539449,-0.510277069289622,0.50085903882225,0.19467891257351,0.188518659914185,1558.35745997964,NA,NA,NA,NA,78,2078,"strict equifinality"
"latent mixture",0.965426452914197,0.970065332212365,0.99947465102049,491,500,491,500,4680,0.571112509790529,0.950766003404519,0.23919444585977,-0.711571557544749,0.500358848991859,0.207089092456919,0.00127910834558453,1.88994079393384,1.77070211630218,0.951220958846142,NA,NA,78,2078,"strict equifinality"
"sample-space reduction",0.994971809952862,0.993801915931817,0.999463118594726,491,500,491,500,5022,0.573393644459004,0.748749019678371,0.266884697623106,-0.481864322055265,0.945925925925926,0.368257908150177,0.352532690879578,1819.56411522315,NA,NA,NA,NA,78,2078,"strict equifinality"
"finite Zipf reference",0.991933469659423,0.99688293240637,0.99943672439821,491,500,491,500,4839,0.572435537627141,0.735055136509833,0.258650713825801,-0.476404422684033,0.498714494965532,0.0060445745420205,5.06850652440428e-05,0.370255947079121,NA,NA,NA,NA,79,2079,"strict equifinality"
"Zipf Markov control",0.988274762901871,0.99074346880144,0.999387915625352,491,500,491,500,4601,0.61501837688006,0.7897294487337,0.340560529199493,-0.449168919534207,0.500377548452051,0.191773618737034,0.185553642221399,1279.87397369325,NA,NA,NA,NA,79,2079,"strict equifinality"
"latent mixture",0.958914871821518,0.988151036480662,0.998044675182234,491,500,491,500,4802,0.590481631129307,0.414148445756476,0.300433809652302,-0.113714636104173,0.500295469468155,0.196769175365012,-3.8141638032535e-05,-0.0584542352728741,1.36491500399757,0.946950673770576,NA,NA,79,2079,"strict equifinality"
"sample-space reduction",1.00241171445227,0.996465315611767,0.999101408410673,491,500,491,500,5001,0.568872730625627,0.766455871117824,0.262065539166032,-0.504390331951792,0.945438413243932,0.366053860225736,0.350279156728111,1751.41280574074,NA,NA,NA,NA,79,2079,"strict equifinality"
"finite Zipf reference",1.00185902648107,0.994927312897511,0.99942877082863,491,500,491,500,4859,0.561922129827019,0.784696957603164,0.252086893172407,-0.532610064430757,0.498888490498387,0.00614833398439386,0.000139584405384952,0.834087989198578,NA,NA,NA,NA,80,2080,"strict equifinality"
"Zipf Markov control",0.982278166641061,0.988153579902113,0.999162649327385,491,500,491,500,4619,0.626516793250225,0.78181017638908,0.354421754285903,-0.427388422103177,0.499313392786678,0.195621076572433,0.189483383782445,1062.84762527909,NA,NA,NA,NA,80,2080,"strict equifinality"
"latent mixture",0.915936128609182,0.979750094815684,0.994899549294635,491,500,491,500,4841,0.586527180096801,0.982705923937458,0.2958044451067,-0.686901478830758,0.500049596067583,0.2137064140532,-0.000299130802518005,-0.413149893743825,1.63484792078682,0.948515418676056,NA,NA,80,2080,"strict equifinality"
"sample-space reduction",0.994214344420991,0.993956787893818,0.999466856669286,491,500,491,500,5015,0.568441652682199,0.760283976841573,0.269719055272623,-0.49056492156895,0.946708147083268,0.365581768048834,0.34983746915698,1944.37016341636,NA,NA,NA,NA,80,2080,"strict equifinality"
"finite Zipf reference",0.995959859411321,1.00169158266585,0.999425472777008,491,500,491,500,4857,0.568733322608402,0.7823666602166,0.263328487547047,-0.519038172669553,0.49867265254246,0.0059253270888206,-0.000130174933510542,-0.988006472781304,NA,NA,NA,NA,81,2081,"strict equifinality"
"Zipf Markov control",0.985427600360362,0.987686240046687,0.998906798414968,491,500,491,500,4594,0.623550041274906,0.792831154618356,0.355542537608148,-0.437288617010208,0.499588581555795,0.194906429134718,0.188678302875261,1472.46284341858,NA,NA,NA,NA,81,2081,"strict equifinality"
"latent mixture",0.99510056115039,1.00474593240778,0.999106480601038,491,500,491,500,4695,0.603138003105738,0.653665359540249,0.339397749999567,-0.314267609540682,0.499449445472399,0.209629701874105,-0.000976114906916126,-1.64948646843996,1.03246084609066,0.945823898286323,NA,NA,81,2081,"strict equifinality"
"sample-space reduction",1.00196452918218,0.997091189807209,0.999460423824957,491,500,491,500,5020,0.567603110400271,0.769261806884615,0.274147986815723,-0.495113820068891,0.945729038051409,0.367225211788299,0.351535368724197,2452.75628115321,NA,NA,NA,NA,81,2081,"strict equifinality"
"finite Zipf reference",0.998159672897132,0.994522443660158,0.999532046870015,491,500,491,500,4861,0.553213279800834,0.734093988603405,0.261450874369684,-0.472643114233721,0.499201392443944,0.00611456478152937,9.93341261289983e-05,0.662960566931542,NA,NA,NA,NA,82,2082,"strict equifinality"
"Zipf Markov control",0.984421561870131,0.982679666239679,0.999254345922601,491,500,491,500,4603,0.608793953423235,0.76662971839729,0.341541160493435,-0.425088557903855,0.50076761600401,0.191977744385487,0.18576429366624,1356.74479363916,NA,NA,NA,NA,82,2082,"strict equifinality"
"latent mixture",1.0361309097901,1.06209656787723,0.998598578016845,491,500,491,500,4725,0.775142860196948,0.971361248085955,0.252927548040514,-0.718433700045441,0.500358310565683,0.195525061955613,-1.45287775341063e-05,-0.0295184956283333,1.88743606999267,0.957741612822362,NA,NA,82,2082,"strict equifinality"
"sample-space reduction",0.994814024979841,0.992500093040443,0.999654102442342,491,500,491,500,5004,0.573420135180201,0.777178737439796,0.266088129397328,-0.511090608042469,0.946142354910087,0.365765137871311,0.349973950679439,2338.91007099837,NA,NA,NA,NA,82,2082,"strict equifinality"
"finite Zipf reference",0.993410678490642,1.00053531196976,0.999427085310941,491,500,491,500,4839,0.567778567028156,0.766048520156377,0.251816873913525,-0.514231646242852,0.500051215864626,0.00552257932266627,-0.00046358213773525,-3.02544512485867,NA,NA,NA,NA,83,2083,"strict equifinality"
"Zipf Markov control",0.993602094473834,0.997021120791381,0.999439645679617,491,500,491,500,4600,0.621149813826276,0.80157356127268,0.351040047518802,-0.450533513753878,0.499842067026754,0.197056911615093,0.19082799228812,988.686369600914,NA,NA,NA,NA,83,2083,"strict equifinality"
"latent mixture",1.05022354456198,1.0692815795412,0.998893002450894,491,500,491,500,4754,0.595421490295943,0.723179906554573,0.261896531839835,-0.461283374714738,0.499686295599175,0.195111889557596,0.00053446582203473,0.79175860581535,1.74188078713156,0.953466871691794,NA,NA,83,2083,"strict equifinality"
"sample-space reduction",1.0004201326472,0.999346647461697,0.999443109788376,491,500,491,500,4997,0.570739011946297,0.743757210648385,0.262640270266344,-0.481116940382042,0.947742587601078,0.366254399274989,0.35057220344103,2176.73118525268,NA,NA,NA,NA,83,2083,"strict equifinality"
"finite Zipf reference",0.983326822710002,0.99457184287376,0.999032286453343,491,500,491,500,4857,0.567317892054978,0.790135077178068,0.243140405572523,-0.546994671605545,0.499226870103937,0.0061892440095437,0.000105040701766967,0.63668498562496,NA,NA,NA,NA,84,2084,"strict equifinality"
"Zipf Markov control",0.974509177020719,0.980773547719797,0.999433874697519,491,500,491,500,4634,0.618844194404779,0.742871007777862,0.360214943371072,-0.382656064406791,0.500505082391565,0.19429839631129,0.188043594461671,1080.14354167213,NA,NA,NA,NA,84,2084,"strict equifinality"
"latent mixture",1.03030879047807,0.987223146340087,0.997731905677003,491,500,491,500,4742,0.582459283450295,0.882376743813901,0.272469618753273,-0.609907125060628,0.499142120236,0.186631833649199,-0.000396247340218758,-0.835996892440497,1.43613589179012,0.944133817752424,NA,NA,84,2084,"strict equifinality"
"sample-space reduction",0.989255995397578,0.993691660079016,0.999547419672295,491,500,491,500,5019,0.566498382949231,0.768023679117476,0.270823519738363,-0.497200159379114,0.94611981856559,0.366109007625478,0.350409013863067,2111.12804532598,NA,NA,NA,NA,84,2084,"strict equifinality"
"finite Zipf reference",0.990745502615767,0.996468214819598,0.999489318939503,491,500,491,500,4866,0.569691863356532,0.769860551024209,0.257850673761076,-0.512009877263133,0.50010758086495,0.00607132802373526,8.33538648079835e-05,0.625264095953003,NA,NA,NA,NA,85,2085,"strict equifinality"
"Zipf Markov control",0.980117830801092,0.98732956845534,0.998881383737439,491,500,491,500,4617,0.62045082694398,0.768458092893227,0.35199589536249,-0.416462197530736,0.500063103426516,0.195125409956534,0.188933524096017,1354.47986220219,NA,NA,NA,NA,85,2085,"strict equifinality"
"latent mixture",0.973566555537083,1.02400286298091,0.996990713799886,491,500,491,500,4802,0.73129434777782,0.29206330712239,0.299658525378497,0.00759521825610693,0.499504845834585,0.202678995945208,-0.00109772295423291,-1.65955195775651,1.71268940692536,0.944136031918557,NA,NA,85,2085,"strict equifinality"
"sample-space reduction",0.987133381286282,0.994009805098488,0.999476751018358,491,500,491,500,4997,0.57966079019974,0.750822070557905,0.268418861437803,-0.482403209120102,0.945772575100546,0.366443320976685,0.350611669258136,1536.35654544286,NA,NA,NA,NA,85,2085,"strict equifinality"
"finite Zipf reference",0.982778610201751,0.98595134963569,0.99954039148593,491,500,491,500,4884,0.56452381626481,0.788190827867086,0.260718273290099,-0.527472554576988,0.498857101856313,0.00628344769868528,0.000281216120570719,1.87614661016599,NA,NA,NA,NA,86,2086,"strict equifinality"
"Zipf Markov control",0.982659786835655,0.983151663013823,0.999460682705808,491,500,491,500,4603,0.636337651327801,0.794473652681281,0.365029652560105,-0.429444000121176,0.500646055907472,0.19372646384478,0.187491483959385,1250.99451837344,NA,NA,NA,NA,86,2086,"strict equifinality"
"latent mixture",1.02213652218543,1.03252798379598,0.99901113276628,491,500,491,500,4776,0.546721846779081,1.06681931653567,0.277503694050015,-0.789315622485657,0.501975286965301,0.187687540096832,0.00022036909152498,0.406258874878739,1.63711091210588,0.954928247737463,NA,NA,86,2086,"strict equifinality"
"sample-space reduction",0.989797789262828,0.995418905124488,0.999453370410101,491,500,491,500,4982,0.560910744048419,0.753630262507436,0.263182134304272,-0.490448128203164,0.946006673332509,0.36572039399687,0.349932737417095,1907.36420639574,NA,NA,NA,NA,86,2086,"strict equifinality"
"finite Zipf reference",0.993159189886383,0.987778535698088,0.999368345929824,491,500,491,500,4854,0.554967151833364,0.773915934121417,0.250962864170342,-0.522953069951076,0.499508317626813,0.00592510752865287,-0.000121120817921242,-0.830600927291404,NA,NA,NA,NA,87,2087,"strict equifinality"
"Zipf Markov control",0.979944875463262,0.984164012004893,0.999118878900577,491,500,491,500,4609,0.626992431651337,0.799956220404993,0.349826914441163,-0.45012930596383,0.501621893994268,0.194685621028498,0.18853007563663,1330.126611863,NA,NA,NA,NA,87,2087,"strict equifinality"
"latent mixture",1.00430049209484,1.00450363423565,0.999523930864584,491,500,491,500,4848,0.613513337875564,1.01092082087665,0.228113213312786,-0.782807607563859,0.499343911610008,0.192345715477961,-0.000943118171061713,-1.77075972548698,1.56843314255451,0.950491326991949,NA,NA,87,2087,"strict equifinality"
"sample-space reduction",0.987586867859302,0.99200590623368,0.999424342119283,491,500,491,500,5022,0.573838440565511,0.776929551114821,0.264146249645818,-0.512783301469004,0.945180560546173,0.364876264076511,0.349151762228803,2478.97857795881,NA,NA,NA,NA,87,2087,"strict equifinality"
"finite Zipf reference",1.00325060460273,0.996046324441785,0.99929235923546,491,500,491,500,4855,0.566250249735428,0.70825600739401,0.258891907074555,-0.449364100319455,0.502028356007212,0.00623019379570559,0.000195951271287357,1.09099478607898,NA,NA,NA,NA,88,2088,"strict equifinality"
"Zipf Markov control",0.980266438638646,0.990522618347939,0.999384577881002,491,500,491,500,4588,0.616508091641476,0.819566439288043,0.347756949806867,-0.471809489481176,0.500300252844501,0.195073038823633,0.188904547488567,1224.45843004169,NA,NA,NA,NA,88,2088,"strict equifinality"
"latent mixture",1.02687824032918,1.03428163962896,0.999300442695434,491,500,491,500,4724,0.563858439732653,0.979618964790752,0.251232652522577,-0.728386312268175,0.499700419412822,0.190168949844055,0.000403599901194346,0.546123939763305,1.67648099114875,0.955695927354187,NA,NA,88,2088,"strict equifinality"
"sample-space reduction",0.99188523465907,0.99399462075998,0.999621815349905,491,500,491,500,5013,0.566196900264944,0.761807893372702,0.26440365310375,-0.497404240268952,0.943700725500326,0.366086757143114,0.350366249601872,2438.7979198559,NA,NA,NA,NA,88,2088,"strict equifinality"
"finite Zipf reference",0.992837034517466,0.993057395163707,0.999474359667795,491,500,491,500,4866,0.571682763574156,0.757927593287535,0.249806929414944,-0.508120663872591,0.498764875308781,0.00579867810876511,-0.000183634417781691,-1.06430642508198,NA,NA,NA,NA,89,2089,"strict equifinality"
"Zipf Markov control",0.992165416099306,0.997013043825375,0.99935446095172,491,500,491,500,4595,0.655171710863296,0.857387546835494,0.346385746415502,-0.511001800419992,0.502487875543239,0.192004060864577,0.185810022909381,1222.50373620264,NA,NA,NA,NA,89,2089,"strict equifinality"
"latent mixture",1.03949566896588,1.04004215490893,0.999397638560988,491,500,491,500,4532,0.606478789061969,0.579496080047269,0.301771021821491,-0.277725058225778,0.499831623375166,0.185408083185395,-0.00036451908128507,-0.848174181889536,1.70463353474595,0.948930076308276,NA,NA,89,2089,"strict equifinality"
"sample-space reduction",0.993133562192041,0.994453030962966,0.999627433443671,491,500,491,500,5042,0.572985450751681,0.816692730856334,0.267632037018958,-0.549060693837376,0.947740239902961,0.364763282026101,0.348975073401759,2524.48652858505,NA,NA,NA,NA,89,2089,"strict equifinality"
"finite Zipf reference",0.997459609467409,1.00149873385457,0.999311550916306,491,500,491,500,4844,0.562775268455151,0.743068887681642,0.258551164767829,-0.484517722913813,0.500732454388068,0.0060930113098097,0.000119910401107245,0.852379326514047,NA,NA,NA,NA,90,2090,"strict equifinality"
"Zipf Markov control",0.980613636938974,0.986874432935843,0.998798570503419,491,500,491,500,4590,0.613168197038301,0.810923145027069,0.340279708666396,-0.470643436360673,0.499557102182854,0.196430986100625,0.190255940685401,1491.70089826004,NA,NA,NA,NA,90,2090,"strict equifinality"
"latent mixture",1.02966675278173,1.00645220195023,0.99904305582691,491,500,491,500,4793,0.498752802548897,0.473540752807313,0.294817846708962,-0.178722906098351,0.500072706121856,0.19991444581356,0.000815477427389327,1.31530928617568,1.83616245354645,0.953695187482033,NA,NA,90,2090,"strict equifinality"
"sample-space reduction",0.992537209476704,0.994124268841228,0.999465921079847,491,500,491,500,4989,0.564895980630798,0.778663031515188,0.264464052887087,-0.514198978628102,0.947448830573592,0.364324639418095,0.348568481665468,1885.14190512377,NA,NA,NA,NA,90,2090,"strict equifinality"
"finite Zipf reference",0.993317988020946,0.995965411689816,0.999213870895204,491,500,491,500,4864,0.567198755300396,0.74653330228107,0.257055795245224,-0.489477507035846,0.499933398227368,0.00617337156439941,0.00014137120751288,0.809318196443514,NA,NA,NA,NA,91,2091,"strict equifinality"
"Zipf Markov control",0.98156856877146,0.986771029535042,0.999179732457314,491,500,491,500,4606,0.624923431498097,0.7968807729317,0.345725997220196,-0.451154775711504,0.499629588764718,0.192615822984435,0.186407524355251,987.544495597816,NA,NA,NA,NA,91,2091,"strict equifinality"
"latent mixture",0.964148018262957,0.969760327326001,0.999388809442955,491,500,491,500,4781,0.586621456236613,0.508577199968606,0.30632224271822,-0.202254957250386,0.500350564798843,0.208199883743916,0.000633164857076068,0.861090379936443,1.58776150873696,0.951008367509123,NA,NA,91,2091,"strict equifinality"
"sample-space reduction",1.00020989933405,0.99586150168328,0.999259229532231,491,500,491,500,5008,0.56779335614715,0.739537996700693,0.26501766395895,-0.474520332741742,0.945817010338209,0.366596459773777,0.35087019101494,2013.59038767606,NA,NA,NA,NA,91,2091,"strict equifinality"
"finite Zipf reference",0.982472622776889,0.987430567947734,0.999558126339379,491,500,491,500,4831,0.560725978791631,0.744236673284194,0.250581879010754,-0.49365479427344,0.500368716457045,0.00624258274995275,0.000178235338473247,1.34711564415154,NA,NA,NA,NA,92,2092,"strict equifinality"
"Zipf Markov control",0.981213923190872,0.989224727419975,0.999355828717135,491,500,491,500,4617,0.634505895789996,0.811791676168753,0.344151275444013,-0.46764040072474,0.499693401047153,0.191590133890095,0.18542955542928,1193.14752000908,NA,NA,NA,NA,92,2092,"strict equifinality"
"latent mixture",1.00538552670517,1.00886192981248,0.999254480676059,491,500,491,500,4695,0.627802245462829,0.634010820832122,0.385941293083171,-0.248069527748951,0.499394513188604,0.187965832552464,-0.000150730665395116,-0.292694210474814,1.49831886372339,0.950765256905601,NA,NA,92,2092,"strict equifinality"
"sample-space reduction",0.991795041823809,1.00241035624586,0.999228472185421,491,500,491,500,4993,0.571803691166583,0.775720249900329,0.26895473704284,-0.50676551285749,0.947723572671644,0.366093444130395,0.350436141979061,2097.20764366051,NA,NA,NA,NA,92,2092,"strict equifinality"
"finite Zipf reference",0.996548671625021,1.00077905831538,0.999203793758558,491,500,491,500,4880,0.558510007803632,0.765370727216229,0.25922779175438,-0.506142935461848,0.500829833008913,0.0061569871187091,0.000176655889536582,1.1377742342491,NA,NA,NA,NA,93,2093,"strict equifinality"
"Zipf Markov control",0.984762944894058,0.986481558726353,0.99947520529687,491,500,491,500,4595,0.613166024187658,0.812980914504691,0.347350996977227,-0.465629917527464,0.497149965358695,0.195174360840625,0.188932321092411,1208.97734800653,NA,NA,NA,NA,93,2093,"strict equifinality"
"latent mixture",0.935199316604353,0.954455622740617,0.998743018380563,491,500,491,500,4773,0.542384583980376,0.205068292736301,0.247159523646415,0.0420912309101143,0.499777540487631,0.207720885945156,-0.000999798692608883,-1.76141527173722,1.44725862175176,0.95290227198041,NA,NA,93,2093,"strict equifinality"
"sample-space reduction",0.998754564005208,0.997212186722852,0.999587694472312,491,500,491,500,5017,0.569340946873327,0.75858126194573,0.259260254382984,-0.499321007562746,0.946737787759686,0.366354999829424,0.350618254880159,1963.75561229212,NA,NA,NA,NA,93,2093,"strict equifinality"
"finite Zipf reference",0.991942312332221,0.996397543275057,0.999490850776817,491,500,491,500,4878,0.570079039626803,0.757276333661121,0.245528751586975,-0.511747582074146,0.500261176832079,0.0059823509176077,-4.27399686604209e-05,-0.221216389885136,NA,NA,NA,NA,94,2094,"strict equifinality"
"Zipf Markov control",0.986311709506932,0.986534019951283,0.999041825140453,491,500,491,500,4585,0.62379192955245,0.809709492412302,0.342831285245333,-0.466878207166969,0.50051340378813,0.196255748442615,0.190077955845633,1927.0529695779,NA,NA,NA,NA,94,2094,"strict equifinality"
"latent mixture",0.982250986685364,0.99002437898285,0.999090931662315,491,500,491,500,4808,0.595757761367634,0.788305528309341,0.346954874555913,-0.441350653753428,0.498730057504755,0.197659571832652,-0.000132874514398668,-0.268191787173433,1.56243043155054,0.952578056343807,NA,NA,94,2094,"strict equifinality"
"sample-space reduction",0.988009284881718,0.996404265139964,0.999512319530102,491,500,491,500,5013,0.562741724357208,0.739245502206802,0.266672936968256,-0.472572565238546,0.944027127474428,0.365894489593428,0.350219389369689,2022.95119357777,NA,NA,NA,NA,94,2094,"strict equifinality"
"finite Zipf reference",0.98994762603815,0.994693618247806,0.999407601805756,491,500,491,500,4849,0.576516936331663,0.800545611072314,0.259379334387331,-0.541166276684984,0.500844776211102,0.00606317518206412,-3.95166386251526e-05,-0.267152656896623,NA,NA,NA,NA,95,2095,"strict equifinality"
"Zipf Markov control",0.994439037091262,0.98887966899551,0.999504879441829,491,500,491,500,4589,0.619775238508491,0.790027033183201,0.352691936534558,-0.437335096648642,0.500134338501415,0.193828089550963,0.187600489339972,1083.03813057945,NA,NA,NA,NA,95,2095,"strict equifinality"
"latent mixture",0.98520408773214,0.992260333121044,0.99935599774258,491,500,491,500,4802,0.542886532162238,0.597610406035938,0.305084754375658,-0.29252565166028,0.499463501509939,0.19987543711533,-0.000376053914418306,-0.58737792468711,1.54807208189375,0.950888288000013,NA,NA,95,2095,"strict equifinality"
"sample-space reduction",0.99807784541892,0.998467641269976,0.999425995237496,491,500,491,500,5007,0.569470816911425,0.783897992795024,0.272820533790351,-0.511077459004672,0.945075672519872,0.36653015285985,0.350769442176486,1825.10032954934,NA,NA,NA,NA,95,2095,"strict equifinality"
"finite Zipf reference",0.989491601210703,0.992837213501831,0.999322739351492,491,500,491,500,4869,0.566730467543937,0.747467379330582,0.263228128976036,-0.484239250354546,0.500501730458111,0.00598044968354746,-8.61687620692646e-05,-0.564312373965313,NA,NA,NA,NA,96,2096,"strict equifinality"
"Zipf Markov control",0.982669683172968,0.985894718965902,0.999367632711078,491,500,491,500,4614,0.614162606686356,0.74422712260219,0.355750063079448,-0.388477059522742,0.49941779959718,0.194527395847632,0.188344939605022,1092.57794183059,NA,NA,NA,NA,96,2096,"strict equifinality"
"latent mixture",1.0199184390381,1.03594941192172,0.99887322645968,491,500,491,500,4711,0.63153300273035,0.714675814876803,0.280178751513106,-0.434497063363697,0.500975723987198,0.197597565332015,0.00118300138547825,2.0839291524764,1.78674289623458,0.957167594381024,NA,NA,96,2096,"strict equifinality"
"sample-space reduction",0.987666076892062,0.991105037870559,0.999332149904456,491,500,491,500,5026,0.586661689096927,0.809468048035862,0.260504124412944,-0.548963923622918,0.945298377589401,0.366991984833793,0.351225612829693,1832.20926007363,NA,NA,NA,NA,96,2096,"strict equifinality"
"finite Zipf reference",0.993207663209619,0.997712110556016,0.999461917282822,491,500,491,500,4869,0.562379872757097,0.785089974709672,0.252142116864947,-0.532947857844726,0.49935421706507,0.00643643843413851,0.000439330197576198,3.13830347827931,NA,NA,NA,NA,97,2097,"strict equifinality"
"Zipf Markov control",0.989697181230595,0.992993273339445,0.999397641737132,491,500,491,500,4597,0.620711704814504,0.784470652801201,0.371524326114605,-0.412946326686596,0.500784481529026,0.197456642858791,0.19128851855827,1015.91205785367,NA,NA,NA,NA,97,2097,"strict equifinality"
"latent mixture",1.04754340630347,1.03933237395849,0.998579579199554,491,500,491,500,4732,0.581015163707534,0.345683514300266,0.324974980420996,-0.02070853387927,0.499644286349489,0.188712389995592,-4.13654082965509e-05,-0.0761645736334868,1.59406890447876,0.957202586856611,NA,NA,97,2097,"strict equifinality"
"sample-space reduction",0.98887246930933,0.992714291031032,0.999534197917454,491,500,491,500,5015,0.57058072906924,0.744619959307625,0.263538457634394,-0.481081501673232,0.945782658985502,0.367551669811865,0.351721753511444,2317.32631461413,NA,NA,NA,NA,97,2097,"strict equifinality"
"finite Zipf reference",0.988704086672213,0.989025881283239,0.99947637346078,491,500,491,500,4862,0.55979250995479,0.742915925262218,0.258005354948357,-0.484910570313861,0.500609549957485,0.00603509182372511,4.43214971567905e-05,0.277018541502338,NA,NA,NA,NA,98,2098,"strict equifinality"
"Zipf Markov control",0.98846044784918,0.986490521761289,0.99928727855752,491,500,491,500,4599,0.618631811942741,0.802015880508368,0.360170849730374,-0.441845030777993,0.49813768504782,0.196084102865369,0.189896198492958,1429.82410943401,NA,NA,NA,NA,98,2098,"strict equifinality"
"latent mixture",0.959339995681299,0.972132188462243,0.99927153689144,491,500,491,500,4766,0.606970515639824,0.673611912241433,0.242677143572269,-0.430934768669164,0.499016509381837,0.20185244862058,-0.000118463697417664,-0.168711228612705,1.46765368178405,0.951677795947664,NA,NA,98,2098,"strict equifinality"
"sample-space reduction",0.995940851009808,0.992892649617838,0.999400727896855,491,500,491,500,4999,0.566289285148449,0.764550202151893,0.272066054996819,-0.492484147155074,0.944990794377835,0.366824411094099,0.35107616421544,2187.96789663907,NA,NA,NA,NA,98,2098,"strict equifinality"
"finite Zipf reference",0.98468220686106,0.990603961333774,0.99963101996479,491,500,491,500,4846,0.578052751857174,0.726187646330082,0.256888385320542,-0.46929926100954,0.500204968434861,0.00602869748043387,-6.48317121717309e-06,-0.0433112977977817,NA,NA,NA,NA,99,2099,"strict equifinality"
"Zipf Markov control",0.980998591556552,0.986126541342884,0.999104179245569,491,500,491,500,4607,0.651910957048083,0.889055520289868,0.35242602406163,-0.536629496228239,0.499905752254092,0.191099140584881,0.184921232958875,1088.08328263207,NA,NA,NA,NA,99,2099,"strict equifinality"
"latent mixture",0.995707051388887,1.0104994141679,0.999139459138501,491,500,491,500,4790,0.567365395480357,0.861133107287036,0.312418184235885,-0.548714923051151,0.500083601787964,0.20363115132773,0.000611286671635625,1.28180902316555,1.66150461890102,0.958156911070664,NA,NA,99,2099,"strict equifinality"
"sample-space reduction",1.00368973577842,1.00006268923261,0.999526248763677,491,500,491,500,5023,0.576625039292137,0.722961991938804,0.268498545005655,-0.454463446933149,0.945462100877144,0.365836378116919,0.350086981898302,3521.01582179392,NA,NA,NA,NA,99,2099,"strict equifinality"
"finite Zipf reference",0.994300431670453,0.993502976187895,0.999447403434244,491,500,491,500,4863,0.560064528613502,0.758999839934189,0.259911022796369,-0.49908881713782,0.50033778942412,0.00620609853910469,0.000180039073358122,1.40974245403311,NA,NA,NA,NA,100,2100,"strict equifinality"
"Zipf Markov control",0.983729347751997,0.983808728658595,0.999537418166866,491,500,491,500,4605,0.636813388765384,0.821608410593648,0.348131879554114,-0.473476531039534,0.50011832452473,0.19545344945425,0.18927152765425,1065.2021658337,NA,NA,NA,NA,100,2100,"strict equifinality"
"latent mixture",1.01669366364132,1.00266457204828,0.998962427782213,491,500,491,500,4659,0.911332130429781,2.47620274696805,0.356855885399341,-2.11934686156871,0.499850264532659,0.187540678095383,-0.00107096524970079,-1.93820152181909,1.63773204084406,0.950526036093083,NA,NA,100,2100,"strict equifinality"
"sample-space reduction",0.991756834614934,0.99826989410912,0.999429619278775,491,500,491,500,4992,0.564916292817928,0.77834601203857,0.252840637420886,-0.525505374617685,0.947250179726815,0.366313763119712,0.350551191857442,2151.66378071082,NA,NA,NA,NA,100,2100,"strict equifinality"
