"top_k","transition_nmi","surrogate_nmi","transition_nmi_excess","transition_nmi_z","generator","replicate","seed","benchmark"
25,0.00165015332521854,0.00179091989799736,-0.000140766572778824,-1.44142515924278,"finite Zipf reference",1,2001,"strict equifinality"
50,0.00595617457393547,0.00599425541266643,-3.80808387309677e-05,-0.240861668047278,"finite Zipf reference",1,2001,"strict equifinality"
100,0.0172416925274195,0.0175682134617545,-0.000326520934335002,-1.65551010600314,"finite Zipf reference",1,2001,"strict equifinality"
25,0.180897930845656,0.00190944835834275,0.178988482487314,1851.43250755492,"Zipf Markov control",1,2001,"strict equifinality"
50,0.196229098087768,0.0061961397006985,0.190032958387069,1014.99412342509,"Zipf Markov control",1,2001,"strict equifinality"
100,0.219316317713095,0.017935753781183,0.201380563931912,1226.39088698535,"Zipf Markov control",1,2001,"strict equifinality"
25,0.209726602007423,0.208861463813868,0.000865138193555548,1.13236503375859,"latent mixture",1,2001,"strict equifinality"
50,0.193260695739978,0.192886731612344,0.000373964127633575,0.574445522360247,"latent mixture",1,2001,"strict equifinality"
100,0.188698109202273,0.187805595329852,0.000892513872420564,1.48838124427387,"latent mixture",1,2001,"strict equifinality"
25,0.3935491761929,0.0132934047143259,0.380255771478574,2599.63528001466,"sample-space reduction",1,2001,"strict equifinality"
50,0.36641915077709,0.0157474627744573,0.350671688002633,1503.73797282826,"sample-space reduction",1,2001,"strict equifinality"
100,0.347511435371978,0.0265667814917959,0.320944653880182,1323.69430671296,"sample-space reduction",1,2001,"strict equifinality"
25,0.00184400790978757,0.00178857683627091,5.54310735166592e-05,0.505495939061108,"finite Zipf reference",2,2002,"strict equifinality"
50,0.00597965174136771,0.00596122295097329,1.84287903944157e-05,0.109066911622924,"finite Zipf reference",2,2002,"strict equifinality"
100,0.0175505969374581,0.0174536631511202,9.69337863379709e-05,0.384121772982234,"finite Zipf reference",2,2002,"strict equifinality"
25,0.178785131713272,0.00192769647474579,0.176857435238526,1887.35113719066,"Zipf Markov control",2,2002,"strict equifinality"
50,0.194876833576641,0.0061338793116614,0.18874295426498,1437.38092662676,"Zipf Markov control",2,2002,"strict equifinality"
100,0.218620833945249,0.0178131095770397,0.200807724368209,958.473221723815,"Zipf Markov control",2,2002,"strict equifinality"
25,0.198775741726009,0.198914851430059,-0.000139109704050649,-0.215564904871051,"latent mixture",2,2002,"strict equifinality"
50,0.186344201552516,0.186032106495706,0.000312095056810041,0.600425605189833,"latent mixture",2,2002,"strict equifinality"
100,0.185479053406433,0.185499231956946,-2.01785505125063e-05,-0.0434583186550713,"latent mixture",2,2002,"strict equifinality"
25,0.393454290608398,0.0132406050805915,0.380213685527806,2846.29959808489,"sample-space reduction",2,2002,"strict equifinality"
50,0.367160676966419,0.0156633338691952,0.351497343097224,1794.37618654311,"sample-space reduction",2,2002,"strict equifinality"
100,0.34735274192352,0.0265121539789645,0.320840587944556,1147.57111597818,"sample-space reduction",2,2002,"strict equifinality"
25,0.00188433841720515,0.0017782137857349,0.000106124631470248,1.51197588111947,"finite Zipf reference",3,2003,"strict equifinality"
50,0.0060973833452938,0.00596595725782352,0.00013142608747028,0.807839307240699,"finite Zipf reference",3,2003,"strict equifinality"
100,0.0176472546301921,0.0175865912750309,6.06633551611911e-05,0.34128731806575,"finite Zipf reference",3,2003,"strict equifinality"
25,0.176151516376206,0.00192834571451448,0.174223170661691,1902.63392310067,"Zipf Markov control",3,2003,"strict equifinality"
50,0.192785163144788,0.00622713853113893,0.186558024613649,1012.97126574182,"Zipf Markov control",3,2003,"strict equifinality"
100,0.214908341610795,0.0179775517097851,0.19693078990101,759.717199392595,"Zipf Markov control",3,2003,"strict equifinality"
25,0.200172978173536,0.200920247968231,-0.00074726979469486,-1.3650681648503,"latent mixture",3,2003,"strict equifinality"
50,0.188670103902466,0.1896302025827,-0.000960098680233501,-1.82798259771207,"latent mixture",3,2003,"strict equifinality"
100,0.18746195445599,0.187667855405945,-0.000205900949955318,-0.391673114304648,"latent mixture",3,2003,"strict equifinality"
25,0.389875743706094,0.0133070041207349,0.37656873958536,2950.55762479797,"sample-space reduction",3,2003,"strict equifinality"
50,0.365843738964308,0.0157771940024777,0.350066544961831,2401.99928979561,"sample-space reduction",3,2003,"strict equifinality"
100,0.345413269676444,0.0265648740083646,0.318848395668079,1980.16174564996,"sample-space reduction",3,2003,"strict equifinality"
25,0.0021874470468821,0.00181249258192727,0.000374954464954825,4.78320994223728,"finite Zipf reference",4,2004,"strict equifinality"
50,0.00634536427569878,0.00598334359166525,0.000362020684033527,2.364533029472,"finite Zipf reference",4,2004,"strict equifinality"
100,0.0178138275688295,0.0175193009011973,0.000294526667632158,2.07499928723816,"finite Zipf reference",4,2004,"strict equifinality"
25,0.178150248853483,0.00188065433533009,0.176269594518153,2010.94042885245,"Zipf Markov control",4,2004,"strict equifinality"
50,0.193588558448308,0.00615846397650834,0.1874300944718,1197.48903372221,"Zipf Markov control",4,2004,"strict equifinality"
100,0.214814684332608,0.0178810827153266,0.196933601617281,915.807723420488,"Zipf Markov control",4,2004,"strict equifinality"
25,0.209935884439431,0.210277293637451,-0.00034140919802006,-0.468544235955673,"latent mixture",4,2004,"strict equifinality"
50,0.193181968114187,0.192863615086272,0.000318353027914442,0.521133586895836,"latent mixture",4,2004,"strict equifinality"
100,0.188030646063517,0.188070378260825,-3.97321973084341e-05,-0.088936598769562,"latent mixture",4,2004,"strict equifinality"
25,0.392004811330873,0.0133224391566443,0.378682372174228,3641.24225124049,"sample-space reduction",4,2004,"strict equifinality"
50,0.366470949730917,0.0157356072053945,0.350735342525523,2756.83457335745,"sample-space reduction",4,2004,"strict equifinality"
100,0.346463450624298,0.0265249572430567,0.319938493381241,1251.14259000932,"sample-space reduction",4,2004,"strict equifinality"
25,0.00195773033128571,0.00179631937932675,0.000161410951958962,1.55989550038789,"finite Zipf reference",5,2005,"strict equifinality"
50,0.00616199416472482,0.00603677274825196,0.000125221416472858,0.670660463507628,"finite Zipf reference",5,2005,"strict equifinality"
100,0.0176768483506086,0.0175458745738538,0.000130973776754743,0.554946393475954,"finite Zipf reference",5,2005,"strict equifinality"
25,0.179068563551788,0.00194319239709917,0.177125371154689,1524.99756561327,"Zipf Markov control",5,2005,"strict equifinality"
50,0.194728173479298,0.00619534211050246,0.188532831368796,1226.15479957754,"Zipf Markov control",5,2005,"strict equifinality"
100,0.21450579564082,0.0177720709241848,0.196733724716635,1069.55598534464,"Zipf Markov control",5,2005,"strict equifinality"
25,0.215590236624365,0.214720209720147,0.000870026904218058,1.21038396284575,"latent mixture",5,2005,"strict equifinality"
50,0.204105270189825,0.203902786746231,0.000202483443593471,0.35278716798527,"latent mixture",5,2005,"strict equifinality"
100,0.201076366441008,0.20086502653203,0.000211339908977648,0.345884833005821,"latent mixture",5,2005,"strict equifinality"
25,0.390217024895631,0.013367584470815,0.376849440424816,3089.59729103386,"sample-space reduction",5,2005,"strict equifinality"
50,0.364965525422594,0.0157930570410766,0.349172468381518,1951.1603336629,"sample-space reduction",5,2005,"strict equifinality"
100,0.344966998648732,0.0265281575827716,0.31843884106596,1655.85091644661,"sample-space reduction",5,2005,"strict equifinality"
25,0.00177662266831296,0.00178833147896663,-1.17088106536692e-05,-0.17254790015949,"finite Zipf reference",6,2006,"strict equifinality"
50,0.00598206721890202,0.0059662112229051,1.58559959969207e-05,0.08926489540476,"finite Zipf reference",6,2006,"strict equifinality"
100,0.0178544067027318,0.0175505926304259,0.000303814072305984,1.33901621653087,"finite Zipf reference",6,2006,"strict equifinality"
25,0.180549937710631,0.00192383553531733,0.178626102175313,1448.98471791601,"Zipf Markov control",6,2006,"strict equifinality"
50,0.196413896047774,0.00618594417984858,0.190227951867925,1145.86779365503,"Zipf Markov control",6,2006,"strict equifinality"
100,0.216800363036731,0.0177437074718849,0.199056655564846,1047.96918743351,"Zipf Markov control",6,2006,"strict equifinality"
25,0.221776743674499,0.221036264008967,0.000740479665532451,1.02967063494425,"latent mixture",6,2006,"strict equifinality"
50,0.204292343942759,0.204046554554003,0.000245789388756079,0.399531183009522,"latent mixture",6,2006,"strict equifinality"
100,0.196940301577368,0.196974831032337,-3.45294549694009e-05,-0.0654196162823581,"latent mixture",6,2006,"strict equifinality"
25,0.389878042734025,0.0133609671689989,0.376517075565026,2690.80264625375,"sample-space reduction",6,2006,"strict equifinality"
50,0.365946225197309,0.0158071518088893,0.35013907338842,1865.10508758413,"sample-space reduction",6,2006,"strict equifinality"
100,0.346078362798613,0.026601123476011,0.319477239322603,1477.60450027329,"sample-space reduction",6,2006,"strict equifinality"
25,0.00179812534996248,0.00176391961205403,3.42057379084525e-05,0.30490456284498,"finite Zipf reference",7,2007,"strict equifinality"
50,0.0059863576687051,0.00595840598532969,2.7951683375411e-05,0.231196993376671,"finite Zipf reference",7,2007,"strict equifinality"
100,0.017520137186036,0.0174856435205476,3.44936654883624e-05,0.198100311446557,"finite Zipf reference",7,2007,"strict equifinality"
25,0.180283342903611,0.00191400707166482,0.178369335831946,1339.85685399618,"Zipf Markov control",7,2007,"strict equifinality"
50,0.195203378903173,0.00619060387054608,0.189012775032627,955.140564124035,"Zipf Markov control",7,2007,"strict equifinality"
100,0.215460196835444,0.0179017773164496,0.197558419518994,859.748814758181,"Zipf Markov control",7,2007,"strict equifinality"
25,0.211000010844927,0.210816117003013,0.000183893841914279,0.301890694318735,"latent mixture",7,2007,"strict equifinality"
50,0.197951326404086,0.197619052680115,0.000332273723971349,0.616259035384225,"latent mixture",7,2007,"strict equifinality"
100,0.192884057452829,0.192946212759852,-6.21553070227765e-05,-0.138499111864573,"latent mixture",7,2007,"strict equifinality"
25,0.391250387295664,0.0131819694917151,0.378068417803949,4150.97976202296,"sample-space reduction",7,2007,"strict equifinality"
50,0.365130698821081,0.0156040373558122,0.349526661465269,1816.14524248714,"sample-space reduction",7,2007,"strict equifinality"
100,0.346310601204159,0.0263564423703391,0.31995415883382,1109.46139673448,"sample-space reduction",7,2007,"strict equifinality"
25,0.00184065014349981,0.00172944875563752,0.000111201387862292,0.981840156175981,"finite Zipf reference",8,2008,"strict equifinality"
50,0.00625952317345968,0.00593899116350494,0.000320532009954745,2.06999986236635,"finite Zipf reference",8,2008,"strict equifinality"
100,0.0177902924283135,0.0173945417723019,0.000395750656011617,2.3320777898122,"finite Zipf reference",8,2008,"strict equifinality"
25,0.177579044747234,0.00190773854226631,0.175671306204968,1914.15548127531,"Zipf Markov control",8,2008,"strict equifinality"
50,0.19424061037413,0.00619545024399751,0.188045160130133,1313.5821930481,"Zipf Markov control",8,2008,"strict equifinality"
100,0.216237816890532,0.0179077967326822,0.19833002015785,943.928787680356,"Zipf Markov control",8,2008,"strict equifinality"
25,0.2082354838287,0.208625324883474,-0.000389841054774603,-0.731305902071379,"latent mixture",8,2008,"strict equifinality"
50,0.193526253766173,0.19340810670027,0.000118147065903684,0.195842244267519,"latent mixture",8,2008,"strict equifinality"
100,0.186996610700967,0.187021347960035,-2.47372590676809e-05,-0.0378697375443587,"latent mixture",8,2008,"strict equifinality"
25,0.390256106817594,0.0132594931774239,0.37699661364017,2861.08846998037,"sample-space reduction",8,2008,"strict equifinality"
50,0.364801161461689,0.0157195737579853,0.349081587703703,1480.14077389416,"sample-space reduction",8,2008,"strict equifinality"
100,0.346540997082316,0.0266040548300941,0.319936942252222,1325.57500806253,"sample-space reduction",8,2008,"strict equifinality"
25,0.00176263636283291,0.00176455258489113,-1.91622205822405e-06,-0.0193665443501128,"finite Zipf reference",9,2009,"strict equifinality"
50,0.00591272627317066,0.00606688066332674,-0.000154154390156079,-0.961285571253348,"finite Zipf reference",9,2009,"strict equifinality"
100,0.0174143880057561,0.0175739398777936,-0.000159551872037495,-0.884469791887559,"finite Zipf reference",9,2009,"strict equifinality"
25,0.176099680982589,0.00189201015446905,0.17420767082812,1800.53863860971,"Zipf Markov control",9,2009,"strict equifinality"
50,0.194017148917609,0.00618852946419442,0.187828619453415,1284.12246258318,"Zipf Markov control",9,2009,"strict equifinality"
100,0.21556821146307,0.0178998144175727,0.197668397045497,884.799202273597,"Zipf Markov control",9,2009,"strict equifinality"
25,0.222659099839756,0.222546479524926,0.00011262031483017,0.194188177811199,"latent mixture",9,2009,"strict equifinality"
50,0.205215484636688,0.20516752175841,4.79628782781572e-05,0.107516921395657,"latent mixture",9,2009,"strict equifinality"
100,0.19788354689109,0.198059474804858,-0.000175927913767998,-0.350818836930245,"latent mixture",9,2009,"strict equifinality"
25,0.392239432259645,0.0132515343280926,0.378987897931552,2901.34576657316,"sample-space reduction",9,2009,"strict equifinality"
50,0.366461512678113,0.0157355932078873,0.350725919470225,1910.93275407149,"sample-space reduction",9,2009,"strict equifinality"
100,0.346597088118275,0.0265157652987052,0.32008132281957,1343.84927645787,"sample-space reduction",9,2009,"strict equifinality"
25,0.00189065577555251,0.00182285894022586,6.779683532665e-05,0.836749687619704,"finite Zipf reference",10,2010,"strict equifinality"
50,0.00595482347317587,0.00601226546161018,-5.74419884343084e-05,-0.395976623464662,"finite Zipf reference",10,2010,"strict equifinality"
100,0.0175999001861109,0.0175362250678394,6.36751182715237e-05,0.326127643421426,"finite Zipf reference",10,2010,"strict equifinality"
25,0.175372714462853,0.00190790274198433,0.173464811720868,1407.67731529255,"Zipf Markov control",10,2010,"strict equifinality"
50,0.191611192261488,0.0062275386307927,0.185383653630695,1032.32257389863,"Zipf Markov control",10,2010,"strict equifinality"
100,0.213422912542087,0.0178791639251731,0.195543748616914,1233.07815074488,"Zipf Markov control",10,2010,"strict equifinality"
25,0.20232774652776,0.202146571557413,0.000181174970346837,0.240978735479831,"latent mixture",10,2010,"strict equifinality"
50,0.191365985770802,0.191520076300015,-0.000154090529212975,-0.223314879394548,"latent mixture",10,2010,"strict equifinality"
100,0.190617104989314,0.190948938188855,-0.000331833199541859,-0.600299147578359,"latent mixture",10,2010,"strict equifinality"
25,0.391452627814806,0.0131758537753955,0.378276774039411,4374.52356466906,"sample-space reduction",10,2010,"strict equifinality"
50,0.365779335373328,0.0156804437856976,0.35009889158763,2886.5726015555,"sample-space reduction",10,2010,"strict equifinality"
100,0.346058698601149,0.0265183039395855,0.319540394661563,1531.49939350138,"sample-space reduction",10,2010,"strict equifinality"
25,0.00169498344343578,0.0017935172589768,-9.85338155410165e-05,-0.965454239339963,"finite Zipf reference",11,2011,"strict equifinality"
50,0.00595514028164505,0.00601377122771114,-5.86309460660853e-05,-0.35769409001081,"finite Zipf reference",11,2011,"strict equifinality"
100,0.0179115243477905,0.0176740267492698,0.000237497598520743,1.08581209919224,"finite Zipf reference",11,2011,"strict equifinality"
25,0.179143434626404,0.00189199962202307,0.177251435004381,1750.86704439096,"Zipf Markov control",11,2011,"strict equifinality"
50,0.196625138802933,0.00619253970994309,0.19043259909299,968.943188294516,"Zipf Markov control",11,2011,"strict equifinality"
100,0.218283677590575,0.0179080623026804,0.200375615287895,815.024847402857,"Zipf Markov control",11,2011,"strict equifinality"
25,0.21214614319381,0.212181484690417,-3.53414966075272e-05,-0.0534060865922335,"latent mixture",11,2011,"strict equifinality"
50,0.199289620570581,0.199513419614146,-0.000223799043564843,-0.442747031107573,"latent mixture",11,2011,"strict equifinality"
100,0.194609113140336,0.194755180301145,-0.000146067160808755,-0.309987463298445,"latent mixture",11,2011,"strict equifinality"
25,0.392660185046607,0.0133267097510361,0.379333475295571,2877.34917474874,"sample-space reduction",11,2011,"strict equifinality"
50,0.366086942496567,0.015708544509019,0.350378397987548,1745.31546521565,"sample-space reduction",11,2011,"strict equifinality"
100,0.346399998832537,0.0265587614590852,0.319841237373451,1049.1190761409,"sample-space reduction",11,2011,"strict equifinality"
25,0.00180366213149033,0.0017769085611839,2.67535703064347e-05,0.259394275086385,"finite Zipf reference",12,2012,"strict equifinality"
50,0.00618586434580014,0.00596636088046704,0.000219503465333104,1.48495895027669,"finite Zipf reference",12,2012,"strict equifinality"
100,0.0177620619129371,0.0175983597992453,0.000163702113691728,1.18060613225357,"finite Zipf reference",12,2012,"strict equifinality"
25,0.182378986953345,0.00192215497741357,0.180456831975932,1872.5512657195,"Zipf Markov control",12,2012,"strict equifinality"
50,0.197844589134828,0.00612247836533022,0.191722110769498,1244.99075198873,"Zipf Markov control",12,2012,"strict equifinality"
100,0.219702112202777,0.0178658102407472,0.201836301962029,1017.98347230417,"Zipf Markov control",12,2012,"strict equifinality"
25,0.215882195737628,0.216468516490942,-0.000586320753314273,-0.81665455505564,"latent mixture",12,2012,"strict equifinality"
50,0.204020525379165,0.204237562946962,-0.000217037567797285,-0.344911895217477,"latent mixture",12,2012,"strict equifinality"
100,0.198152796969737,0.198426137080543,-0.000273340110805681,-0.467571212642679,"latent mixture",12,2012,"strict equifinality"
25,0.391351745916881,0.0132930756498449,0.378058670267036,2838.07699933591,"sample-space reduction",12,2012,"strict equifinality"
50,0.365117729012311,0.0157002639790793,0.349417465033232,2405.96262680608,"sample-space reduction",12,2012,"strict equifinality"
100,0.346104003159247,0.0264824882135759,0.319621514945671,1512.2798217814,"sample-space reduction",12,2012,"strict equifinality"
25,0.00178497075521864,0.00179961790908822,-1.46471538695798e-05,-0.169151427271289,"finite Zipf reference",13,2013,"strict equifinality"
50,0.00597852282186154,0.00606229323118092,-8.37704093193869e-05,-0.48177125256415,"finite Zipf reference",13,2013,"strict equifinality"
100,0.0174601593548257,0.0176215979836772,-0.000161438628851485,-0.697074153005177,"finite Zipf reference",13,2013,"strict equifinality"
25,0.175174434970377,0.00184887534096958,0.173325559629408,2013.04263471418,"Zipf Markov control",13,2013,"strict equifinality"
50,0.191415812466738,0.00612097623357599,0.185294836233162,1271.15297627133,"Zipf Markov control",13,2013,"strict equifinality"
100,0.215201117465147,0.0178902140466681,0.197310903418478,1219.50071397592,"Zipf Markov control",13,2013,"strict equifinality"
25,0.197601206386789,0.197632379627186,-3.11732403968368e-05,-0.0735866152283141,"latent mixture",13,2013,"strict equifinality"
50,0.183462023269523,0.18304607203615,0.000415951233372763,0.913188961676532,"latent mixture",13,2013,"strict equifinality"
100,0.178122975445627,0.177712166607144,0.00041080883848349,1.00333449576379,"latent mixture",13,2013,"strict equifinality"
25,0.392040406430089,0.0132642147129743,0.378776191717114,3171.33067300541,"sample-space reduction",13,2013,"strict equifinality"
50,0.366104686547424,0.0157376715935962,0.350367014953828,2487.51317651534,"sample-space reduction",13,2013,"strict equifinality"
100,0.346994054769439,0.0266470382108686,0.32034701655857,1410.98909258851,"sample-space reduction",13,2013,"strict equifinality"
25,0.00190648216223721,0.00177461332667311,0.000131868835564095,1.34581311344091,"finite Zipf reference",14,2014,"strict equifinality"
50,0.0061048777242739,0.00599888802089847,0.000105989703375433,0.742206423338566,"finite Zipf reference",14,2014,"strict equifinality"
100,0.0175500250763074,0.0175798599209935,-2.98348446860393e-05,-0.135607364241897,"finite Zipf reference",14,2014,"strict equifinality"
25,0.176541065344326,0.00191260089394144,0.174628464450384,1621.90282305529,"Zipf Markov control",14,2014,"strict equifinality"
50,0.193422124639092,0.00618455323894575,0.187237571400146,1513.65655213776,"Zipf Markov control",14,2014,"strict equifinality"
100,0.214627891282073,0.0178653471060768,0.196762544175996,1067.29653177051,"Zipf Markov control",14,2014,"strict equifinality"
25,0.201801883788017,0.201345066377396,0.000456817410621591,0.905344716230873,"latent mixture",14,2014,"strict equifinality"
50,0.196590881812726,0.195618208416842,0.000972673395883694,2.04468850809888,"latent mixture",14,2014,"strict equifinality"
100,0.195565968701851,0.194943661133313,0.000622307568538316,1.45483117396948,"latent mixture",14,2014,"strict equifinality"
25,0.39251868660417,0.0134065042558219,0.379112182348348,2830.15558382323,"sample-space reduction",14,2014,"strict equifinality"
50,0.366937666487173,0.0158096012126498,0.351128065274524,2189.02073553755,"sample-space reduction",14,2014,"strict equifinality"
100,0.346732117562432,0.026692490498379,0.320039627064053,1307.5468792947,"sample-space reduction",14,2014,"strict equifinality"
25,0.00169148119267103,0.00179350268188665,-0.000102021489215616,-1.00765857392857,"finite Zipf reference",15,2015,"strict equifinality"
50,0.00589471711619178,0.00599814623492103,-0.000103429118729254,-0.713052809187839,"finite Zipf reference",15,2015,"strict equifinality"
100,0.0176320210928885,0.017585315058056,4.67060348325436e-05,0.212327796767421,"finite Zipf reference",15,2015,"strict equifinality"
25,0.179640743034921,0.00189175804257524,0.177748984992346,1591.40198224354,"Zipf Markov control",15,2015,"strict equifinality"
50,0.195302224007117,0.00617579932688207,0.189126424680235,1352.62260918335,"Zipf Markov control",15,2015,"strict equifinality"
100,0.217440155302882,0.0178557741041481,0.199584381198734,1385.59088384869,"Zipf Markov control",15,2015,"strict equifinality"
25,0.200025480075932,0.201533948464494,-0.00150846838856153,-3.1482145081294,"latent mixture",15,2015,"strict equifinality"
50,0.187163089513525,0.188015989343325,-0.000852899829799442,-1.98440209734643,"latent mixture",15,2015,"strict equifinality"
100,0.181964385528277,0.183014146325491,-0.001049760797214,-2.75158709761755,"latent mixture",15,2015,"strict equifinality"
25,0.390556901170322,0.0133126752244501,0.377244225945871,3925.55356910326,"sample-space reduction",15,2015,"strict equifinality"
50,0.366244322814425,0.0158124437411868,0.350431879073238,2593.47383476006,"sample-space reduction",15,2015,"strict equifinality"
100,0.345767370348891,0.0266595733002721,0.319107797048619,1470.00485290018,"sample-space reduction",15,2015,"strict equifinality"
25,0.0017050786958994,0.00181449570271571,-0.000109417006816318,-1.23429038048514,"finite Zipf reference",16,2016,"strict equifinality"
50,0.00601044696372259,0.00600841499243068,2.03197129190844e-06,0.0116464284006932,"finite Zipf reference",16,2016,"strict equifinality"
100,0.0177090200529513,0.0175659775054296,0.000143042547521718,0.585784749137067,"finite Zipf reference",16,2016,"strict equifinality"
25,0.176959655503136,0.00190603505642402,0.175053620446712,1559.57591849776,"Zipf Markov control",16,2016,"strict equifinality"
50,0.194648352701354,0.00616464410717075,0.188483708594183,1326.7208485706,"Zipf Markov control",16,2016,"strict equifinality"
100,0.21671428025327,0.0178544376806232,0.198859842572647,853.77577081025,"Zipf Markov control",16,2016,"strict equifinality"
25,0.208077238636116,0.208950548544719,-0.00087330990860332,-1.12309260895402,"latent mixture",16,2016,"strict equifinality"
50,0.195420635306208,0.195705729748624,-0.000285094442416256,-0.380844015784131,"latent mixture",16,2016,"strict equifinality"
100,0.191219810682345,0.191962296230481,-0.000742485548135968,-1.15399816043832,"latent mixture",16,2016,"strict equifinality"
25,0.390686075983327,0.0132555867813726,0.377430489201954,3641.07060214765,"sample-space reduction",16,2016,"strict equifinality"
50,0.36672841089498,0.0156485529883247,0.351079857906655,2149.67175232574,"sample-space reduction",16,2016,"strict equifinality"
100,0.346116190042065,0.026488301570962,0.319627888471103,2019.47208646331,"sample-space reduction",16,2016,"strict equifinality"
25,0.00159847942932135,0.00175091409641443,-0.000152434667093074,-1.42367589987842,"finite Zipf reference",17,2017,"strict equifinality"
50,0.00582879868276419,0.00592088799786708,-9.20893151028987e-05,-0.489679445736985,"finite Zipf reference",17,2017,"strict equifinality"
100,0.0173937583764236,0.0175276932283153,-0.000133934851891691,-0.696794158084021,"finite Zipf reference",17,2017,"strict equifinality"
25,0.177042415038259,0.00194600748508484,0.175096407553174,1538.20051745425,"Zipf Markov control",17,2017,"strict equifinality"
50,0.19171094146613,0.00614187380235273,0.185569067663777,1184.8378158057,"Zipf Markov control",17,2017,"strict equifinality"
100,0.214030440570151,0.0178350826617637,0.196195357908388,1427.23113882337,"Zipf Markov control",17,2017,"strict equifinality"
25,0.185819811958888,0.185294951197815,0.000524860761072471,0.857931099437096,"latent mixture",17,2017,"strict equifinality"
50,0.174624994048042,0.17446340938929,0.000161584658752018,0.265029822797275,"latent mixture",17,2017,"strict equifinality"
100,0.173310573000478,0.173321303996775,-1.07309962964208e-05,-0.02090528302538,"latent mixture",17,2017,"strict equifinality"
25,0.39300991164116,0.0133997999788939,0.379610111662267,2626.55655079281,"sample-space reduction",17,2017,"strict equifinality"
50,0.366859388625432,0.0157852983558441,0.351074090269588,1986.1630646813,"sample-space reduction",17,2017,"strict equifinality"
100,0.347077445010986,0.0265419483258317,0.320535496685154,1324.17739187049,"sample-space reduction",17,2017,"strict equifinality"
25,0.00171076528413709,0.00180923302181042,-9.84677376733275e-05,-1.05882713151199,"finite Zipf reference",18,2018,"strict equifinality"
50,0.00590497501257162,0.00604378841581849,-0.000138813403246874,-1.1704089517987,"finite Zipf reference",18,2018,"strict equifinality"
100,0.0175034897224997,0.0176242656463019,-0.000120775923802226,-0.846193775624513,"finite Zipf reference",18,2018,"strict equifinality"
25,0.180540454612032,0.00189178931419347,0.178648665297838,1741.81769999975,"Zipf Markov control",18,2018,"strict equifinality"
50,0.195808333536586,0.00615474160727431,0.189653591929312,1252.28514891179,"Zipf Markov control",18,2018,"strict equifinality"
100,0.21609219879038,0.0177941762358436,0.198298022554537,1047.85976872253,"Zipf Markov control",18,2018,"strict equifinality"
25,0.194634959065483,0.195248182459313,-0.000613223393829992,-0.728283299874608,"latent mixture",18,2018,"strict equifinality"
50,0.184003424597885,0.184405035527551,-0.000401610929665591,-0.622038666781772,"latent mixture",18,2018,"strict equifinality"
100,0.183297084096446,0.18387387006834,-0.000576785971893534,-1.01527178804054,"latent mixture",18,2018,"strict equifinality"
25,0.391010456976978,0.0133138398786926,0.377696617098285,3271.33991816899,"sample-space reduction",18,2018,"strict equifinality"
50,0.366138149455012,0.015739865539776,0.350398283915236,2677.52805940868,"sample-space reduction",18,2018,"strict equifinality"
100,0.345557036994518,0.026535490877548,0.31902154611697,1739.63052414815,"sample-space reduction",18,2018,"strict equifinality"
25,0.00187261769083506,0.00178887251705239,8.3745173782668e-05,0.578966455106198,"finite Zipf reference",19,2019,"strict equifinality"
50,0.00612707957997009,0.00600294027613811,0.000124139303831985,0.802120802152447,"finite Zipf reference",19,2019,"strict equifinality"
100,0.0177439033777713,0.0175667281044283,0.000177175273342996,1.09877593572724,"finite Zipf reference",19,2019,"strict equifinality"
25,0.177481030439116,0.00191976159540388,0.175561268843712,1328.92014588405,"Zipf Markov control",19,2019,"strict equifinality"
50,0.190831406022586,0.00619858710833133,0.184632818914255,1773.85186682412,"Zipf Markov control",19,2019,"strict equifinality"
100,0.213404916745953,0.0178605050182481,0.195544411727705,1042.61593201702,"Zipf Markov control",19,2019,"strict equifinality"
25,0.19528986739726,0.195304768544279,-1.49011470192417e-05,-0.0289091921564729,"latent mixture",19,2019,"strict equifinality"
50,0.185209642448627,0.18491057846001,0.000299063988616732,0.728746262849531,"latent mixture",19,2019,"strict equifinality"
100,0.183028274058574,0.183024829987259,3.44407131461222e-06,0.00967336021549382,"latent mixture",19,2019,"strict equifinality"
25,0.390825302240436,0.0133305334672992,0.377494768773137,3943.59659060465,"sample-space reduction",19,2019,"strict equifinality"
50,0.365421510388038,0.0157102858490363,0.349711224539002,1714.29203209103,"sample-space reduction",19,2019,"strict equifinality"
100,0.345820292168764,0.0264719223830613,0.319348369785703,1335.87473842972,"sample-space reduction",19,2019,"strict equifinality"
25,0.00171622383146267,0.00176851288835725,-5.22890568945874e-05,-0.535155495579272,"finite Zipf reference",20,2020,"strict equifinality"
50,0.00614248396374686,0.00602081856900182,0.000121665394745043,0.796653414494143,"finite Zipf reference",20,2020,"strict equifinality"
100,0.0177605594412888,0.0175298617996391,0.000230697641649676,1.17043474787172,"finite Zipf reference",20,2020,"strict equifinality"
25,0.178362492435846,0.00189755972363985,0.176464932712207,1150.06573444113,"Zipf Markov control",20,2020,"strict equifinality"
50,0.194885353627827,0.00620523144334479,0.188680122184482,1128.96777001736,"Zipf Markov control",20,2020,"strict equifinality"
100,0.215610601303953,0.017833066600444,0.197777534703509,776.8214513882,"Zipf Markov control",20,2020,"strict equifinality"
25,0.215769424872416,0.216598133720419,-0.000828708848002818,-1.01098678937824,"latent mixture",20,2020,"strict equifinality"
50,0.204472638291622,0.206112918752521,-0.00164028046089892,-2.26932353955578,"latent mixture",20,2020,"strict equifinality"
100,0.201922948069856,0.203279499373942,-0.00135655130408621,-2.10895469768121,"latent mixture",20,2020,"strict equifinality"
25,0.391990831389006,0.0132109268672025,0.378779904521804,3501.11013725789,"sample-space reduction",20,2020,"strict equifinality"
50,0.365831767480365,0.0156443485015113,0.350187418978854,2249.29315866955,"sample-space reduction",20,2020,"strict equifinality"
100,0.346958736494543,0.0264696091949003,0.320489127299643,1809.00337502736,"sample-space reduction",20,2020,"strict equifinality"
25,0.00169515557436508,0.00182083355410256,-0.000125677979737481,-1.16810010932799,"finite Zipf reference",21,2021,"strict equifinality"
50,0.00591563119274358,0.00608439720544195,-0.000168766012698375,-1.1144355259108,"finite Zipf reference",21,2021,"strict equifinality"
100,0.0176561539760208,0.0176848383009357,-2.86843249149675e-05,-0.148724683024469,"finite Zipf reference",21,2021,"strict equifinality"
25,0.175804635453812,0.00190552597213352,0.173899109481678,1897.72218866673,"Zipf Markov control",21,2021,"strict equifinality"
50,0.195164701382829,0.00614685743017605,0.189017843952653,994.943494219538,"Zipf Markov control",21,2021,"strict equifinality"
100,0.21634207975232,0.0176845884397337,0.198657491312586,1092.77404769065,"Zipf Markov control",21,2021,"strict equifinality"
25,0.213602445635266,0.213735541477316,-0.000133095842050374,-0.212476181851347,"latent mixture",21,2021,"strict equifinality"
50,0.203818540657222,0.203599449854408,0.000219090802814625,0.385702407958436,"latent mixture",21,2021,"strict equifinality"
100,0.199001281620601,0.199167235029928,-0.000165953409327207,-0.305154434539009,"latent mixture",21,2021,"strict equifinality"
25,0.39266587173301,0.013341718622473,0.379324153110537,3115.88190493694,"sample-space reduction",21,2021,"strict equifinality"
50,0.36590433278174,0.0157376972011182,0.350166635580622,1981.18094696256,"sample-space reduction",21,2021,"strict equifinality"
100,0.346400306717078,0.0265002908204246,0.319900015896654,1528.74249823862,"sample-space reduction",21,2021,"strict equifinality"
25,0.00200589522814523,0.00180049692043116,0.000205398307714068,2.24448858715674,"finite Zipf reference",22,2022,"strict equifinality"
50,0.00610485794781354,0.00603288243040198,7.19755174115582e-05,0.47534477306769,"finite Zipf reference",22,2022,"strict equifinality"
100,0.0177118307920333,0.0176073253715589,0.000104505420474427,0.504743806951927,"finite Zipf reference",22,2022,"strict equifinality"
25,0.178481318602945,0.00184327356861185,0.176638045034333,1620.49991722727,"Zipf Markov control",22,2022,"strict equifinality"
50,0.196046943468646,0.00616179797040466,0.189885145498242,1056.33753334678,"Zipf Markov control",22,2022,"strict equifinality"
100,0.215297248207593,0.0178626323917498,0.197434615815843,1066.95654243197,"Zipf Markov control",22,2022,"strict equifinality"
25,0.217138308622121,0.216837400444515,0.000300908177605141,0.473169326795641,"latent mixture",22,2022,"strict equifinality"
50,0.205547448038366,0.204927035661918,0.000620412376448082,1.28404975963402,"latent mixture",22,2022,"strict equifinality"
100,0.200993499934644,0.199776896270239,0.00121660366440474,2.40311345566229,"latent mixture",22,2022,"strict equifinality"
25,0.389241072582433,0.0132089623360954,0.376032110246337,2951.60155814089,"sample-space reduction",22,2022,"strict equifinality"
50,0.364684752382527,0.0156763196310847,0.349008432751442,1851.36125755214,"sample-space reduction",22,2022,"strict equifinality"
100,0.345744936536708,0.0265238887891301,0.319221047747578,1379.16187875698,"sample-space reduction",22,2022,"strict equifinality"
25,0.00174689586678129,0.00182757077512997,-8.06749083486747e-05,-0.756633611427302,"finite Zipf reference",23,2023,"strict equifinality"
50,0.00608498344979021,0.00600698254208398,7.80009077062322e-05,0.489691727772296,"finite Zipf reference",23,2023,"strict equifinality"
100,0.0178717573602586,0.01757232524617,0.000299432114088581,1.92556502823388,"finite Zipf reference",23,2023,"strict equifinality"
25,0.179216735517657,0.00193133885289973,0.177285396664757,2205.09515992049,"Zipf Markov control",23,2023,"strict equifinality"
50,0.193778316409498,0.00618877858062274,0.187589537828875,1484.98164116346,"Zipf Markov control",23,2023,"strict equifinality"
100,0.215722424152157,0.0178698038688317,0.197852620283325,1099.6685501765,"Zipf Markov control",23,2023,"strict equifinality"
25,0.209153857254405,0.20908207370781,7.17835465948169e-05,0.116234448283263,"latent mixture",23,2023,"strict equifinality"
50,0.196456510166955,0.196636202683451,-0.000179692516496355,-0.334939826373103,"latent mixture",23,2023,"strict equifinality"
100,0.191844585013306,0.192250374094654,-0.000405789081348668,-0.929991113668802,"latent mixture",23,2023,"strict equifinality"
25,0.391977065969002,0.0132724259339021,0.3787046400351,2911.65462625948,"sample-space reduction",23,2023,"strict equifinality"
50,0.365774419577092,0.0157691249992086,0.350005294577883,2404.18172649917,"sample-space reduction",23,2023,"strict equifinality"
100,0.346349613600474,0.0265897880407009,0.319759825559773,1254.32810209648,"sample-space reduction",23,2023,"strict equifinality"
25,0.00193516554625908,0.00179798707926557,0.000137178466993513,1.32531350254568,"finite Zipf reference",24,2024,"strict equifinality"
50,0.00600105469433701,0.00606501885150139,-6.39641571643784e-05,-0.41342651728834,"finite Zipf reference",24,2024,"strict equifinality"
100,0.0178126793106673,0.0175484768325376,0.000264202478129687,1.9042280809031,"finite Zipf reference",24,2024,"strict equifinality"
25,0.177827038212725,0.0018924953987105,0.175934542814015,1504.13053385512,"Zipf Markov control",24,2024,"strict equifinality"
50,0.194892660015074,0.00611566426963405,0.18877699574544,1111.05349049707,"Zipf Markov control",24,2024,"strict equifinality"
100,0.214108430769999,0.0177523331981582,0.196356097571841,1057.24163535407,"Zipf Markov control",24,2024,"strict equifinality"
25,0.192392409782624,0.19280633848686,-0.000413928704235678,-0.583473868590622,"latent mixture",24,2024,"strict equifinality"
50,0.183188584301418,0.183934315235082,-0.00074573093366459,-1.06710981970451,"latent mixture",24,2024,"strict equifinality"
100,0.182683731125426,0.183327888270149,-0.000644157144723323,-1.17784467210789,"latent mixture",24,2024,"strict equifinality"
25,0.391566255613517,0.0132597261138371,0.37830652949968,2775.16234110624,"sample-space reduction",24,2024,"strict equifinality"
50,0.366520925035865,0.0157065274151501,0.350814397620715,1890.14003901544,"sample-space reduction",24,2024,"strict equifinality"
100,0.347389929209168,0.0265109947760094,0.320878934433159,1415.10710606748,"sample-space reduction",24,2024,"strict equifinality"
25,0.00160961510095473,0.00177282460824779,-0.000163209507293053,-2.27898038460864,"finite Zipf reference",25,2025,"strict equifinality"
50,0.00584807027045569,0.00597238049768251,-0.000124310227226817,-1.08504691315422,"finite Zipf reference",25,2025,"strict equifinality"
100,0.0172683709506865,0.0175142319201087,-0.000245860969422189,-1.27551254043009,"finite Zipf reference",25,2025,"strict equifinality"
25,0.182328752844965,0.00192278863072489,0.18040596421424,1643.13300589719,"Zipf Markov control",25,2025,"strict equifinality"
50,0.196249100781275,0.00619729479944982,0.190051805981825,1406.21414039155,"Zipf Markov control",25,2025,"strict equifinality"
100,0.219443149495197,0.0177183186963071,0.20172483079889,1054.53979166215,"Zipf Markov control",25,2025,"strict equifinality"
25,0.201582176620069,0.200563139965706,0.00101903665436276,1.66629451249902,"latent mixture",25,2025,"strict equifinality"
50,0.192008060965644,0.191592109389501,0.000415951576142354,0.897760383677986,"latent mixture",25,2025,"strict equifinality"
100,0.192361692790045,0.191949126343386,0.00041256644665924,0.721126131023406,"latent mixture",25,2025,"strict equifinality"
25,0.392332270977419,0.0132666221840456,0.379065648793374,3461.41927424691,"sample-space reduction",25,2025,"strict equifinality"
50,0.366465575183025,0.0157068470652431,0.350758728117782,2273.08735798723,"sample-space reduction",25,2025,"strict equifinality"
100,0.346200300332805,0.0266157313214173,0.319584569011388,1710.92334557682,"sample-space reduction",25,2025,"strict equifinality"
25,0.00164762326612139,0.00182028020180659,-0.000172656935685193,-1.64703752038636,"finite Zipf reference",26,2026,"strict equifinality"
50,0.00571464910940668,0.00604598307785758,-0.000331333968450904,-2.01360097204011,"finite Zipf reference",26,2026,"strict equifinality"
100,0.0173463226433409,0.0175844978429867,-0.000238175199645804,-1.31413320920742,"finite Zipf reference",26,2026,"strict equifinality"
25,0.17986957077143,0.0019160417626846,0.177953529008746,1479.5694792801,"Zipf Markov control",26,2026,"strict equifinality"
50,0.194775626292068,0.00620068919523903,0.188574937096829,1660.99379279799,"Zipf Markov control",26,2026,"strict equifinality"
100,0.215151166339083,0.0178720449216748,0.197279121417408,891.721937294278,"Zipf Markov control",26,2026,"strict equifinality"
25,0.203416792344272,0.203954900158181,-0.000538107813909061,-0.639895302934059,"latent mixture",26,2026,"strict equifinality"
50,0.194229050683867,0.194678570740403,-0.000449520056535979,-0.636196905526206,"latent mixture",26,2026,"strict equifinality"
100,0.193951278804813,0.19447632195713,-0.000525043152316301,-0.738062150338849,"latent mixture",26,2026,"strict equifinality"
25,0.393225548213845,0.0132744615563603,0.379951086657484,3989.97330840912,"sample-space reduction",26,2026,"strict equifinality"
50,0.36738035083961,0.0157184332755618,0.351661917564048,2011.138495559,"sample-space reduction",26,2026,"strict equifinality"
100,0.347006328864461,0.0265795358435565,0.320426793020905,1817.76044211502,"sample-space reduction",26,2026,"strict equifinality"
25,0.00191596403681662,0.00177483725147589,0.000141126785340737,1.5439000889651,"finite Zipf reference",27,2027,"strict equifinality"
50,0.00612109208508915,0.00596491702780604,0.000156175057283111,1.00969588258865,"finite Zipf reference",27,2027,"strict equifinality"
100,0.0177753054670205,0.0175627879866367,0.000212517480383829,1.0625009328453,"finite Zipf reference",27,2027,"strict equifinality"
25,0.178955524612291,0.00189234496897633,0.177063179643314,1939.05756796816,"Zipf Markov control",27,2027,"strict equifinality"
50,0.196252153990751,0.00618247875979763,0.190069675230953,1618.32259110164,"Zipf Markov control",27,2027,"strict equifinality"
100,0.217315724232274,0.0178679880413663,0.199447736190907,1744.92178884336,"Zipf Markov control",27,2027,"strict equifinality"
25,0.205778052956357,0.204875894550311,0.0009021584060461,1.63796358575524,"latent mixture",27,2027,"strict equifinality"
50,0.19232043151513,0.191512088573039,0.000808342942090673,2.212458036402,"latent mixture",27,2027,"strict equifinality"
100,0.190362035534294,0.189365789136311,0.000996246397983153,2.80624452826966,"latent mixture",27,2027,"strict equifinality"
25,0.392000743732003,0.0133751434515592,0.378625600280444,5279.23489447613,"sample-space reduction",27,2027,"strict equifinality"
50,0.366875552148349,0.0157965937936692,0.35107895835468,2283.38683131702,"sample-space reduction",27,2027,"strict equifinality"
100,0.346852484638988,0.0265612905366318,0.320291194102356,2109.4091909915,"sample-space reduction",27,2027,"strict equifinality"
25,0.00176139387694736,0.00180206229733764,-4.06684203902816e-05,-0.587316518867272,"finite Zipf reference",28,2028,"strict equifinality"
50,0.00585912536618647,0.00599039232657046,-0.000131266960383988,-0.977024228833929,"finite Zipf reference",28,2028,"strict equifinality"
100,0.0174802473542601,0.0175306657190901,-5.04183648299926e-05,-0.307056364265396,"finite Zipf reference",28,2028,"strict equifinality"
25,0.178423035396035,0.00191262310929969,0.176510412286735,1763.18789394273,"Zipf Markov control",28,2028,"strict equifinality"
50,0.195696815463628,0.00622213644208039,0.189474679021548,970.372792673984,"Zipf Markov control",28,2028,"strict equifinality"
100,0.216937975048373,0.0178192014395555,0.199118773608817,1008.9642189066,"Zipf Markov control",28,2028,"strict equifinality"
25,0.214054022389599,0.213520935090976,0.000533087298622892,0.768277639416547,"latent mixture",28,2028,"strict equifinality"
50,0.205907755793914,0.205696764295928,0.000210991497986174,0.337303915582857,"latent mixture",28,2028,"strict equifinality"
100,0.202553572055273,0.201773956292549,0.000779615762723423,1.56183317968753,"latent mixture",28,2028,"strict equifinality"
25,0.393125339101846,0.0132975320161695,0.379827807085676,2671.19244276064,"sample-space reduction",28,2028,"strict equifinality"
50,0.366830056326673,0.0157721805383823,0.351057875788291,2000.94829462669,"sample-space reduction",28,2028,"strict equifinality"
100,0.346612305414155,0.0266302632681012,0.319982042146054,1517.4239820034,"sample-space reduction",28,2028,"strict equifinality"
25,0.00203833069092613,0.00177322854617616,0.000265102144749973,2.28674070753722,"finite Zipf reference",29,2029,"strict equifinality"
50,0.00604020553454548,0.00597492632611042,6.5279208435064e-05,0.517193172244713,"finite Zipf reference",29,2029,"strict equifinality"
100,0.0173085702940406,0.0175264574474199,-0.000217887153379292,-1.15577257934076,"finite Zipf reference",29,2029,"strict equifinality"
25,0.174460935977074,0.00189071585415977,0.172570220122914,1932.46813448953,"Zipf Markov control",29,2029,"strict equifinality"
50,0.193422311011945,0.00616216268165619,0.187260148330289,1322.12583931406,"Zipf Markov control",29,2029,"strict equifinality"
100,0.216052829900198,0.0178396136756784,0.198213216224519,885.773888534536,"Zipf Markov control",29,2029,"strict equifinality"
25,0.213706121391115,0.213507663362452,0.00019845802866289,0.210213197053621,"latent mixture",29,2029,"strict equifinality"
50,0.202066438518471,0.202263314754885,-0.000196876236414151,-0.32163686419505,"latent mixture",29,2029,"strict equifinality"
100,0.198125558492369,0.198094545883557,3.10126088127194e-05,0.0622945122908504,"latent mixture",29,2029,"strict equifinality"
25,0.390989163229021,0.0132946907106249,0.377694472518396,3081.55933353967,"sample-space reduction",29,2029,"strict equifinality"
50,0.365233935357839,0.015664680630486,0.349569254727353,2422.72404071028,"sample-space reduction",29,2029,"strict equifinality"
100,0.345502510331568,0.0265804878727973,0.318922022458771,1856.00561973404,"sample-space reduction",29,2029,"strict equifinality"
25,0.00196413960025242,0.00176765895073714,0.000196480649515278,2.44643900595469,"finite Zipf reference",30,2030,"strict equifinality"
50,0.00622741531748123,0.00600766224690286,0.000219753070578363,1.36383220984729,"finite Zipf reference",30,2030,"strict equifinality"
100,0.017892730685982,0.0176024229796956,0.000290307706286404,1.19467298481691,"finite Zipf reference",30,2030,"strict equifinality"
25,0.179197841131978,0.00192291064522544,0.177274930486752,1767.49256804334,"Zipf Markov control",30,2030,"strict equifinality"
50,0.19464899597034,0.00615153449692997,0.18849746147341,1459.52328993058,"Zipf Markov control",30,2030,"strict equifinality"
100,0.215809842955299,0.0177878658917843,0.198021977063514,1009.82545252711,"Zipf Markov control",30,2030,"strict equifinality"
25,0.222288504935152,0.223175720251061,-0.000887215315909323,-1.29643118220932,"latent mixture",30,2030,"strict equifinality"
50,0.205454544584628,0.205965179709455,-0.000510635124826353,-0.867252012412982,"latent mixture",30,2030,"strict equifinality"
100,0.200374365109871,0.201167250519587,-0.000792885409715116,-1.28650527212287,"latent mixture",30,2030,"strict equifinality"
25,0.3933981047918,0.0132172929283347,0.380180811863466,4454.34767104264,"sample-space reduction",30,2030,"strict equifinality"
50,0.367855901239504,0.0156946125911215,0.352161288648383,2113.8436988141,"sample-space reduction",30,2030,"strict equifinality"
100,0.347504952733541,0.0264774312385698,0.321027521494971,1529.28224646379,"sample-space reduction",30,2030,"strict equifinality"
25,0.00175946191144823,0.00181010827992275,-5.06463684745216e-05,-0.509212413993207,"finite Zipf reference",31,2031,"strict equifinality"
50,0.00585463475043672,0.00601937427613769,-0.000164739525700975,-1.24509574713466,"finite Zipf reference",31,2031,"strict equifinality"
100,0.0175910694033553,0.0175683735186486,2.26958847067485e-05,0.1405057203084,"finite Zipf reference",31,2031,"strict equifinality"
25,0.179500350043434,0.00188655380212456,0.17761379624131,1627.39550444123,"Zipf Markov control",31,2031,"strict equifinality"
50,0.1949972985519,0.00614325953241478,0.188854039019485,1186.16144092872,"Zipf Markov control",31,2031,"strict equifinality"
100,0.216860036720081,0.017898985865459,0.198961050854622,821.003030128702,"Zipf Markov control",31,2031,"strict equifinality"
25,0.194409194015834,0.194560888240686,-0.000151694224851895,-0.257690686062687,"latent mixture",31,2031,"strict equifinality"
50,0.187398645499063,0.188301018257617,-0.00090237275855401,-1.27864697197696,"latent mixture",31,2031,"strict equifinality"
100,0.187899784140802,0.188286200166169,-0.000386416025366931,-0.676335734843719,"latent mixture",31,2031,"strict equifinality"
25,0.39281756519185,0.013270486510623,0.379547078681227,4393.47429170812,"sample-space reduction",31,2031,"strict equifinality"
50,0.367382661823143,0.0157418771553081,0.351640784667835,2428.81881597008,"sample-space reduction",31,2031,"strict equifinality"
100,0.34771078937053,0.0265261000936666,0.321184689276864,1931.83171400072,"sample-space reduction",31,2031,"strict equifinality"
25,0.0018120182571784,0.001784422385424,2.75958717543988e-05,0.208125328166633,"finite Zipf reference",32,2032,"strict equifinality"
50,0.00591472798952363,0.00597696078320202,-6.22327936783892e-05,-0.421049882010736,"finite Zipf reference",32,2032,"strict equifinality"
100,0.0171371571941984,0.017620668965327,-0.00048351177112857,-2.05087501238059,"finite Zipf reference",32,2032,"strict equifinality"
25,0.178172766289122,0.00192142357999594,0.176251342709126,1433.11633029361,"Zipf Markov control",32,2032,"strict equifinality"
50,0.193540217230114,0.00619599472112198,0.187344222508992,1302.19077948548,"Zipf Markov control",32,2032,"strict equifinality"
100,0.216338015002313,0.0179413723350425,0.19839664266727,1051.84035494381,"Zipf Markov control",32,2032,"strict equifinality"
25,0.224080585358412,0.224462734132824,-0.000382148774412561,-0.599322571219585,"latent mixture",32,2032,"strict equifinality"
50,0.208453203786628,0.20876328699843,-0.000310083211801648,-0.510460546975554,"latent mixture",32,2032,"strict equifinality"
100,0.204306741203394,0.205016913197946,-0.000710171994551673,-1.3029186584733,"latent mixture",32,2032,"strict equifinality"
25,0.392336517908036,0.0133054291059096,0.379031088802126,4062.87472541539,"sample-space reduction",32,2032,"strict equifinality"
50,0.366868703849551,0.0157627914800666,0.351105912369484,2275.02660757092,"sample-space reduction",32,2032,"strict equifinality"
100,0.346834902773551,0.0264938658641229,0.320341036909428,1829.53004253157,"sample-space reduction",32,2032,"strict equifinality"
25,0.0018901042788278,0.00183118658684696,5.89176919808332e-05,0.64065019962204,"finite Zipf reference",33,2033,"strict equifinality"
50,0.0060742429108999,0.00597886097869076,9.53819322091418e-05,0.673042662337567,"finite Zipf reference",33,2033,"strict equifinality"
100,0.0173879391066889,0.01746626311423,-7.83240075411529e-05,-0.601331434156262,"finite Zipf reference",33,2033,"strict equifinality"
25,0.178177038827983,0.00193304977631401,0.17624398905167,1453.26220089954,"Zipf Markov control",33,2033,"strict equifinality"
50,0.194855192828061,0.00626982421180728,0.188585368616253,1052.63595043447,"Zipf Markov control",33,2033,"strict equifinality"
100,0.217347224423023,0.0180076351415138,0.19933958928151,940.623740665453,"Zipf Markov control",33,2033,"strict equifinality"
25,0.197645060730096,0.19790669716829,-0.000261636438193741,-0.418442712606929,"latent mixture",33,2033,"strict equifinality"
50,0.187413113542059,0.187361437617236,5.16759248223309e-05,0.123948533686093,"latent mixture",33,2033,"strict equifinality"
100,0.185437319228283,0.18597472481105,-0.000537405582767353,-1.21051481006865,"latent mixture",33,2033,"strict equifinality"
25,0.390622640112696,0.013241472267754,0.377381167844942,3203.57028601455,"sample-space reduction",33,2033,"strict equifinality"
50,0.365078494230212,0.0156316893662408,0.349446804863971,1975.59664417275,"sample-space reduction",33,2033,"strict equifinality"
100,0.345070010595182,0.0264456871874857,0.318624323407697,1654.44980422417,"sample-space reduction",33,2033,"strict equifinality"
25,0.00184450477579965,0.00178526417894646,5.92405968531922e-05,0.598422761727627,"finite Zipf reference",34,2034,"strict equifinality"
50,0.00598640794044483,0.00602834509883259,-4.19371583877653e-05,-0.256503233032135,"finite Zipf reference",34,2034,"strict equifinality"
100,0.0176787324106763,0.0175674938237538,0.000111238586922455,0.539747966807998,"finite Zipf reference",34,2034,"strict equifinality"
25,0.180391756498535,0.00200509167758336,0.178386664820952,1477.52955820755,"Zipf Markov control",34,2034,"strict equifinality"
50,0.197049445233112,0.00621467755564084,0.190834767677471,1541.27248570886,"Zipf Markov control",34,2034,"strict equifinality"
100,0.220273183092155,0.0178465039417357,0.20242667915042,1330.42251802782,"Zipf Markov control",34,2034,"strict equifinality"
25,0.206391657287438,0.206948485646571,-0.000556828359132455,-0.783881227152779,"latent mixture",34,2034,"strict equifinality"
50,0.196299544165722,0.195766462092961,0.000533082072761731,0.971882568499621,"latent mixture",34,2034,"strict equifinality"
100,0.194587131796468,0.193917538837863,0.000669592958605136,1.19918113300526,"latent mixture",34,2034,"strict equifinality"
25,0.391792828187572,0.0133378195013483,0.378455008686224,3308.5155792696,"sample-space reduction",34,2034,"strict equifinality"
50,0.365998410337758,0.0157827118001124,0.350215698537646,2219.17203907632,"sample-space reduction",34,2034,"strict equifinality"
100,0.34621539067921,0.0265460914595476,0.319669299219662,1536.25391687399,"sample-space reduction",34,2034,"strict equifinality"
25,0.00191613518326321,0.0017898035697514,0.000126331613511807,1.60892526174877,"finite Zipf reference",35,2035,"strict equifinality"
50,0.00606850374354932,0.00600652083029132,6.19829132579991e-05,0.436757350530531,"finite Zipf reference",35,2035,"strict equifinality"
100,0.0172623278006333,0.0174868370065233,-0.000224509205890004,-1.2217304385382,"finite Zipf reference",35,2035,"strict equifinality"
25,0.178504592136939,0.00191072989149899,0.17659386224544,1707.51395353618,"Zipf Markov control",35,2035,"strict equifinality"
50,0.196439448387176,0.00620085512353616,0.19023859326364,1623.16752836317,"Zipf Markov control",35,2035,"strict equifinality"
100,0.217690719976088,0.0178564584751865,0.199834261500901,1100.46676362221,"Zipf Markov control",35,2035,"strict equifinality"
25,0.216107046656128,0.216474079738705,-0.00036703308257649,-0.57956750967299,"latent mixture",35,2035,"strict equifinality"
50,0.200505634843299,0.201037551284063,-0.000531916440763669,-1.00496896612763,"latent mixture",35,2035,"strict equifinality"
100,0.196182543456765,0.196117955777856,6.45876789085731e-05,0.138654068496833,"latent mixture",35,2035,"strict equifinality"
25,0.393621002937959,0.0133639633126682,0.38025703962529,3178.35219557066,"sample-space reduction",35,2035,"strict equifinality"
50,0.367007989913541,0.0158126659451917,0.35119532396835,2390.1515983371,"sample-space reduction",35,2035,"strict equifinality"
100,0.347210187559301,0.0266850734184608,0.32052511414084,1349.34861978596,"sample-space reduction",35,2035,"strict equifinality"
25,0.00181510566523656,0.00176803469671029,4.70709685262689e-05,0.409626173691656,"finite Zipf reference",36,2036,"strict equifinality"
50,0.006087780810358,0.005957110266316,0.000130670544041994,1.08532089628364,"finite Zipf reference",36,2036,"strict equifinality"
100,0.0173872130256415,0.0175708846404316,-0.000183671614790003,-0.990286443139445,"finite Zipf reference",36,2036,"strict equifinality"
25,0.178193231841036,0.00189129168210984,0.176301940158926,2126.63119401314,"Zipf Markov control",36,2036,"strict equifinality"
50,0.192893420520088,0.00615084262384665,0.186742577896241,1249.83590830448,"Zipf Markov control",36,2036,"strict equifinality"
100,0.21496870390231,0.0179071792190206,0.19706152468329,1004.62971433503,"Zipf Markov control",36,2036,"strict equifinality"
25,0.202800713097788,0.203295886018981,-0.000495172921192971,-0.601583140493695,"latent mixture",36,2036,"strict equifinality"
50,0.190612275224047,0.190930544497876,-0.00031826927382983,-0.507116428277741,"latent mixture",36,2036,"strict equifinality"
100,0.185808451606507,0.186143493757884,-0.000335042151376919,-0.73840878191438,"latent mixture",36,2036,"strict equifinality"
25,0.391856176215683,0.0133184591460683,0.378537717069615,3005.92600429115,"sample-space reduction",36,2036,"strict equifinality"
50,0.366168927003226,0.0157633792757266,0.350405547727499,1822.14918036781,"sample-space reduction",36,2036,"strict equifinality"
100,0.346528226928207,0.0265849178509355,0.319943309077271,1526.61321976635,"sample-space reduction",36,2036,"strict equifinality"
25,0.00183073291322392,0.0017908243792024,3.99085340215242e-05,0.37542388955813,"finite Zipf reference",37,2037,"strict equifinality"
50,0.00595542069933131,0.00596505780625913,-9.63710692782407e-06,-0.0787320644748787,"finite Zipf reference",37,2037,"strict equifinality"
100,0.0177440432217087,0.0176518239613881,9.22192603206064e-05,0.519484441715641,"finite Zipf reference",37,2037,"strict equifinality"
25,0.175579937641222,0.0018976502327707,0.173682287408452,1432.50378174436,"Zipf Markov control",37,2037,"strict equifinality"
50,0.191288812805457,0.00613332783573457,0.185155484969722,1278.23217585886,"Zipf Markov control",37,2037,"strict equifinality"
100,0.214779003761102,0.0178418010743758,0.196937202686727,1026.51612563094,"Zipf Markov control",37,2037,"strict equifinality"
25,0.205900932690149,0.206169516947837,-0.000268584257687332,-0.355162407729369,"latent mixture",37,2037,"strict equifinality"
50,0.189182462178653,0.189530689915989,-0.000348227737336088,-0.594681236544908,"latent mixture",37,2037,"strict equifinality"
100,0.182531529048468,0.182931698088766,-0.000400169040297715,-0.643034870839033,"latent mixture",37,2037,"strict equifinality"
25,0.392774960619144,0.013258818595137,0.379516142024007,2971.48122485854,"sample-space reduction",37,2037,"strict equifinality"
50,0.368098944660362,0.0157340478176162,0.352364896842746,2580.98497966183,"sample-space reduction",37,2037,"strict equifinality"
100,0.347577168849986,0.0264259552750618,0.321151213574924,1666.79506968342,"sample-space reduction",37,2037,"strict equifinality"
25,0.00164202504657384,0.0017697652068625,-0.000127740160288653,-1.25869650837117,"finite Zipf reference",38,2038,"strict equifinality"
50,0.00610319131280798,0.00599506509947638,0.000108126213331595,0.652751420142067,"finite Zipf reference",38,2038,"strict equifinality"
100,0.0175560812109169,0.0175856329283521,-2.95517174352042e-05,-0.165471991570371,"finite Zipf reference",38,2038,"strict equifinality"
25,0.180134450042833,0.0018889806747143,0.178245469368118,1514.76504256775,"Zipf Markov control",38,2038,"strict equifinality"
50,0.196001007654408,0.00612926766301623,0.189871739991391,1414.64206300174,"Zipf Markov control",38,2038,"strict equifinality"
100,0.217984492424502,0.0177284606641057,0.200256031760396,1131.78749622363,"Zipf Markov control",38,2038,"strict equifinality"
25,0.209685352324834,0.210043437393509,-0.000358085068675379,-0.486439860098144,"latent mixture",38,2038,"strict equifinality"
50,0.199911456846781,0.198764091619077,0.00114736522770423,1.83274955080971,"latent mixture",38,2038,"strict equifinality"
100,0.194578644047939,0.193840650738564,0.000737993309374685,1.27972947756437,"latent mixture",38,2038,"strict equifinality"
25,0.392748789314888,0.0132725377760036,0.379476251538885,3392.96467877169,"sample-space reduction",38,2038,"strict equifinality"
50,0.367221615823948,0.0157214460755487,0.351500169748399,2100.30525353321,"sample-space reduction",38,2038,"strict equifinality"
100,0.346657231589141,0.0265356974582009,0.32012153413094,1407.00684645142,"sample-space reduction",38,2038,"strict equifinality"
25,0.00186756161136274,0.00178464283305218,8.29187783105601e-05,0.951652262190054,"finite Zipf reference",39,2039,"strict equifinality"
50,0.00578930227453435,0.00596334202712564,-0.000174039752591289,-1.09717046231347,"finite Zipf reference",39,2039,"strict equifinality"
100,0.0173256970964657,0.0175087595454237,-0.000183062448958011,-1.0010172696686,"finite Zipf reference",39,2039,"strict equifinality"
25,0.177793558862894,0.00191812167643032,0.175875437186464,1694.6488140868,"Zipf Markov control",39,2039,"strict equifinality"
50,0.192466284229472,0.00620111076246265,0.186265173467009,1136.4411405893,"Zipf Markov control",39,2039,"strict equifinality"
100,0.214277187304112,0.0178838549920522,0.19639333231206,917.473494599544,"Zipf Markov control",39,2039,"strict equifinality"
25,0.199470146728608,0.199538917158688,-6.87704300800229e-05,-0.101758862899129,"latent mixture",39,2039,"strict equifinality"
50,0.189525174164257,0.189039915673461,0.000485258490796531,0.758973402125384,"latent mixture",39,2039,"strict equifinality"
100,0.18620514069255,0.186146467860785,5.86728317654162e-05,0.0974276820418365,"latent mixture",39,2039,"strict equifinality"
25,0.392471311584176,0.0133220400143085,0.379149271569867,2885.56811615998,"sample-space reduction",39,2039,"strict equifinality"
50,0.366530514218903,0.0157351610479698,0.350795353170933,1769.41145295004,"sample-space reduction",39,2039,"strict equifinality"
100,0.346552838997341,0.026492188007866,0.320060650989475,1386.91917411507,"sample-space reduction",39,2039,"strict equifinality"
25,0.00197590197231595,0.00177830162287651,0.000197600349439447,2.50178257179971,"finite Zipf reference",40,2040,"strict equifinality"
50,0.00620440554034404,0.0059762934502119,0.000228112090132136,1.42009142470132,"finite Zipf reference",40,2040,"strict equifinality"
100,0.0178475397431641,0.0174739297007337,0.000373610042430372,2.6627515803469,"finite Zipf reference",40,2040,"strict equifinality"
25,0.176402916939489,0.00189642677253876,0.17450649016695,1312.55928119375,"Zipf Markov control",40,2040,"strict equifinality"
50,0.192310707461433,0.00621535206866612,0.186095355392767,1351.39031164619,"Zipf Markov control",40,2040,"strict equifinality"
100,0.213958127588826,0.0179478267328405,0.196010300855985,929.320749235587,"Zipf Markov control",40,2040,"strict equifinality"
25,0.193592051083352,0.193126505354888,0.000465545728463995,0.818317502798576,"latent mixture",40,2040,"strict equifinality"
50,0.182786369398706,0.182151544000917,0.000634825397789529,1.17457422824988,"latent mixture",40,2040,"strict equifinality"
100,0.184044345498321,0.18389543149963,0.000148913998690742,0.332004793267046,"latent mixture",40,2040,"strict equifinality"
25,0.391168819305134,0.0133007686022727,0.377868050702861,3048.39172905321,"sample-space reduction",40,2040,"strict equifinality"
50,0.365760178183203,0.0157386984317739,0.350021479751429,1833.10506735195,"sample-space reduction",40,2040,"strict equifinality"
100,0.345677584759421,0.0265697970444753,0.319107787714946,1274.17560725998,"sample-space reduction",40,2040,"strict equifinality"
25,0.00180573410005978,0.00179652910393602,9.20499612376427e-06,0.106500985750426,"finite Zipf reference",41,2041,"strict equifinality"
50,0.00603350148436345,0.00596760326801719,6.58982163462534e-05,0.617414663844179,"finite Zipf reference",41,2041,"strict equifinality"
100,0.0175922487661328,0.0174443248774617,0.00014792388867111,0.893055607717408,"finite Zipf reference",41,2041,"strict equifinality"
25,0.178959610382235,0.00193804475737593,0.177021565624859,1260.80228746821,"Zipf Markov control",41,2041,"strict equifinality"
50,0.195058135959411,0.00618196127178602,0.188876174687625,1080.83463688284,"Zipf Markov control",41,2041,"strict equifinality"
100,0.216760947537362,0.0178341498813392,0.198926797656023,1004.36863671786,"Zipf Markov control",41,2041,"strict equifinality"
25,0.208770970003755,0.209552639829351,-0.000781669825595965,-1.18424569621772,"latent mixture",41,2041,"strict equifinality"
50,0.19961003133772,0.200052103507393,-0.000442072169673485,-0.877185064965394,"latent mixture",41,2041,"strict equifinality"
100,0.199009359556497,0.199021269241265,-1.19096847683298e-05,-0.0208908966199597,"latent mixture",41,2041,"strict equifinality"
25,0.393288305226222,0.0133293237158157,0.379958981510407,2943.06826305404,"sample-space reduction",41,2041,"strict equifinality"
50,0.367643350392286,0.0157572081745851,0.351886142217701,2017.48683711688,"sample-space reduction",41,2041,"strict equifinality"
100,0.347544356210555,0.0265613608199838,0.320982995390571,1863.06925133695,"sample-space reduction",41,2041,"strict equifinality"
25,0.00186902110741962,0.00176903774807357,9.99833593460495e-05,1.08121308334354,"finite Zipf reference",42,2042,"strict equifinality"
50,0.00582643542834752,0.00596514080170331,-0.000138705373355799,-0.786717245595411,"finite Zipf reference",42,2042,"strict equifinality"
100,0.0173942325678652,0.0175474449664983,-0.000153212398633053,-0.707692047347653,"finite Zipf reference",42,2042,"strict equifinality"
25,0.178204329610621,0.0018522577718725,0.176352071838749,1546.26231687502,"Zipf Markov control",42,2042,"strict equifinality"
50,0.193123300335725,0.00614015607380827,0.186983144261917,1257.87592133689,"Zipf Markov control",42,2042,"strict equifinality"
100,0.214997643976586,0.0177741421518209,0.197223501824765,926.595388998356,"Zipf Markov control",42,2042,"strict equifinality"
25,0.20915382177438,0.208556869646832,0.000596952127548567,0.745548162319954,"latent mixture",42,2042,"strict equifinality"
50,0.198024230424405,0.197514658622293,0.000509571802112335,0.769801373261234,"latent mixture",42,2042,"strict equifinality"
100,0.192804916892982,0.192600964428958,0.000203952464024326,0.470585620680779,"latent mixture",42,2042,"strict equifinality"
25,0.391677706214682,0.013308766862078,0.378368939352604,2769.15498287398,"sample-space reduction",42,2042,"strict equifinality"
50,0.365853329866214,0.0156508575467798,0.350202472319434,1578.93394609822,"sample-space reduction",42,2042,"strict equifinality"
100,0.346623663879108,0.0265486787569405,0.320074985122168,1607.69361904432,"sample-space reduction",42,2042,"strict equifinality"
25,0.00182847355380315,0.00178422558533207,4.4247968471081e-05,0.337380338935848,"finite Zipf reference",43,2043,"strict equifinality"
50,0.00580712754486826,0.00602253522413802,-0.000215407679269764,-1.21641690175943,"finite Zipf reference",43,2043,"strict equifinality"
100,0.0174804823299691,0.0175088908026779,-2.84084727087686e-05,-0.142648920498775,"finite Zipf reference",43,2043,"strict equifinality"
25,0.178234652440705,0.00193102306983447,0.17630362937087,1476.04755618784,"Zipf Markov control",43,2043,"strict equifinality"
50,0.192520819557763,0.00622218174073092,0.186298637817032,1151.94719145212,"Zipf Markov control",43,2043,"strict equifinality"
100,0.214849889340621,0.0177990333991302,0.197050855941491,1001.73591048762,"Zipf Markov control",43,2043,"strict equifinality"
25,0.210116758790974,0.209915509170547,0.000201249620426502,0.287032786923185,"latent mixture",43,2043,"strict equifinality"
50,0.193676819537029,0.194071749378385,-0.000394929841356251,-0.566766535978848,"latent mixture",43,2043,"strict equifinality"
100,0.188442097430292,0.188203348990271,0.00023874844002103,0.382601209637927,"latent mixture",43,2043,"strict equifinality"
25,0.389891730825955,0.0133972700428865,0.376494460783068,3015.9677773236,"sample-space reduction",43,2043,"strict equifinality"
50,0.364772076443611,0.0158538502762011,0.34891822616741,2317.81799256579,"sample-space reduction",43,2043,"strict equifinality"
100,0.345536969880281,0.0266651346957808,0.3188718351845,1676.28887930731,"sample-space reduction",43,2043,"strict equifinality"
25,0.0017038224818917,0.00178873096952117,-8.49084876294722e-05,-0.703521149442116,"finite Zipf reference",44,2044,"strict equifinality"
50,0.00572491993052846,0.00604334854034326,-0.000318428609814804,-1.73155527899658,"finite Zipf reference",44,2044,"strict equifinality"
100,0.0173846830191004,0.0175874342798042,-0.000202751260703838,-0.823455564154416,"finite Zipf reference",44,2044,"strict equifinality"
25,0.177432479401971,0.00191612868990888,0.175516350712062,1357.13900272012,"Zipf Markov control",44,2044,"strict equifinality"
50,0.192533364098081,0.00616929027298437,0.186364073825097,1126.40474084812,"Zipf Markov control",44,2044,"strict equifinality"
100,0.214563908005521,0.017825692559905,0.196738215445616,927.725458482593,"Zipf Markov control",44,2044,"strict equifinality"
25,0.213747900471462,0.214012135055837,-0.000264234584374884,-0.373329954301777,"latent mixture",44,2044,"strict equifinality"
50,0.203120317578664,0.203087101222716,3.32163559484955e-05,0.0459428427814354,"latent mixture",44,2044,"strict equifinality"
100,0.198320950314697,0.198654323524076,-0.000333373209378485,-0.613651568097971,"latent mixture",44,2044,"strict equifinality"
25,0.39014619420849,0.0132862224276306,0.37685997178086,3769.86800292193,"sample-space reduction",44,2044,"strict equifinality"
50,0.365087198454352,0.0156633836016236,0.349423814852728,2288.19864866144,"sample-space reduction",44,2044,"strict equifinality"
100,0.345467234828988,0.0264680913560115,0.318999143472977,2426.33238666885,"sample-space reduction",44,2044,"strict equifinality"
25,0.00177026735683537,0.00178346593366845,-1.31985768330809e-05,-0.185570332862197,"finite Zipf reference",45,2045,"strict equifinality"
50,0.00588985002704696,0.00599903674769291,-0.000109186720645954,-0.712342988409186,"finite Zipf reference",45,2045,"strict equifinality"
100,0.0173703855570266,0.0175345150882884,-0.000164129531261773,-0.630739936873493,"finite Zipf reference",45,2045,"strict equifinality"
25,0.175137256606473,0.00189368153592687,0.173243575070546,1411.3014366713,"Zipf Markov control",45,2045,"strict equifinality"
50,0.190168638208981,0.00616936646884425,0.183999271740137,1260.6564803637,"Zipf Markov control",45,2045,"strict equifinality"
100,0.212516618192956,0.0179305621995898,0.194586055993367,1029.09496004992,"Zipf Markov control",45,2045,"strict equifinality"
25,0.20375306275045,0.203251027206473,0.000502035543977569,0.941219494398288,"latent mixture",45,2045,"strict equifinality"
50,0.189429378125796,0.189431178339796,-1.80021399995289e-06,-0.00340399578155486,"latent mixture",45,2045,"strict equifinality"
100,0.184978944358267,0.184165621166269,0.000813323191998089,1.7090997803521,"latent mixture",45,2045,"strict equifinality"
25,0.390687374197949,0.0132477787995783,0.37743959539837,2400.61329475512,"sample-space reduction",45,2045,"strict equifinality"
50,0.365854814198832,0.01568095535579,0.350173858843042,2100.88934129963,"sample-space reduction",45,2045,"strict equifinality"
100,0.346294530265171,0.0264901036877335,0.319804426577438,1303.96391132527,"sample-space reduction",45,2045,"strict equifinality"
25,0.00188593485687264,0.00178865316359832,9.72816932743254e-05,0.77835711299207,"finite Zipf reference",46,2046,"strict equifinality"
50,0.00592039742415625,0.00597468348851082,-5.42860643545735e-05,-0.332388755515964,"finite Zipf reference",46,2046,"strict equifinality"
100,0.0176646992695082,0.0175321441106185,0.000132555158889713,0.951110696260466,"finite Zipf reference",46,2046,"strict equifinality"
25,0.177734146749111,0.00192710810211397,0.175807038646997,1612.32500811309,"Zipf Markov control",46,2046,"strict equifinality"
50,0.195060587831921,0.00618233779240462,0.188878250039516,945.474457687456,"Zipf Markov control",46,2046,"strict equifinality"
100,0.217024412496063,0.017887290780764,0.199137121715299,905.590059941049,"Zipf Markov control",46,2046,"strict equifinality"
25,0.216348504915388,0.217111847231885,-0.000763342316496773,-1.17588600297874,"latent mixture",46,2046,"strict equifinality"
50,0.201846602653942,0.201244691265869,0.000601911388073056,1.0931030444978,"latent mixture",46,2046,"strict equifinality"
100,0.195586239791968,0.195562072774921,2.41670170469666e-05,0.0525338818376298,"latent mixture",46,2046,"strict equifinality"
25,0.390536479819766,0.0132218822382434,0.377314597581523,3068.22818084266,"sample-space reduction",46,2046,"strict equifinality"
50,0.365953706916781,0.0156961575047183,0.350257549412063,1829.90515207008,"sample-space reduction",46,2046,"strict equifinality"
100,0.344784681601728,0.0263606400941251,0.318424041507603,1237.87595113698,"sample-space reduction",46,2046,"strict equifinality"
25,0.00173348918003007,0.00181430635129928,-8.08171712692108e-05,-0.723856163976296,"finite Zipf reference",47,2047,"strict equifinality"
50,0.00590074056776204,0.00598231568832598,-8.15751205639377e-05,-0.53795591465691,"finite Zipf reference",47,2047,"strict equifinality"
100,0.0175075628352842,0.0176227040853019,-0.000115141250017735,-0.458634423666131,"finite Zipf reference",47,2047,"strict equifinality"
25,0.178450545602214,0.00191816499178728,0.176532380610427,1548.13744998415,"Zipf Markov control",47,2047,"strict equifinality"
50,0.195065181234309,0.0061561918526991,0.18890898938161,1153.26445800506,"Zipf Markov control",47,2047,"strict equifinality"
100,0.215278269700037,0.0177517814930121,0.197526488207025,944.660421225781,"Zipf Markov control",47,2047,"strict equifinality"
25,0.21903837802358,0.218316207605168,0.000722170418412327,1.15003449509128,"latent mixture",47,2047,"strict equifinality"
50,0.206862250858323,0.206852313739738,9.9371185851016e-06,0.0150837985535718,"latent mixture",47,2047,"strict equifinality"
100,0.202418440925115,0.202896362536601,-0.000477921611486076,-0.787120633502817,"latent mixture",47,2047,"strict equifinality"
25,0.39282525868322,0.013225391443377,0.379599867239843,3206.14421260129,"sample-space reduction",47,2047,"strict equifinality"
50,0.367165586810637,0.0156954772583662,0.351470109552271,1922.2461046627,"sample-space reduction",47,2047,"strict equifinality"
100,0.347214661718183,0.0265455477834931,0.32066911393469,1335.41884115638,"sample-space reduction",47,2047,"strict equifinality"
25,0.00165143520656226,0.00179380079805067,-0.000142365591488404,-1.07651209934379,"finite Zipf reference",48,2048,"strict equifinality"
50,0.00599506264249404,0.0059730877274604,2.19749150336462e-05,0.123394095730239,"finite Zipf reference",48,2048,"strict equifinality"
100,0.0177095515496589,0.0174692834190636,0.000240268130595352,1.21807019083577,"finite Zipf reference",48,2048,"strict equifinality"
25,0.175758591193178,0.0019058200347135,0.173852771158464,1541.88122434984,"Zipf Markov control",48,2048,"strict equifinality"
50,0.190366236546571,0.00616132589341777,0.184204910653153,1623.57369939073,"Zipf Markov control",48,2048,"strict equifinality"
100,0.212609504318129,0.0178902546277592,0.19471924969037,1036.14873697717,"Zipf Markov control",48,2048,"strict equifinality"
25,0.199230400004928,0.198106978649673,0.00112342135525426,1.70880564558991,"latent mixture",48,2048,"strict equifinality"
50,0.189566417773199,0.189230589432553,0.000335828340645689,0.658035554463936,"latent mixture",48,2048,"strict equifinality"
100,0.190466148588904,0.1906002441981,-0.000134095609196,-0.299600434913657,"latent mixture",48,2048,"strict equifinality"
25,0.390282406317956,0.0134478221008918,0.376834584217065,2813.69098963249,"sample-space reduction",48,2048,"strict equifinality"
50,0.365439929088404,0.0157893307504317,0.349650598337972,2237.08629055116,"sample-space reduction",48,2048,"strict equifinality"
100,0.34564767702179,0.0265591128714245,0.319088564150365,1506.09241264847,"sample-space reduction",48,2048,"strict equifinality"
25,0.00181987789911729,0.00184175957752393,-2.18816784066443e-05,-0.178877403500696,"finite Zipf reference",49,2049,"strict equifinality"
50,0.00606819235338761,0.00604358443530219,2.46079180854196e-05,0.162996015582062,"finite Zipf reference",49,2049,"strict equifinality"
100,0.0178515522712665,0.0176191685474774,0.000232383723789111,1.09568254729813,"finite Zipf reference",49,2049,"strict equifinality"
25,0.176549141945812,0.00191190096393857,0.174637240981873,1862.13198360982,"Zipf Markov control",49,2049,"strict equifinality"
50,0.19227857677853,0.00625166221362542,0.186026914564905,1043.49733609919,"Zipf Markov control",49,2049,"strict equifinality"
100,0.21365839306716,0.0178616695951046,0.195796723472055,819.261668827485,"Zipf Markov control",49,2049,"strict equifinality"
25,0.210714296442663,0.210401954055048,0.000312342387615017,0.469790347303018,"latent mixture",49,2049,"strict equifinality"
50,0.195379028975364,0.194767992419803,0.000611036555560912,1.26086479828458,"latent mixture",49,2049,"strict equifinality"
100,0.190991740466905,0.190873715259045,0.000118025207860473,0.260289700835726,"latent mixture",49,2049,"strict equifinality"
25,0.39019707938242,0.0132725054236056,0.376924573958814,4160.74570485038,"sample-space reduction",49,2049,"strict equifinality"
50,0.364396893962053,0.0157375988667431,0.34865929509531,2774.29017015628,"sample-space reduction",49,2049,"strict equifinality"
100,0.345153775433098,0.0265979889492457,0.318555786483853,1878.1954298223,"sample-space reduction",49,2049,"strict equifinality"
25,0.00181748313361593,0.00181173537559952,5.74775801640308e-06,0.0678209447675329,"finite Zipf reference",50,2050,"strict equifinality"
50,0.0060069600510115,0.00609192618168808,-8.49661306765769e-05,-0.629651023633057,"finite Zipf reference",50,2050,"strict equifinality"
100,0.0174329756054913,0.0177280800930775,-0.00029510448758624,-1.52328293585155,"finite Zipf reference",50,2050,"strict equifinality"
25,0.175139090213483,0.00187508954897263,0.17326400066451,1358.18364586042,"Zipf Markov control",50,2050,"strict equifinality"
50,0.191005543926516,0.00613516794813993,0.184870375978376,1290.11203937235,"Zipf Markov control",50,2050,"strict equifinality"
100,0.212435705480206,0.0177136621209169,0.194722043359289,948.11723746705,"Zipf Markov control",50,2050,"strict equifinality"
25,0.216305776519478,0.216789860929898,-0.000484084410419167,-0.750814654560679,"latent mixture",50,2050,"strict equifinality"
50,0.203753857672728,0.203952009691847,-0.000198152019119435,-0.476423639258848,"latent mixture",50,2050,"strict equifinality"
100,0.200238193768014,0.20027509289566,-3.68991276454844e-05,-0.0850603896463316,"latent mixture",50,2050,"strict equifinality"
25,0.392108795735312,0.0132818044774655,0.378826991257847,3887.1601250621,"sample-space reduction",50,2050,"strict equifinality"
50,0.365556582204052,0.015723478387144,0.349833103816908,2045.84174521886,"sample-space reduction",50,2050,"strict equifinality"
100,0.346453385762275,0.0264996581898268,0.319953727572448,1340.94042410628,"sample-space reduction",50,2050,"strict equifinality"
25,0.00185405947044057,0.00183141188706747,2.26475833731091e-05,0.235654795437973,"finite Zipf reference",51,2051,"strict equifinality"
50,0.0060115074664137,0.00603551889885325,-2.40114324395442e-05,-0.158605583697053,"finite Zipf reference",51,2051,"strict equifinality"
100,0.0173622673650121,0.0175204314356428,-0.000158164070630702,-0.669205387517049,"finite Zipf reference",51,2051,"strict equifinality"
25,0.17647864830679,0.00193971555213484,0.174538932754655,2009.91954885159,"Zipf Markov control",51,2051,"strict equifinality"
50,0.191658097260594,0.0062203925212098,0.185437704739384,1137.54902290681,"Zipf Markov control",51,2051,"strict equifinality"
100,0.214033310980686,0.0179728767669128,0.196060434213773,1013.32316510522,"Zipf Markov control",51,2051,"strict equifinality"
25,0.225494429760633,0.225235075802034,0.000259353958598219,0.397903682124436,"latent mixture",51,2051,"strict equifinality"
50,0.210488923574044,0.21032440923806,0.00016451433598344,0.286160991856258,"latent mixture",51,2051,"strict equifinality"
100,0.202345523539939,0.202105276146885,0.000240247393053977,0.451751111231612,"latent mixture",51,2051,"strict equifinality"
25,0.392099957899445,0.0133615413980208,0.378738416501424,2716.83200204433,"sample-space reduction",51,2051,"strict equifinality"
50,0.366056992759777,0.0157504345937399,0.350306558166037,1828.31371675088,"sample-space reduction",51,2051,"strict equifinality"
100,0.346433185631221,0.0266428311105649,0.319790354520657,1516.98604660255,"sample-space reduction",51,2051,"strict equifinality"
25,0.00192200668318559,0.00180395363926589,0.000118053043919697,1.18807510586238,"finite Zipf reference",52,2052,"strict equifinality"
50,0.00590297194759342,0.00600769199100607,-0.000104720043412651,-0.734198343930712,"finite Zipf reference",52,2052,"strict equifinality"
100,0.0173903753758056,0.0174670672104428,-7.66918346372103e-05,-0.461766293193102,"finite Zipf reference",52,2052,"strict equifinality"
25,0.178377597117897,0.00196439953782713,0.17641319758007,1530.68798000361,"Zipf Markov control",52,2052,"strict equifinality"
50,0.193698508554266,0.0062219130861666,0.187476595468099,1370.21341891145,"Zipf Markov control",52,2052,"strict equifinality"
100,0.216415003372168,0.0180028324112591,0.198412170960909,1004.981169151,"Zipf Markov control",52,2052,"strict equifinality"
25,0.198446902986363,0.199113124522538,-0.000666221536175626,-1.04106624118096,"latent mixture",52,2052,"strict equifinality"
50,0.18802032947302,0.188329796181239,-0.000309466708218825,-0.602160890549933,"latent mixture",52,2052,"strict equifinality"
100,0.18692243333616,0.18715056324671,-0.000228129910550462,-0.501103120944687,"latent mixture",52,2052,"strict equifinality"
25,0.393156282705699,0.0133314700332367,0.379824812672462,3025.35297457915,"sample-space reduction",52,2052,"strict equifinality"
50,0.366703080355561,0.0157960462463655,0.350907034109196,2107.46690830004,"sample-space reduction",52,2052,"strict equifinality"
100,0.347177970897214,0.026526897642973,0.320651073254241,1519.63853054252,"sample-space reduction",52,2052,"strict equifinality"
25,0.00179748628301816,0.00178425525166483,1.32310313533345e-05,0.118134290783578,"finite Zipf reference",53,2053,"strict equifinality"
50,0.006061962222908,0.00595295999703798,0.000109002225870019,0.68469917479042,"finite Zipf reference",53,2053,"strict equifinality"
100,0.017644927915299,0.0174776261936124,0.000167301721686677,0.974509776038817,"finite Zipf reference",53,2053,"strict equifinality"
25,0.176076901799395,0.00188100367482701,0.174195898124568,1520.20142818979,"Zipf Markov control",53,2053,"strict equifinality"
50,0.194594843664837,0.00618630629469393,0.188408537370143,1047.64321692562,"Zipf Markov control",53,2053,"strict equifinality"
100,0.215283667761611,0.0179296282741507,0.19735403948746,1068.67500186178,"Zipf Markov control",53,2053,"strict equifinality"
25,0.218502495316307,0.217614219922077,0.000888275394230142,1.56597217859123,"latent mixture",53,2053,"strict equifinality"
50,0.206541235020725,0.205669560794041,0.00087167422668355,1.7990989717584,"latent mixture",53,2053,"strict equifinality"
100,0.201774959269784,0.201357911531868,0.000417047737915649,0.870555642795407,"latent mixture",53,2053,"strict equifinality"
25,0.392456774641448,0.0132998183233182,0.37915695631813,3609.68279845735,"sample-space reduction",53,2053,"strict equifinality"
50,0.365820911750454,0.0157209817306671,0.350099930019787,1454.066641521,"sample-space reduction",53,2053,"strict equifinality"
100,0.346708077818548,0.0265903826132917,0.320117695205257,1493.68195387162,"sample-space reduction",53,2053,"strict equifinality"
25,0.00176145109524638,0.00177193620444222,-1.04851091958416e-05,-0.0964504648613351,"finite Zipf reference",54,2054,"strict equifinality"
50,0.00592009056694667,0.00594362079720216,-2.35302302554882e-05,-0.178020359095339,"finite Zipf reference",54,2054,"strict equifinality"
100,0.0174393947018269,0.0175204545676318,-8.10598658048736e-05,-0.440037755074597,"finite Zipf reference",54,2054,"strict equifinality"
25,0.177787431437428,0.00191669572160208,0.175870735715825,1987.20501023507,"Zipf Markov control",54,2054,"strict equifinality"
50,0.193809418505782,0.00618036907030398,0.187629049435478,1664.02232209645,"Zipf Markov control",54,2054,"strict equifinality"
100,0.215040144466161,0.0178964742162325,0.197143670249928,783.55512865207,"Zipf Markov control",54,2054,"strict equifinality"
25,0.200439648389139,0.200332592888673,0.000107055500466607,0.201943868138475,"latent mixture",54,2054,"strict equifinality"
50,0.190431278962222,0.190963127519344,-0.0005318485571226,-0.883564337894946,"latent mixture",54,2054,"strict equifinality"
100,0.190855589248339,0.190977584008104,-0.000121994759764987,-0.242559880997082,"latent mixture",54,2054,"strict equifinality"
25,0.391142107425213,0.0133795458498584,0.377762561575355,3004.72735802136,"sample-space reduction",54,2054,"strict equifinality"
50,0.365310843123905,0.0157754723042746,0.349535370819631,2041.10484802059,"sample-space reduction",54,2054,"strict equifinality"
100,0.345678027577917,0.0266722881653595,0.319005739412557,1389.03272737091,"sample-space reduction",54,2054,"strict equifinality"
25,0.00173722807847323,0.00177394555621377,-3.67174777405367e-05,-0.340515102657232,"finite Zipf reference",55,2055,"strict equifinality"
50,0.00594973952314128,0.00598871814932522,-3.89786261839374e-05,-0.232414393011972,"finite Zipf reference",55,2055,"strict equifinality"
100,0.0176383777508178,0.017451227107931,0.000187150642886841,1.03314612737704,"finite Zipf reference",55,2055,"strict equifinality"
25,0.177039878580394,0.00191138268984116,0.175128495890553,1376.10134150049,"Zipf Markov control",55,2055,"strict equifinality"
50,0.19397363577626,0.00619333931449934,0.187780296461761,998.186026247719,"Zipf Markov control",55,2055,"strict equifinality"
100,0.21540825764885,0.018003019930505,0.197405237718345,789.191570698607,"Zipf Markov control",55,2055,"strict equifinality"
25,0.206286428289817,0.207695423445261,-0.00140899515544426,-2.60714892485244,"latent mixture",55,2055,"strict equifinality"
50,0.194561462600157,0.195493702052645,-0.000932239452488687,-2.14646463931489,"latent mixture",55,2055,"strict equifinality"
100,0.191734069370814,0.191948549697825,-0.000214480327010491,-0.489919131514717,"latent mixture",55,2055,"strict equifinality"
25,0.390517499316713,0.0133007974521838,0.37721670186453,3028.65513297505,"sample-space reduction",55,2055,"strict equifinality"
50,0.364860676679881,0.015700345841937,0.349160330837944,1837.24485114647,"sample-space reduction",55,2055,"strict equifinality"
100,0.345997428657152,0.0264942041441077,0.319503224513045,1196.99721928069,"sample-space reduction",55,2055,"strict equifinality"
25,0.00168303358875511,0.00179112821355923,-0.000108094624804118,-0.962490563232375,"finite Zipf reference",56,2056,"strict equifinality"
50,0.00604719395189304,0.00600366467095596,4.35292809370848e-05,0.294481729656522,"finite Zipf reference",56,2056,"strict equifinality"
100,0.0175382398653785,0.0174807355269735,5.75043384049914e-05,0.260170960586128,"finite Zipf reference",56,2056,"strict equifinality"
25,0.177587922102761,0.00194423495518001,0.175643687147581,1201.65212246707,"Zipf Markov control",56,2056,"strict equifinality"
50,0.19401130438923,0.00621899674980648,0.187792307639424,1013.20549573794,"Zipf Markov control",56,2056,"strict equifinality"
100,0.215232985695916,0.0178263268724279,0.197406658823489,1084.54613490695,"Zipf Markov control",56,2056,"strict equifinality"
25,0.188872373507677,0.188022995025179,0.000849378482498303,1.49602625107799,"latent mixture",56,2056,"strict equifinality"
50,0.176619476386936,0.17549181850659,0.00112765788034608,2.29249654719188,"latent mixture",56,2056,"strict equifinality"
100,0.174990752151718,0.174465831783615,0.000524920368102783,0.89261662203577,"latent mixture",56,2056,"strict equifinality"
25,0.39113169248803,0.0132365590811011,0.377895133406929,2885.66498899533,"sample-space reduction",56,2056,"strict equifinality"
50,0.366506528918366,0.0156313506378659,0.3508751782805,1755.64120185847,"sample-space reduction",56,2056,"strict equifinality"
100,0.346515292788368,0.0264136550363878,0.32010163775198,1725.15663811546,"sample-space reduction",56,2056,"strict equifinality"
25,0.00191337272636294,0.00179390310151636,0.000119469624846583,1.56382379316132,"finite Zipf reference",57,2057,"strict equifinality"
50,0.00571214572372235,0.00597915615012513,-0.000267010426402785,-1.67100399562698,"finite Zipf reference",57,2057,"strict equifinality"
100,0.0173658468083502,0.0174902247891981,-0.000124377980847867,-0.649046696701322,"finite Zipf reference",57,2057,"strict equifinality"
25,0.178230582206446,0.00192388001410322,0.176306702192343,1508.96005925902,"Zipf Markov control",57,2057,"strict equifinality"
50,0.1961623817771,0.00615478888581157,0.190007592891289,1278.14464094856,"Zipf Markov control",57,2057,"strict equifinality"
100,0.21697179221315,0.0179009061457221,0.199070886067427,1212.70298301187,"Zipf Markov control",57,2057,"strict equifinality"
25,0.20537653189639,0.205663906811274,-0.000287374914884148,-0.422532870227151,"latent mixture",57,2057,"strict equifinality"
50,0.192599704877786,0.193116178341119,-0.000516473463333389,-1.02441874891338,"latent mixture",57,2057,"strict equifinality"
100,0.188314376207381,0.188640956117631,-0.00032657991024973,-0.813669832361123,"latent mixture",57,2057,"strict equifinality"
25,0.391098582334007,0.0133335026722432,0.377765079661764,2885.2398288496,"sample-space reduction",57,2057,"strict equifinality"
50,0.367022667641601,0.0157502710329839,0.351272396608617,1883.91667634122,"sample-space reduction",57,2057,"strict equifinality"
100,0.346331312619393,0.0265452041065741,0.319786108512819,1749.19779871228,"sample-space reduction",57,2057,"strict equifinality"
25,0.00191542825826258,0.00182020545625214,9.52228020104462e-05,1.05175712714192,"finite Zipf reference",58,2058,"strict equifinality"
50,0.00612898621960756,0.00603328010015109,9.57061194564717e-05,0.628529498178558,"finite Zipf reference",58,2058,"strict equifinality"
100,0.0175148243274209,0.0175901087890339,-7.52844616129754e-05,-0.410734100628403,"finite Zipf reference",58,2058,"strict equifinality"
25,0.181720854863291,0.00189263680415818,0.179828218059133,1668.21739305319,"Zipf Markov control",58,2058,"strict equifinality"
50,0.198149687385292,0.00615033848007929,0.191999348905212,1221.24044825706,"Zipf Markov control",58,2058,"strict equifinality"
100,0.218806679457027,0.0177673837145151,0.201039295742512,893.603608898777,"Zipf Markov control",58,2058,"strict equifinality"
25,0.210918321855266,0.211893226617677,-0.00097490476241105,-1.69801889334382,"latent mixture",58,2058,"strict equifinality"
50,0.198794378929718,0.199563023055214,-0.000768644125496071,-1.56406720272734,"latent mixture",58,2058,"strict equifinality"
100,0.193342443674584,0.193650987971452,-0.00030854429686783,-0.657695904380546,"latent mixture",58,2058,"strict equifinality"
25,0.391819838092028,0.0133024502376512,0.378517387854377,3093.6725059873,"sample-space reduction",58,2058,"strict equifinality"
50,0.366223793954023,0.0157315428371604,0.350492251116862,1758.44591484203,"sample-space reduction",58,2058,"strict equifinality"
100,0.346953207843826,0.0265167932645258,0.320436414579301,1482.21730324433,"sample-space reduction",58,2058,"strict equifinality"
25,0.00177759500445927,0.00173861405943742,3.89809450218495e-05,0.353935406812425,"finite Zipf reference",59,2059,"strict equifinality"
50,0.00600241592168139,0.00597211295809276,3.0302963588625e-05,0.17488816164099,"finite Zipf reference",59,2059,"strict equifinality"
100,0.0177252510780638,0.0175697165241495,0.000155534553914306,0.61934389899376,"finite Zipf reference",59,2059,"strict equifinality"
25,0.179792862964413,0.00190454837499662,0.177888314589416,1701.64955357694,"Zipf Markov control",59,2059,"strict equifinality"
50,0.194867954608812,0.00616225556386966,0.188705699044942,951.627579939331,"Zipf Markov control",59,2059,"strict equifinality"
100,0.215525180142852,0.0177829609889762,0.197742219153876,789.284637047332,"Zipf Markov control",59,2059,"strict equifinality"
25,0.216522494648776,0.21648108361867,4.14110301061865e-05,0.0593278840117028,"latent mixture",59,2059,"strict equifinality"
50,0.202242838211002,0.201880037011807,0.000362801199195323,0.640555993872333,"latent mixture",59,2059,"strict equifinality"
100,0.198216537312464,0.198257715107923,-4.11777954593406e-05,-0.0704304845947274,"latent mixture",59,2059,"strict equifinality"
25,0.389990229092557,0.0133538823462278,0.376636346746329,3085.85338298782,"sample-space reduction",59,2059,"strict equifinality"
50,0.36436460884334,0.0158137996851402,0.3485508091582,1594.45372208301,"sample-space reduction",59,2059,"strict equifinality"
100,0.344702206889397,0.0266354164434797,0.318066790445918,1515.76178532731,"sample-space reduction",59,2059,"strict equifinality"
25,0.00191370520589649,0.00178507909710663,0.000128626108789859,1.06008958704433,"finite Zipf reference",60,2060,"strict equifinality"
50,0.00597172968438486,0.00594928447181138,2.24452125734869e-05,0.153866397482305,"finite Zipf reference",60,2060,"strict equifinality"
100,0.0174691176112551,0.0174631812756091,5.9363356459223e-06,0.0256896173720422,"finite Zipf reference",60,2060,"strict equifinality"
25,0.176763014439219,0.00187867746734691,0.174884336971873,1511.24417996121,"Zipf Markov control",60,2060,"strict equifinality"
50,0.191857229160803,0.00619633146214782,0.185660897698656,1088.92700299904,"Zipf Markov control",60,2060,"strict equifinality"
100,0.214463545454505,0.0179120411218935,0.196551504332612,961.781039600211,"Zipf Markov control",60,2060,"strict equifinality"
25,0.216523470336161,0.217567258011676,-0.00104378767551544,-1.21213983450945,"latent mixture",60,2060,"strict equifinality"
50,0.204698738766995,0.20497554401019,-0.000276805243194872,-0.432277634362115,"latent mixture",60,2060,"strict equifinality"
100,0.201166946235854,0.201387449866191,-0.000220503630337127,-0.372600034664845,"latent mixture",60,2060,"strict equifinality"
25,0.392831898170941,0.0132651589908182,0.379566739180123,2598.38890860491,"sample-space reduction",60,2060,"strict equifinality"
50,0.365223667144443,0.0156828490469756,0.349540818097467,1774.8586497521,"sample-space reduction",60,2060,"strict equifinality"
100,0.34616955788277,0.0265280154794036,0.319641542403366,2040.06571364781,"sample-space reduction",60,2060,"strict equifinality"
25,0.0019255884022027,0.00177555912647451,0.00015002927572819,1.17577363181634,"finite Zipf reference",61,2061,"strict equifinality"
50,0.00646638844349426,0.00596737475568078,0.000499013687813477,2.80521684334751,"finite Zipf reference",61,2061,"strict equifinality"
100,0.0177268494985461,0.017503408594335,0.000223440904211024,1.02194682856609,"finite Zipf reference",61,2061,"strict equifinality"
25,0.180385586161418,0.00190486655478846,0.17848071960663,1582.16277411686,"Zipf Markov control",61,2061,"strict equifinality"
50,0.193827415998408,0.0061497657760775,0.18767765022233,1900.55347939661,"Zipf Markov control",61,2061,"strict equifinality"
100,0.215265445329934,0.0178043726073653,0.197461072722569,1081.4226928715,"Zipf Markov control",61,2061,"strict equifinality"
25,0.204477951621367,0.204526269383292,-4.8317761924932e-05,-0.0530317395784997,"latent mixture",61,2061,"strict equifinality"
50,0.194241305022906,0.194118540309777,0.000122764713129719,0.202925641747485,"latent mixture",61,2061,"strict equifinality"
100,0.192627367845622,0.192458337195076,0.00016903065054541,0.426901424464896,"latent mixture",61,2061,"strict equifinality"
25,0.392398438262862,0.0132135175088468,0.379184920754015,3529.01818633019,"sample-space reduction",61,2061,"strict equifinality"
50,0.366817805367797,0.0157638571954032,0.351053948172393,2523.04428906664,"sample-space reduction",61,2061,"strict equifinality"
100,0.347549169360192,0.0266379444637455,0.320911224896446,1771.13826594368,"sample-space reduction",61,2061,"strict equifinality"
25,0.00178862211281842,0.00178445850716395,4.16360565446447e-06,0.0412543738246152,"finite Zipf reference",62,2062,"strict equifinality"
50,0.00600365829797916,0.00596444619144937,3.92121065297957e-05,0.223271558033589,"finite Zipf reference",62,2062,"strict equifinality"
100,0.0179945644465993,0.0175570929179166,0.000437471528682676,2.19992929221421,"finite Zipf reference",62,2062,"strict equifinality"
25,0.180356421640479,0.00194256642393662,0.178413855216542,1581.43290315806,"Zipf Markov control",62,2062,"strict equifinality"
50,0.195028415135666,0.00621698112379627,0.18881143401187,1323.66032754329,"Zipf Markov control",62,2062,"strict equifinality"
100,0.217679574706919,0.017909023909522,0.199770550797397,842.159438880485,"Zipf Markov control",62,2062,"strict equifinality"
25,0.204133446641945,0.203192604304981,0.000940842336964565,1.53515724876347,"latent mixture",62,2062,"strict equifinality"
50,0.192939967890438,0.192260095905169,0.000679871985269781,1.33913998567131,"latent mixture",62,2062,"strict equifinality"
100,0.1916550151998,0.19128978998959,0.000365225210210346,0.679519964565082,"latent mixture",62,2062,"strict equifinality"
25,0.392680615964027,0.0132772226377851,0.379403393326242,2677.21978718092,"sample-space reduction",62,2062,"strict equifinality"
50,0.366481920929624,0.0157060826116717,0.350775838317953,1849.22328819452,"sample-space reduction",62,2062,"strict equifinality"
100,0.34718678714735,0.0265313387116718,0.320655448435679,1436.93901616631,"sample-space reduction",62,2062,"strict equifinality"
25,0.00182786400362476,0.00182927179203004,-1.40778840528803e-06,-0.0137857208691041,"finite Zipf reference",63,2063,"strict equifinality"
50,0.0058740828074829,0.00601449699411224,-0.000140414186629342,-0.837707653396,"finite Zipf reference",63,2063,"strict equifinality"
100,0.0174575953054187,0.017503269825641,-4.5674520222326e-05,-0.224348528507185,"finite Zipf reference",63,2063,"strict equifinality"
25,0.177801727366451,0.00187167593940074,0.17593005142705,1310.50181554003,"Zipf Markov control",63,2063,"strict equifinality"
50,0.192993880998093,0.00618575614708512,0.186808124851008,993.154215184656,"Zipf Markov control",63,2063,"strict equifinality"
100,0.214130783181146,0.017858683350651,0.196272099830495,1004.36032418474,"Zipf Markov control",63,2063,"strict equifinality"
25,0.200883919674704,0.201440011650534,-0.000556091975830009,-1.13500026827112,"latent mixture",63,2063,"strict equifinality"
50,0.193116193950605,0.193797885921613,-0.000681691971008175,-1.4110241243562,"latent mixture",63,2063,"strict equifinality"
100,0.190008208121011,0.190249864677213,-0.000241656556202119,-0.537209418514314,"latent mixture",63,2063,"strict equifinality"
25,0.392176977881182,0.0133472934925966,0.378829684388585,3682.76125689351,"sample-space reduction",63,2063,"strict equifinality"
50,0.366089140783608,0.0158326896981773,0.350256451085431,2065.02058932102,"sample-space reduction",63,2063,"strict equifinality"
100,0.347621173432837,0.0266876414011344,0.320933532031703,1761.06061297294,"sample-space reduction",63,2063,"strict equifinality"
25,0.0018411815660098,0.00178245986993095,5.87216960788465e-05,0.529492946699349,"finite Zipf reference",64,2064,"strict equifinality"
50,0.00610710359314998,0.00601390443854263,9.3199154607349e-05,0.630796958610864,"finite Zipf reference",64,2064,"strict equifinality"
100,0.0174355925826072,0.0175501553238904,-0.000114562741283249,-0.649330093926441,"finite Zipf reference",64,2064,"strict equifinality"
25,0.176907001709965,0.00195786564625173,0.174949136063713,2110.29869869842,"Zipf Markov control",64,2064,"strict equifinality"
50,0.192400685514888,0.00620119075805718,0.186199494756831,1116.50475005955,"Zipf Markov control",64,2064,"strict equifinality"
100,0.214524416221514,0.0178495255323474,0.196674890689166,825.278229247261,"Zipf Markov control",64,2064,"strict equifinality"
25,0.181220147702737,0.180826209177957,0.000393938524779425,0.642213151541114,"latent mixture",64,2064,"strict equifinality"
50,0.174557079646181,0.174629066247079,-7.19866008979664e-05,-0.11889502398802,"latent mixture",64,2064,"strict equifinality"
100,0.175008388914523,0.17485833304453,0.000150055869993088,0.275017188650096,"latent mixture",64,2064,"strict equifinality"
25,0.393411787294068,0.0134351219599882,0.37997666533408,4061.30209808899,"sample-space reduction",64,2064,"strict equifinality"
50,0.367484981195902,0.015894264854514,0.351590716341388,2339.02703002559,"sample-space reduction",64,2064,"strict equifinality"
100,0.347179479113407,0.0266477707795924,0.320531708333814,1646.44954208529,"sample-space reduction",64,2064,"strict equifinality"
25,0.001896887972021,0.00177846436232553,0.00011842360969547,1.20233861472138,"finite Zipf reference",65,2065,"strict equifinality"
50,0.00604483185328612,0.00595591110067609,8.89207526100326e-05,0.505363293507201,"finite Zipf reference",65,2065,"strict equifinality"
100,0.0178613694487557,0.0175095513976098,0.0003518180511459,1.79996822525101,"finite Zipf reference",65,2065,"strict equifinality"
25,0.179655463089195,0.00188813086081913,0.177767332228376,1708.26397165963,"Zipf Markov control",65,2065,"strict equifinality"
50,0.194929997925487,0.00621275070543258,0.188717247220055,1706.02337233216,"Zipf Markov control",65,2065,"strict equifinality"
100,0.216821215896396,0.0178959609105749,0.198925254985821,992.797052450658,"Zipf Markov control",65,2065,"strict equifinality"
25,0.207891796128869,0.208461072688444,-0.000569276559574478,-0.760946437015802,"latent mixture",65,2065,"strict equifinality"
50,0.199903623688929,0.200573451761291,-0.000669828072361628,-1.14624857512134,"latent mixture",65,2065,"strict equifinality"
100,0.199501754459475,0.199956147650375,-0.000454393190899238,-0.819162412132281,"latent mixture",65,2065,"strict equifinality"
25,0.391231194428047,0.0133140947697038,0.377917099658343,3432.43665806019,"sample-space reduction",65,2065,"strict equifinality"
50,0.36576661762162,0.0156894806791789,0.350077136942441,2081.48124364333,"sample-space reduction",65,2065,"strict equifinality"
100,0.346541502705989,0.0265277155252979,0.320013787180691,1744.63302531989,"sample-space reduction",65,2065,"strict equifinality"
25,0.00176517644234312,0.00180218632193597,-3.70098795928458e-05,-0.263060490928796,"finite Zipf reference",66,2066,"strict equifinality"
50,0.00593942518195808,0.0059574911355379,-1.80659535798169e-05,-0.114388873120025,"finite Zipf reference",66,2066,"strict equifinality"
100,0.0174204025979039,0.0176030628626879,-0.000182660264784001,-1.37688883451977,"finite Zipf reference",66,2066,"strict equifinality"
25,0.175287225185575,0.00192566384111336,0.173361561344461,1587.31798853257,"Zipf Markov control",66,2066,"strict equifinality"
50,0.19182938314329,0.00622707594795969,0.18560230719533,1290.20827234112,"Zipf Markov control",66,2066,"strict equifinality"
100,0.211342018493922,0.0178640318773776,0.193477986616544,1084.93406055348,"Zipf Markov control",66,2066,"strict equifinality"
25,0.212312755110429,0.211586428856897,0.000726326253532528,1.11269713577256,"latent mixture",66,2066,"strict equifinality"
50,0.202498114049193,0.202443788877355,5.43251718387039e-05,0.116442999424847,"latent mixture",66,2066,"strict equifinality"
100,0.198764511672689,0.198588155464424,0.000176356208264922,0.319253337734025,"latent mixture",66,2066,"strict equifinality"
25,0.392835736826783,0.0132886307812321,0.379547106045551,2715.15100717741,"sample-space reduction",66,2066,"strict equifinality"
50,0.366661756815,0.0156810251652203,0.35098073164978,2265.876399396,"sample-space reduction",66,2066,"strict equifinality"
100,0.347169189334622,0.0264835028815931,0.320685686453029,1715.02683627815,"sample-space reduction",66,2066,"strict equifinality"
25,0.00195778500521851,0.00182693381692918,0.000130851188289339,1.23470542051315,"finite Zipf reference",67,2067,"strict equifinality"
50,0.00607404332828902,0.006056844492142,1.71988361470157e-05,0.101284063809532,"finite Zipf reference",67,2067,"strict equifinality"
100,0.0175291065317732,0.0176211257397463,-9.20192079730368e-05,-0.377434752222769,"finite Zipf reference",67,2067,"strict equifinality"
25,0.174856964269769,0.00187013302592722,0.172986831243842,1748.56584447818,"Zipf Markov control",67,2067,"strict equifinality"
50,0.192773428175104,0.00607154886134014,0.186701879313764,1182.06784124974,"Zipf Markov control",67,2067,"strict equifinality"
100,0.215561461719045,0.0178620961850215,0.197699365534024,1146.26895517162,"Zipf Markov control",67,2067,"strict equifinality"
25,0.214864545124815,0.214632015649435,0.000232529475380189,0.304213942499257,"latent mixture",67,2067,"strict equifinality"
50,0.198478325741572,0.198305132854097,0.000173192887475859,0.322829176414727,"latent mixture",67,2067,"strict equifinality"
100,0.192202757155875,0.191907688675225,0.000295068480650529,0.588742013573942,"latent mixture",67,2067,"strict equifinality"
25,0.392259253810374,0.0133073300626346,0.378951923747739,2412.05916034464,"sample-space reduction",67,2067,"strict equifinality"
50,0.366725726802986,0.0157483933167636,0.350977333486222,1562.51176224198,"sample-space reduction",67,2067,"strict equifinality"
100,0.346491215736076,0.0264107534615193,0.320080462274557,1287.4613850888,"sample-space reduction",67,2067,"strict equifinality"
25,0.00194718069813356,0.00178515623315969,0.000162024464973869,1.40871696414579,"finite Zipf reference",68,2068,"strict equifinality"
50,0.00599314567808746,0.0060109567666872,-1.78110885997408e-05,-0.101365941358852,"finite Zipf reference",68,2068,"strict equifinality"
100,0.0177299766087512,0.0175932728774418,0.000136703731309439,0.638240517301905,"finite Zipf reference",68,2068,"strict equifinality"
25,0.1785397616185,0.0019058370748553,0.176633924543645,1604.84057994164,"Zipf Markov control",68,2068,"strict equifinality"
50,0.195445796137399,0.00612797998957749,0.189317816147821,1297.73949540967,"Zipf Markov control",68,2068,"strict equifinality"
100,0.217953092002366,0.0178254057190869,0.200127686283279,1072.85122611235,"Zipf Markov control",68,2068,"strict equifinality"
25,0.215629388732079,0.216303839277777,-0.000674450545698174,-0.908402218531182,"latent mixture",68,2068,"strict equifinality"
50,0.202194402324064,0.20212771847673,6.66838473341314e-05,0.122645621204739,"latent mixture",68,2068,"strict equifinality"
100,0.195274217074651,0.19536376856956,-8.95514949096621e-05,-0.233821091184007,"latent mixture",68,2068,"strict equifinality"
25,0.392379888855499,0.0132267125739259,0.379153176281573,4955.71472914275,"sample-space reduction",68,2068,"strict equifinality"
50,0.368347784523473,0.0156835143353084,0.352664270188164,2450.62240459918,"sample-space reduction",68,2068,"strict equifinality"
100,0.34722565849915,0.0265195365921369,0.320706121907013,1333.8608279652,"sample-space reduction",68,2068,"strict equifinality"
25,0.00183271781636781,0.00178428384338009,4.84339729877237e-05,0.495406491368503,"finite Zipf reference",69,2069,"strict equifinality"
50,0.00610919126102669,0.00597453307457343,0.000134658186453264,0.950512014444346,"finite Zipf reference",69,2069,"strict equifinality"
100,0.0175160127059225,0.0176039806780912,-8.7967972168642e-05,-0.422259117168825,"finite Zipf reference",69,2069,"strict equifinality"
25,0.172916864677335,0.00192423662767323,0.170992628049662,1414.91809408169,"Zipf Markov control",69,2069,"strict equifinality"
50,0.1916198956578,0.00625496197103026,0.18536493368677,1488.01171902052,"Zipf Markov control",69,2069,"strict equifinality"
100,0.214532321991743,0.0179644376979882,0.196567884293755,1131.89233322069,"Zipf Markov control",69,2069,"strict equifinality"
25,0.194114245491144,0.193181914345116,0.000932331146027782,1.57430342797259,"latent mixture",69,2069,"strict equifinality"
50,0.184856797302252,0.184985369105422,-0.000128571803170607,-0.22406735556974,"latent mixture",69,2069,"strict equifinality"
100,0.184426445949086,0.184385982702955,4.04632461311893e-05,0.0893627317052235,"latent mixture",69,2069,"strict equifinality"
25,0.394255090264191,0.0132518973295361,0.381003192934655,4033.59157746883,"sample-space reduction",69,2069,"strict equifinality"
50,0.368719934257246,0.0157652243247197,0.352954709932526,1842.8506412149,"sample-space reduction",69,2069,"strict equifinality"
100,0.348241759007473,0.0266279841348467,0.321613774872626,1591.29697251083,"sample-space reduction",69,2069,"strict equifinality"
25,0.00188161541114335,0.00177880582131519,0.00010280958982816,1.0099023041094,"finite Zipf reference",70,2070,"strict equifinality"
50,0.00610349655550358,0.00600602805531811,9.74685001854719e-05,0.570404619467375,"finite Zipf reference",70,2070,"strict equifinality"
100,0.0178110288843027,0.0175822956357653,0.000228733248537401,1.07293635227386,"finite Zipf reference",70,2070,"strict equifinality"
25,0.178368185762596,0.00193643734951647,0.17643174841308,1152.60542342865,"Zipf Markov control",70,2070,"strict equifinality"
50,0.194583265384172,0.00612039023635844,0.188462875147813,1340.05103950615,"Zipf Markov control",70,2070,"strict equifinality"
100,0.215565540581776,0.0177359374340023,0.197829603147773,1044.56557057231,"Zipf Markov control",70,2070,"strict equifinality"
25,0.214062541158685,0.213978702045526,8.38391131592064e-05,0.105443224443592,"latent mixture",70,2070,"strict equifinality"
50,0.198206665026232,0.198088554767458,0.000118110258774284,0.186162270992595,"latent mixture",70,2070,"strict equifinality"
100,0.192866140301884,0.193236679383823,-0.000370539081938903,-0.618984981858019,"latent mixture",70,2070,"strict equifinality"
25,0.391788919259613,0.0133252578678076,0.378463661391805,3593.69019415972,"sample-space reduction",70,2070,"strict equifinality"
50,0.366309380604562,0.0157740618214082,0.350535318783154,2115.35347166788,"sample-space reduction",70,2070,"strict equifinality"
100,0.345897778801487,0.0267472059117337,0.319150572889754,1509.34839372499,"sample-space reduction",70,2070,"strict equifinality"
25,0.00179453370744463,0.00181455866222812,-2.00249547834931e-05,-0.257323987582512,"finite Zipf reference",71,2071,"strict equifinality"
50,0.00606175935374648,0.0060520894871154,9.66986663107801e-06,0.0561067972742886,"finite Zipf reference",71,2071,"strict equifinality"
100,0.017356088478202,0.0175521908032959,-0.000196102325093924,-0.916517985110302,"finite Zipf reference",71,2071,"strict equifinality"
25,0.177923354742308,0.00189087265093707,0.176032482091371,1707.25470996493,"Zipf Markov control",71,2071,"strict equifinality"
50,0.195477887808768,0.00616274219012075,0.189315145618647,915.543851928523,"Zipf Markov control",71,2071,"strict equifinality"
100,0.217675466646999,0.01785729865774,0.199818167989259,1133.20891699448,"Zipf Markov control",71,2071,"strict equifinality"
25,0.211653833946844,0.211982336983473,-0.00032850303662943,-0.468277968569962,"latent mixture",71,2071,"strict equifinality"
50,0.195710733746351,0.195766872115508,-5.61383691569106e-05,-0.0909669243575885,"latent mixture",71,2071,"strict equifinality"
100,0.189009064401127,0.18923339213894,-0.000224327737813501,-0.359324463695517,"latent mixture",71,2071,"strict equifinality"
25,0.389725337648304,0.0134159970077686,0.376309340640535,3494.67545921116,"sample-space reduction",71,2071,"strict equifinality"
50,0.363805299725874,0.0158832495763563,0.347922050149518,2110.58922415247,"sample-space reduction",71,2071,"strict equifinality"
100,0.344091918374809,0.0266877092572562,0.317404209117553,1537.43647646755,"sample-space reduction",71,2071,"strict equifinality"
25,0.00155294385359228,0.00181598459524709,-0.000263040741654815,-2.42046259100731,"finite Zipf reference",72,2072,"strict equifinality"
50,0.00584952855416763,0.00600596537469277,-0.000156436820525136,-1.1830764409967,"finite Zipf reference",72,2072,"strict equifinality"
100,0.0173451703815004,0.017577356659528,-0.000232186278027582,-1.24607181230271,"finite Zipf reference",72,2072,"strict equifinality"
25,0.178598409531746,0.00195517544614003,0.176643234085606,1330.2491737961,"Zipf Markov control",72,2072,"strict equifinality"
50,0.193598693205733,0.00623665092823569,0.187362042277497,1245.31719868953,"Zipf Markov control",72,2072,"strict equifinality"
100,0.214911495707533,0.0178914755685408,0.197020020138992,748.321559051495,"Zipf Markov control",72,2072,"strict equifinality"
25,0.21342027485325,0.21270771206639,0.000712562786859466,1.12141111602636,"latent mixture",72,2072,"strict equifinality"
50,0.202289398824377,0.201782990662242,0.000506408162134847,0.87367439316201,"latent mixture",72,2072,"strict equifinality"
100,0.197595197286422,0.19704847107822,0.000546726208202009,0.869027076810084,"latent mixture",72,2072,"strict equifinality"
25,0.393716121603516,0.0131054671219132,0.380610654481603,3063.8665097291,"sample-space reduction",72,2072,"strict equifinality"
50,0.367503313685412,0.0155400852499986,0.351963228435414,1872.13528186816,"sample-space reduction",72,2072,"strict equifinality"
100,0.346864629135036,0.0263244632652944,0.320540165869741,1285.40988492372,"sample-space reduction",72,2072,"strict equifinality"
25,0.00204543500648581,0.00176927481813014,0.000276160188355672,3.23136708587697,"finite Zipf reference",73,2073,"strict equifinality"
50,0.00615383370915655,0.00600005509001131,0.000153778619145238,0.95408243824278,"finite Zipf reference",73,2073,"strict equifinality"
100,0.0177657698788706,0.0175385328168659,0.000227237062004775,1.02218259951316,"finite Zipf reference",73,2073,"strict equifinality"
25,0.178493695022861,0.00188362003107986,0.176610074991782,1512.94636154454,"Zipf Markov control",73,2073,"strict equifinality"
50,0.194101602560091,0.00614246419993383,0.187959138360157,1316.82500483938,"Zipf Markov control",73,2073,"strict equifinality"
100,0.214728873317872,0.0177738490991286,0.196955024218744,733.02929559068,"Zipf Markov control",73,2073,"strict equifinality"
25,0.22867926958765,0.228826979729025,-0.000147710141375185,-0.233168723258727,"latent mixture",73,2073,"strict equifinality"
50,0.221057586195086,0.220371837973447,0.000685748221638721,1.15632436267299,"latent mixture",73,2073,"strict equifinality"
100,0.216406965344721,0.215442414645964,0.000964550698757671,2.01510808942367,"latent mixture",73,2073,"strict equifinality"
25,0.392147205865419,0.0132545724430628,0.378892633422356,3303.80389293489,"sample-space reduction",73,2073,"strict equifinality"
50,0.366171672711423,0.015693784198287,0.350477888513136,1914.53931782428,"sample-space reduction",73,2073,"strict equifinality"
100,0.346154260164949,0.0265631613792287,0.31959109878572,1422.54637874301,"sample-space reduction",73,2073,"strict equifinality"
25,0.00194481731488123,0.00177159890607077,0.000173218408810461,1.58085199608508,"finite Zipf reference",74,2074,"strict equifinality"
50,0.00620269029454963,0.00599803007750587,0.000204660217043766,1.05715669845391,"finite Zipf reference",74,2074,"strict equifinality"
100,0.0177281328349777,0.0175770027566238,0.000151130078353903,0.68351577044135,"finite Zipf reference",74,2074,"strict equifinality"
25,0.178507617336747,0.00187461160595472,0.176633005730792,1670.59496175045,"Zipf Markov control",74,2074,"strict equifinality"
50,0.195842209525073,0.00611700449522543,0.189725205029848,1260.84777009393,"Zipf Markov control",74,2074,"strict equifinality"
100,0.21815187969462,0.0178620410789841,0.200289838615636,1325.11638088888,"Zipf Markov control",74,2074,"strict equifinality"
25,0.21650851333595,0.216927620961628,-0.000419107625678483,-0.583043828590278,"latent mixture",74,2074,"strict equifinality"
50,0.206851699710826,0.207581077508086,-0.000729377797259873,-1.00804387031392,"latent mixture",74,2074,"strict equifinality"
100,0.202336501585976,0.203084282235864,-0.000747780649888452,-1.09758703026981,"latent mixture",74,2074,"strict equifinality"
25,0.391007773869996,0.013346738836381,0.377661035033615,2569.54200198891,"sample-space reduction",74,2074,"strict equifinality"
50,0.365458213375184,0.0158089731233369,0.349649240251847,2082.83435418009,"sample-space reduction",74,2074,"strict equifinality"
100,0.345612890388547,0.0266280520171275,0.318984838371419,1843.80129379998,"sample-space reduction",74,2074,"strict equifinality"
25,0.00160385368637939,0.0018054002560417,-0.000201546569662312,-2.29699472220735,"finite Zipf reference",75,2075,"strict equifinality"
50,0.00577353963338953,0.00595354855427268,-0.000180008920883156,-1.20940784392653,"finite Zipf reference",75,2075,"strict equifinality"
100,0.0173397870216639,0.0175214302272492,-0.000181643205585259,-1.16220096107515,"finite Zipf reference",75,2075,"strict equifinality"
25,0.176573695780973,0.0019031352284032,0.174670560552569,1359.9606756288,"Zipf Markov control",75,2075,"strict equifinality"
50,0.193089953951826,0.00621449720835321,0.186875456743473,1112.61062703855,"Zipf Markov control",75,2075,"strict equifinality"
100,0.215925529025842,0.0178857490838146,0.198039779942027,1166.4898744914,"Zipf Markov control",75,2075,"strict equifinality"
25,0.212220514182589,0.211775765011935,0.000444749170654013,0.733973110302384,"latent mixture",75,2075,"strict equifinality"
50,0.200475412540604,0.200066149122103,0.000409263418501532,0.677508630356571,"latent mixture",75,2075,"strict equifinality"
100,0.196788317340384,0.196301710272778,0.000486607067605921,0.960062405689952,"latent mixture",75,2075,"strict equifinality"
25,0.39188015963852,0.0132149027818062,0.378665256856714,2764.68007630774,"sample-space reduction",75,2075,"strict equifinality"
50,0.366795251553054,0.0156550845423735,0.351140167010681,1936.69816572046,"sample-space reduction",75,2075,"strict equifinality"
100,0.346320259581379,0.0265054147562697,0.31981484482511,1585.28446982171,"sample-space reduction",75,2075,"strict equifinality"
25,0.00178121514891111,0.00176070504011812,2.05101087929955e-05,0.22564321043772,"finite Zipf reference",76,2076,"strict equifinality"
50,0.00601265143492823,0.00597028046651471,4.23709684135203e-05,0.397161820300629,"finite Zipf reference",76,2076,"strict equifinality"
100,0.017354237619515,0.017514853660396,-0.000160616040880995,-1.47511330034453,"finite Zipf reference",76,2076,"strict equifinality"
25,0.175361455145543,0.00191720883051109,0.173444246315032,1720.7568916892,"Zipf Markov control",76,2076,"strict equifinality"
50,0.191866141511265,0.00618395181583007,0.185682189695435,1635.47008945765,"Zipf Markov control",76,2076,"strict equifinality"
100,0.214627779916029,0.0178922313639494,0.19673554855208,975.233033652492,"Zipf Markov control",76,2076,"strict equifinality"
25,0.205111468111888,0.205158917092216,-4.74489803286293e-05,-0.0561328126937735,"latent mixture",76,2076,"strict equifinality"
50,0.196630434332714,0.196578146374055,5.22879586581371e-05,0.0861284959961863,"latent mixture",76,2076,"strict equifinality"
100,0.196096031652249,0.196130706683022,-3.46750307737009e-05,-0.0635551493459868,"latent mixture",76,2076,"strict equifinality"
25,0.392867798480142,0.0133391292354265,0.379528669244715,5178.84909306291,"sample-space reduction",76,2076,"strict equifinality"
50,0.366558616362441,0.015779386104827,0.350779230257614,2576.34586479457,"sample-space reduction",76,2076,"strict equifinality"
100,0.346833027155403,0.0265242028442441,0.320308824311159,1838.07852615996,"sample-space reduction",76,2076,"strict equifinality"
25,0.00180889496244918,0.00180547388848517,3.42107396401458e-06,0.0386646371421768,"finite Zipf reference",77,2077,"strict equifinality"
50,0.00615537335636791,0.00597862510328264,0.000176748253085276,1.30685878525118,"finite Zipf reference",77,2077,"strict equifinality"
100,0.0176648739594605,0.0175493769963953,0.000115496963065238,0.606463189425104,"finite Zipf reference",77,2077,"strict equifinality"
25,0.178941622787892,0.00193753069027123,0.177004092097621,1543.85257859235,"Zipf Markov control",77,2077,"strict equifinality"
50,0.194486286976115,0.00616687001713353,0.188319416958982,1177.65621340501,"Zipf Markov control",77,2077,"strict equifinality"
100,0.216528189041322,0.0177942937449676,0.198733895296354,959.237193878679,"Zipf Markov control",77,2077,"strict equifinality"
25,0.206512775641084,0.207577329399917,-0.00106455375883333,-1.31805885406668,"latent mixture",77,2077,"strict equifinality"
50,0.192723545669312,0.193978143087729,-0.00125459741841777,-2.15475782929782,"latent mixture",77,2077,"strict equifinality"
100,0.188614235930234,0.189825878984763,-0.00121164305452892,-2.59610063299226,"latent mixture",77,2077,"strict equifinality"
25,0.393523163493511,0.0132978307835889,0.380225332709923,3280.76436458155,"sample-space reduction",77,2077,"strict equifinality"
50,0.367286769086585,0.0157789255076701,0.351507843578915,1960.10844496652,"sample-space reduction",77,2077,"strict equifinality"
100,0.346914961144744,0.0265509025586192,0.320364058586125,1337.03667119568,"sample-space reduction",77,2077,"strict equifinality"
25,0.0019051607312489,0.00178268538242785,0.00012247534882105,1.39150655115243,"finite Zipf reference",78,2078,"strict equifinality"
50,0.00612933338851903,0.00602319820838785,0.000106135180131175,0.909174960515778,"finite Zipf reference",78,2078,"strict equifinality"
100,0.0176498211266382,0.0175883889127049,6.14322139333261e-05,0.32729482861052,"finite Zipf reference",78,2078,"strict equifinality"
25,0.177212148375774,0.00194104531323911,0.175271103062535,1628.59509097632,"Zipf Markov control",78,2078,"strict equifinality"
50,0.19467891257351,0.00616025265932465,0.188518659914185,1558.35745997964,"Zipf Markov control",78,2078,"strict equifinality"
100,0.21771555455583,0.0178805569279839,0.199834997627846,1030.2260247665,"Zipf Markov control",78,2078,"strict equifinality"
25,0.2230517189627,0.221420363833957,0.00163135512874207,1.96336998297207,"latent mixture",78,2078,"strict equifinality"
50,0.207089092456919,0.205809984111335,0.00127910834558453,1.88994079393384,"latent mixture",78,2078,"strict equifinality"
100,0.199585245126432,0.198974237607487,0.000611007518945328,1.22745752514714,"latent mixture",78,2078,"strict equifinality"
25,0.393850804726965,0.0133016744498379,0.380549130277127,3089.24334197949,"sample-space reduction",78,2078,"strict equifinality"
50,0.368257908150177,0.0157252172705984,0.352532690879578,1819.56411522315,"sample-space reduction",78,2078,"strict equifinality"
100,0.348003825506805,0.0266469413995276,0.321356884107278,1619.66489954103,"sample-space reduction",78,2078,"strict equifinality"
25,0.00190693718233591,0.00181778195362589,8.91552287100154e-05,1.24570946072169,"finite Zipf reference",79,2079,"strict equifinality"
50,0.0060445745420205,0.00599388947677645,5.06850652440428e-05,0.370255947079121,"finite Zipf reference",79,2079,"strict equifinality"
100,0.0177157962970528,0.0175021257987146,0.00021367049833821,1.65714606319993,"finite Zipf reference",79,2079,"strict equifinality"
25,0.17551910351309,0.00193719105535718,0.173581912457732,1459.79587416118,"Zipf Markov control",79,2079,"strict equifinality"
50,0.191773618737034,0.00621997651563484,0.185553642221399,1279.87397369325,"Zipf Markov control",79,2079,"strict equifinality"
100,0.212789693248988,0.0179738369472642,0.194815856301723,1060.61462328752,"Zipf Markov control",79,2079,"strict equifinality"
25,0.205817561028525,0.20607346862729,-0.000255907598764871,-0.385898499228641,"latent mixture",79,2079,"strict equifinality"
50,0.196769175365012,0.196807317003045,-3.8141638032535e-05,-0.0584542352728741,"latent mixture",79,2079,"strict equifinality"
100,0.194180315305424,0.194981728158351,-0.000801412852927064,-1.52452596915936,"latent mixture",79,2079,"strict equifinality"
25,0.390726154467908,0.0132838319273136,0.377442322540595,3185.55247144972,"sample-space reduction",79,2079,"strict equifinality"
50,0.366053860225736,0.015774703497625,0.350279156728111,1751.41280574074,"sample-space reduction",79,2079,"strict equifinality"
100,0.345189103289635,0.0265505292961954,0.318638573993439,1317.50500022652,"sample-space reduction",79,2079,"strict equifinality"
25,0.00181096314619457,0.00182921024062985,-1.8247094435282e-05,-0.183394612169841,"finite Zipf reference",80,2080,"strict equifinality"
50,0.00614833398439386,0.00600874957900891,0.000139584405384952,0.834087989198578,"finite Zipf reference",80,2080,"strict equifinality"
100,0.0177411071665564,0.0175407051116765,0.000200402054879922,0.897044710826377,"finite Zipf reference",80,2080,"strict equifinality"
25,0.179609865618829,0.00190457729128708,0.177705288327542,1438.474744897,"Zipf Markov control",80,2080,"strict equifinality"
50,0.195621076572433,0.00613769278998805,0.189483383782445,1062.84762527909,"Zipf Markov control",80,2080,"strict equifinality"
100,0.216837860730755,0.0177875754914903,0.199050285239264,815.179100661684,"Zipf Markov control",80,2080,"strict equifinality"
25,0.219349808833018,0.22016921874522,-0.000819409912202779,-0.949618864133827,"latent mixture",80,2080,"strict equifinality"
50,0.2137064140532,0.214005544855718,-0.000299130802518005,-0.413149893743825,"latent mixture",80,2080,"strict equifinality"
100,0.209518973169578,0.210242175842994,-0.000723202673415246,-1.14351728843621,"latent mixture",80,2080,"strict equifinality"
25,0.391869574286095,0.0133383548799573,0.378531219406138,2710.43151777145,"sample-space reduction",80,2080,"strict equifinality"
50,0.365581768048834,0.0157442988918539,0.34983746915698,1944.37016341636,"sample-space reduction",80,2080,"strict equifinality"
100,0.346385394455599,0.0265990793751607,0.319786315080438,1025.1530770983,"sample-space reduction",80,2080,"strict equifinality"
25,0.00188811928557315,0.00178689545879822,0.00010122382677493,0.973472393423138,"finite Zipf reference",81,2081,"strict equifinality"
50,0.0059253270888206,0.00605550202233114,-0.000130174933510542,-0.988006472781304,"finite Zipf reference",81,2081,"strict equifinality"
100,0.0174680493587725,0.0175523476847384,-8.42983259658862e-05,-0.460652680815605,"finite Zipf reference",81,2081,"strict equifinality"
25,0.179468093484251,0.00191871159267664,0.177549381891574,1943.65176452752,"Zipf Markov control",81,2081,"strict equifinality"
50,0.194906429134718,0.00622812625945702,0.188678302875261,1472.46284341858,"Zipf Markov control",81,2081,"strict equifinality"
100,0.216997133520853,0.0178963612915329,0.19910077222932,1180.12677066047,"Zipf Markov control",81,2081,"strict equifinality"
25,0.223281619894988,0.224594516991852,-0.00131289709686419,-1.99320891035018,"latent mixture",81,2081,"strict equifinality"
50,0.209629701874105,0.210605816781021,-0.000976114906916126,-1.64948646843996,"latent mixture",81,2081,"strict equifinality"
100,0.203478364514728,0.204281737767102,-0.000803373252374007,-1.33016575650336,"latent mixture",81,2081,"strict equifinality"
25,0.392900710476997,0.0132753802346983,0.379625330242299,2952.02215414591,"sample-space reduction",81,2081,"strict equifinality"
50,0.367225211788299,0.0156898430641022,0.351535368724197,2452.75628115321,"sample-space reduction",81,2081,"strict equifinality"
100,0.346391691612164,0.0266226808750826,0.319769010737082,1411.74687241668,"sample-space reduction",81,2081,"strict equifinality"
25,0.00174004380165481,0.00180927649669788,-6.92326950430665e-05,-0.659178361588048,"finite Zipf reference",82,2082,"strict equifinality"
50,0.00611456478152937,0.00601523065540037,9.93341261289983e-05,0.662960566931542,"finite Zipf reference",82,2082,"strict equifinality"
100,0.0175445867953506,0.0175608673306574,-1.62805353067959e-05,-0.0736232635012678,"finite Zipf reference",82,2082,"strict equifinality"
25,0.175816809427254,0.00192332805711439,0.17389348137014,1484.22687021692,"Zipf Markov control",82,2082,"strict equifinality"
50,0.191977744385487,0.00621345071924614,0.18576429366624,1356.74479363916,"Zipf Markov control",82,2082,"strict equifinality"
100,0.21440526723279,0.0179658370627926,0.196439430169998,827.462338095761,"Zipf Markov control",82,2082,"strict equifinality"
25,0.20483385305451,0.205023298573094,-0.000189445518584297,-0.359374118287115,"latent mixture",82,2082,"strict equifinality"
50,0.195525061955613,0.195539590733147,-1.45287775341063e-05,-0.0295184956283333,"latent mixture",82,2082,"strict equifinality"
100,0.195576167990206,0.195344586357214,0.000231581632992389,0.575575067821593,"latent mixture",82,2082,"strict equifinality"
25,0.391434167565336,0.0133229506871296,0.378111216878206,3760.16008607071,"sample-space reduction",82,2082,"strict equifinality"
50,0.365765137871311,0.0157911871918723,0.349973950679439,2338.91007099837,"sample-space reduction",82,2082,"strict equifinality"
100,0.344545989048243,0.0265836735832277,0.317962315465015,1401.41193781098,"sample-space reduction",82,2082,"strict equifinality"
25,0.00161468354993121,0.00179753699438245,-0.000182853444451238,-2.03802909640856,"finite Zipf reference",83,2083,"strict equifinality"
50,0.00552257932266627,0.00598616146040152,-0.00046358213773525,-3.02544512485867,"finite Zipf reference",83,2083,"strict equifinality"
100,0.0170062220515844,0.0174813342523235,-0.000475112200739095,-2.91692103574867,"finite Zipf reference",83,2083,"strict equifinality"
25,0.178487498104167,0.00190334689956521,0.176584151204602,1963.36676490283,"Zipf Markov control",83,2083,"strict equifinality"
50,0.197056911615093,0.00622891932697256,0.19082799228812,988.686369600914,"Zipf Markov control",83,2083,"strict equifinality"
100,0.218000655183713,0.0179222382531138,0.200078416930599,1135.15251316488,"Zipf Markov control",83,2083,"strict equifinality"
25,0.20335322282473,0.202842132612231,0.00051109021249815,0.86253000996462,"latent mixture",83,2083,"strict equifinality"
50,0.195111889557596,0.194577423735561,0.00053446582203473,0.79175860581535,"latent mixture",83,2083,"strict equifinality"
100,0.194936581140271,0.194388364194576,0.00054821694569468,1.03041252130506,"latent mixture",83,2083,"strict equifinality"
25,0.390977682775449,0.013262100015192,0.377715582760257,3048.57476533511,"sample-space reduction",83,2083,"strict equifinality"
50,0.366254399274989,0.0156821958339582,0.35057220344103,2176.73118525268,"sample-space reduction",83,2083,"strict equifinality"
100,0.346583227727303,0.0264304578906687,0.320152769836634,1239.65672978547,"sample-space reduction",83,2083,"strict equifinality"
25,0.00187163236480939,0.00180707805666298,6.45543081464104e-05,0.577942622262341,"finite Zipf reference",84,2084,"strict equifinality"
50,0.0061892440095437,0.00608420330777674,0.000105040701766967,0.63668498562496,"finite Zipf reference",84,2084,"strict equifinality"
100,0.0176932432388979,0.0176527308948474,4.05123440505306e-05,0.253473170207107,"finite Zipf reference",84,2084,"strict equifinality"
25,0.177635339010719,0.00195375434749391,0.175681584663225,1239.94186334912,"Zipf Markov control",84,2084,"strict equifinality"
50,0.19429839631129,0.00625480184961898,0.188043594461671,1080.14354167213,"Zipf Markov control",84,2084,"strict equifinality"
100,0.216007796114982,0.017983857800526,0.198023938314456,948.592187301932,"Zipf Markov control",84,2084,"strict equifinality"
25,0.205543022790216,0.206006133245032,-0.000463110454815424,-0.637831878138172,"latent mixture",84,2084,"strict equifinality"
50,0.186631833649199,0.187028080989418,-0.000396247340218758,-0.835996892440497,"latent mixture",84,2084,"strict equifinality"
100,0.180979141202343,0.181028752093851,-4.96108915075955e-05,-0.101209390829964,"latent mixture",84,2084,"strict equifinality"
25,0.39230285979215,0.0132800946065984,0.379022765185551,2966.57586503801,"sample-space reduction",84,2084,"strict equifinality"
50,0.366109007625478,0.015699993762411,0.350409013863067,2111.12804532598,"sample-space reduction",84,2084,"strict equifinality"
100,0.346235071874852,0.0265554530330079,0.319679618841844,1411.7333604539,"sample-space reduction",84,2084,"strict equifinality"
25,0.0017224067061479,0.00175653469494834,-3.4127988800444e-05,-0.27324405498096,"finite Zipf reference",85,2085,"strict equifinality"
50,0.00607132802373526,0.00598797415892727,8.33538648079835e-05,0.625264095953003,"finite Zipf reference",85,2085,"strict equifinality"
100,0.0176810466903934,0.0175053340183394,0.000175712672053959,0.874939527133525,"finite Zipf reference",85,2085,"strict equifinality"
25,0.17907868400281,0.001928843443862,0.177149840558948,2271.63419909363,"Zipf Markov control",85,2085,"strict equifinality"
50,0.195125409956534,0.00619188586051733,0.188933524096017,1354.47986220219,"Zipf Markov control",85,2085,"strict equifinality"
100,0.21599761406727,0.0179358716289947,0.198061742438275,1116.9376875061,"Zipf Markov control",85,2085,"strict equifinality"
25,0.210299105973692,0.21111983327789,-0.000820727304197827,-1.07673313148693,"latent mixture",85,2085,"strict equifinality"
50,0.202678995945208,0.203776718899441,-0.00109772295423291,-1.65955195775651,"latent mixture",85,2085,"strict equifinality"
100,0.200863002211912,0.201998564292263,-0.00113556208035076,-1.82701803563386,"latent mixture",85,2085,"strict equifinality"
25,0.391920237847669,0.0133438527974184,0.378576385050251,3355.78313975747,"sample-space reduction",85,2085,"strict equifinality"
50,0.366443320976685,0.0158316517185483,0.350611669258136,1536.35654544286,"sample-space reduction",85,2085,"strict equifinality"
100,0.345486516510103,0.0265632609148661,0.318923255595237,1097.91779372545,"sample-space reduction",85,2085,"strict equifinality"
25,0.00182515309686819,0.00175945193486733,6.57011620008655e-05,0.507562717301538,"finite Zipf reference",86,2086,"strict equifinality"
50,0.00628344769868528,0.00600223157811457,0.000281216120570719,1.87614661016599,"finite Zipf reference",86,2086,"strict equifinality"
100,0.0178503220335299,0.0175792418293816,0.000271080204148254,1.99650943810033,"finite Zipf reference",86,2086,"strict equifinality"
25,0.177361107187001,0.001923445636943,0.175437661550058,1795.52450597387,"Zipf Markov control",86,2086,"strict equifinality"
50,0.19372646384478,0.00623497988539493,0.187491483959385,1250.99451837344,"Zipf Markov control",86,2086,"strict equifinality"
100,0.215219516742857,0.0180422153152698,0.197177301427587,923.813651072621,"Zipf Markov control",86,2086,"strict equifinality"
25,0.19753141711704,0.197226397058729,0.000305020058310901,0.446745475924917,"latent mixture",86,2086,"strict equifinality"
50,0.187687540096832,0.187467171005307,0.00022036909152498,0.406258874878739,"latent mixture",86,2086,"strict equifinality"
100,0.187391231077183,0.187313400486091,7.78305910921484e-05,0.15921819798042,"latent mixture",86,2086,"strict equifinality"
25,0.391270497033228,0.013342973878208,0.37792752315502,2999.80199989435,"sample-space reduction",86,2086,"strict equifinality"
50,0.36572039399687,0.0157876565797747,0.349932737417095,1907.36420639574,"sample-space reduction",86,2086,"strict equifinality"
100,0.345703854566817,0.0265685979749742,0.319135256591843,1369.81043351607,"sample-space reduction",86,2086,"strict equifinality"
25,0.00177090436163653,0.00184603880731948,-7.51344456829462e-05,-0.780183769279237,"finite Zipf reference",87,2087,"strict equifinality"
50,0.00592510752865287,0.00604622834657412,-0.000121120817921242,-0.830600927291404,"finite Zipf reference",87,2087,"strict equifinality"
100,0.0175389856510811,0.0175739454887841,-3.49598377030573e-05,-0.177842479953729,"finite Zipf reference",87,2087,"strict equifinality"
25,0.178651358562424,0.00190767776573435,0.17674368079669,1690.57641511389,"Zipf Markov control",87,2087,"strict equifinality"
50,0.194685621028498,0.00615554539186809,0.18853007563663,1330.126611863,"Zipf Markov control",87,2087,"strict equifinality"
100,0.216506848480747,0.0178617864252095,0.198645062055538,1316.67048834763,"Zipf Markov control",87,2087,"strict equifinality"
25,0.205278519731659,0.206503833560177,-0.0012253138285177,-1.63402887431918,"latent mixture",87,2087,"strict equifinality"
50,0.192345715477961,0.193288833649023,-0.000943118171061713,-1.77075972548698,"latent mixture",87,2087,"strict equifinality"
100,0.189432150148769,0.190231644431157,-0.000799494282388236,-1.62936007996696,"latent mixture",87,2087,"strict equifinality"
25,0.389996037577638,0.013232070360029,0.376763967217609,3499.08775449343,"sample-space reduction",87,2087,"strict equifinality"
50,0.364876264076511,0.0157245018477072,0.349151762228803,2478.97857795881,"sample-space reduction",87,2087,"strict equifinality"
100,0.345598705417936,0.0265006387487192,0.319098066669217,1650.99968298157,"sample-space reduction",87,2087,"strict equifinality"
25,0.00196787787077028,0.00180285175424477,0.00016502611652551,1.24305869350574,"finite Zipf reference",88,2088,"strict equifinality"
50,0.00623019379570559,0.00603424252441823,0.000195951271287357,1.09099478607898,"finite Zipf reference",88,2088,"strict equifinality"
100,0.0176948527024079,0.0176375431227422,5.73095796657097e-05,0.305974369348801,"finite Zipf reference",88,2088,"strict equifinality"
25,0.177451001358186,0.00189514801019433,0.175555853347992,1727.07069613006,"Zipf Markov control",88,2088,"strict equifinality"
50,0.195073038823633,0.00616849133506647,0.188904547488567,1224.45843004169,"Zipf Markov control",88,2088,"strict equifinality"
100,0.217574585430401,0.0178252510489666,0.199749334381434,881.693210561884,"Zipf Markov control",88,2088,"strict equifinality"
25,0.202154782710713,0.201726648100697,0.000428134610016173,0.591194283522228,"latent mixture",88,2088,"strict equifinality"
50,0.190168949844055,0.189765349942861,0.000403599901194346,0.546123939763305,"latent mixture",88,2088,"strict equifinality"
100,0.18816805818209,0.187601117563888,0.000566940618201534,0.864647494130892,"latent mixture",88,2088,"strict equifinality"
25,0.392387735727317,0.013329539846823,0.379058195880493,2799.99049058017,"sample-space reduction",88,2088,"strict equifinality"
50,0.366086757143114,0.0157205075412424,0.350366249601872,2438.7979198559,"sample-space reduction",88,2088,"strict equifinality"
100,0.34621742309678,0.026579643010913,0.319637780085866,1706.95892934532,"sample-space reduction",88,2088,"strict equifinality"
25,0.00178927703361175,0.00178853074436516,7.46289246591559e-07,0.00559848788316252,"finite Zipf reference",89,2089,"strict equifinality"
50,0.00579867810876511,0.00598231252654681,-0.000183634417781691,-1.06430642508198,"finite Zipf reference",89,2089,"strict equifinality"
100,0.0173911836412556,0.0175622233683323,-0.00017103972707673,-0.902323656621686,"finite Zipf reference",89,2089,"strict equifinality"
25,0.17687540298719,0.00190326304550278,0.174972139941688,1608.17897056433,"Zipf Markov control",89,2089,"strict equifinality"
50,0.192004060864577,0.00619403795519598,0.185810022909381,1222.50373620264,"Zipf Markov control",89,2089,"strict equifinality"
100,0.21490113900993,0.0179198292470294,0.1969813097629,919.615844101999,"Zipf Markov control",89,2089,"strict equifinality"
25,0.198079503688296,0.197891349016979,0.000188154671317053,0.334896216972586,"latent mixture",89,2089,"strict equifinality"
50,0.185408083185395,0.18577260226668,-0.00036451908128507,-0.848174181889536,"latent mixture",89,2089,"strict equifinality"
100,0.182278681475665,0.182288472861264,-9.79138559897841e-06,-0.0257948112820557,"latent mixture",89,2089,"strict equifinality"
25,0.391596137446063,0.0132997225881385,0.378296414857925,3378.76835647097,"sample-space reduction",89,2089,"strict equifinality"
50,0.364763282026101,0.0157882086243418,0.348975073401759,2524.48652858505,"sample-space reduction",89,2089,"strict equifinality"
100,0.345476261443903,0.0265670809765486,0.318909180467354,1773.37158427202,"sample-space reduction",89,2089,"strict equifinality"
25,0.00175083775760243,0.00175221651288424,-1.37875528180933e-06,-0.0164690536309594,"finite Zipf reference",90,2090,"strict equifinality"
50,0.0060930113098097,0.00597310090870246,0.000119910401107245,0.852379326514047,"finite Zipf reference",90,2090,"strict equifinality"
100,0.0175070967238304,0.0175075736928723,-4.76969041898062e-07,-0.0029748331209584,"finite Zipf reference",90,2090,"strict equifinality"
25,0.181629052534958,0.00192163803915317,0.179707414495805,2146.58978813215,"Zipf Markov control",90,2090,"strict equifinality"
50,0.196430986100625,0.00617504541522339,0.190255940685401,1491.70089826004,"Zipf Markov control",90,2090,"strict equifinality"
100,0.216834199278024,0.0178216963009514,0.199012502977073,912.01441008842,"Zipf Markov control",90,2090,"strict equifinality"
25,0.216240593957975,0.21526694490679,0.000973649051185549,1.41503275153098,"latent mixture",90,2090,"strict equifinality"
50,0.19991444581356,0.199098968386171,0.000815477427389327,1.31530928617568,"latent mixture",90,2090,"strict equifinality"
100,0.196427637513265,0.19551813012397,0.000909507389294822,1.94052873273743,"latent mixture",90,2090,"strict equifinality"
25,0.389957521054054,0.0133427991602935,0.37661472189376,3446.88322547908,"sample-space reduction",90,2090,"strict equifinality"
50,0.364324639418095,0.0157561577526268,0.348568481665468,1885.14190512377,"sample-space reduction",90,2090,"strict equifinality"
100,0.34578671466891,0.0266003571007014,0.319186357568208,1321.64787206424,"sample-space reduction",90,2090,"strict equifinality"
25,0.00194418546912213,0.00177634918832658,0.00016783628079555,1.54474937066731,"finite Zipf reference",91,2091,"strict equifinality"
50,0.00617337156439941,0.00603200035688653,0.00014137120751288,0.809318196443514,"finite Zipf reference",91,2091,"strict equifinality"
100,0.0176068303300346,0.0176393830564612,-3.25527264265837e-05,-0.155138128776004,"finite Zipf reference",91,2091,"strict equifinality"
25,0.177239741470059,0.00192975377523796,0.175309987694821,1356.98095831907,"Zipf Markov control",91,2091,"strict equifinality"
50,0.192615822984435,0.0062082986291837,0.186407524355251,987.544495597816,"Zipf Markov control",91,2091,"strict equifinality"
100,0.214942473827702,0.0179622751060394,0.196980198721663,837.861313890139,"Zipf Markov control",91,2091,"strict equifinality"
25,0.222149835228069,0.22177581932786,0.000374015900208885,0.458012675529146,"latent mixture",91,2091,"strict equifinality"
50,0.208199883743916,0.20756671888684,0.000633164857076068,0.861090379936443,"latent mixture",91,2091,"strict equifinality"
100,0.201228114064073,0.200608280918232,0.000619833145841214,1.01484174009212,"latent mixture",91,2091,"strict equifinality"
25,0.39231635033229,0.0132761747887447,0.379040175543545,3038.61551317416,"sample-space reduction",91,2091,"strict equifinality"
50,0.366596459773777,0.0157262687588369,0.35087019101494,2013.59038767606,"sample-space reduction",91,2091,"strict equifinality"
100,0.347351826036855,0.026567886453843,0.320783939583012,1409.98638496512,"sample-space reduction",91,2091,"strict equifinality"
25,0.00178198768517511,0.00179617419161823,-1.41865064431231e-05,-0.151104224848015,"finite Zipf reference",92,2092,"strict equifinality"
50,0.00624258274995275,0.0060643474114795,0.000178235338473247,1.34711564415154,"finite Zipf reference",92,2092,"strict equifinality"
100,0.0178304041417136,0.0176181257760233,0.000212278365690391,1.04613819750838,"finite Zipf reference",92,2092,"strict equifinality"
25,0.177283188443462,0.00184387447282163,0.175439313970641,1480.57497234007,"Zipf Markov control",92,2092,"strict equifinality"
50,0.191590133890095,0.00616057846081503,0.18542955542928,1193.14752000908,"Zipf Markov control",92,2092,"strict equifinality"
100,0.212774068190079,0.0178248119095,0.19494925628058,788.700108495536,"Zipf Markov control",92,2092,"strict equifinality"
25,0.200669135443076,0.200536985867525,0.000132149575550744,0.2535052563836,"latent mixture",92,2092,"strict equifinality"
50,0.187965832552464,0.18811656321786,-0.000150730665395116,-0.292694210474814,"latent mixture",92,2092,"strict equifinality"
100,0.184083325556963,0.183895975113365,0.000187350443598328,0.424069061121646,"latent mixture",92,2092,"strict equifinality"
25,0.390611965975559,0.0132375352166545,0.377374430758905,2745.45752812825,"sample-space reduction",92,2092,"strict equifinality"
50,0.366093444130395,0.0156573021513341,0.350436141979061,2097.20764366051,"sample-space reduction",92,2092,"strict equifinality"
100,0.346452128422004,0.0264260098004238,0.320026118621581,2032.02224580112,"sample-space reduction",92,2092,"strict equifinality"
25,0.00182742223454302,0.00180649494450472,2.09272900383076e-05,0.218885698675304,"finite Zipf reference",93,2093,"strict equifinality"
50,0.0061569871187091,0.00598033122917252,0.000176655889536582,1.1377742342491,"finite Zipf reference",93,2093,"strict equifinality"
100,0.0176693761725279,0.0175753833858475,9.39927866804163e-05,0.421723818931216,"finite Zipf reference",93,2093,"strict equifinality"
25,0.180008516709518,0.00193631373812576,0.178072202971392,1343.70540355005,"Zipf Markov control",93,2093,"strict equifinality"
50,0.195174360840625,0.00624203974821407,0.188932321092411,1208.97734800653,"Zipf Markov control",93,2093,"strict equifinality"
100,0.217260009155488,0.017981703532751,0.199278305622737,1209.9136253812,"Zipf Markov control",93,2093,"strict equifinality"
25,0.22316894106,0.223945992841736,-0.000777051781736204,-1.2103163208191,"latent mixture",93,2093,"strict equifinality"
50,0.207720885945156,0.208720684637765,-0.000999798692608883,-1.76141527173722,"latent mixture",93,2093,"strict equifinality"
100,0.201204925524344,0.201941886920686,-0.000736961396342078,-1.69199203559911,"latent mixture",93,2093,"strict equifinality"
25,0.392076340054004,0.0133365858851315,0.378739754168873,3442.81129617362,"sample-space reduction",93,2093,"strict equifinality"
50,0.366354999829424,0.0157367449492642,0.350618254880159,1963.75561229212,"sample-space reduction",93,2093,"strict equifinality"
100,0.345919527405664,0.0266542750841407,0.319265252321523,1536.35065383899,"sample-space reduction",93,2093,"strict equifinality"
25,0.00174436659144109,0.00182109340549686,-7.67268140557747e-05,-0.688246269547063,"finite Zipf reference",94,2094,"strict equifinality"
50,0.0059823509176077,0.00602509088626812,-4.27399686604209e-05,-0.221216389885136,"finite Zipf reference",94,2094,"strict equifinality"
100,0.0173719084654654,0.017572968044608,-0.000201059579142637,-0.910321586559808,"finite Zipf reference",94,2094,"strict equifinality"
25,0.180191067769498,0.00192369255104429,0.178267375218454,1646.18820324631,"Zipf Markov control",94,2094,"strict equifinality"
50,0.196255748442615,0.00617779259698218,0.190077955845633,1927.0529695779,"Zipf Markov control",94,2094,"strict equifinality"
100,0.216215577594583,0.0178383476033778,0.198377229991205,1086.30485859022,"Zipf Markov control",94,2094,"strict equifinality"
25,0.211658284852248,0.211809706779921,-0.000151421927672396,-0.283274102677946,"latent mixture",94,2094,"strict equifinality"
50,0.197659571832652,0.19779244634705,-0.000132874514398668,-0.268191787173433,"latent mixture",94,2094,"strict equifinality"
100,0.194622752914078,0.194348204502151,0.00027454841192745,0.574601720850117,"latent mixture",94,2094,"strict equifinality"
25,0.392250994778251,0.013251730170431,0.37899926460782,2982.42868136855,"sample-space reduction",94,2094,"strict equifinality"
50,0.365894489593428,0.0156751002237397,0.350219389369689,2022.95119357777,"sample-space reduction",94,2094,"strict equifinality"
100,0.34611879521189,0.0264318970226319,0.319686898189259,1795.36377564806,"sample-space reduction",94,2094,"strict equifinality"
25,0.00187528059268066,0.00183598451281574,3.92960798649264e-05,0.385321610790752,"finite Zipf reference",95,2095,"strict equifinality"
50,0.00606317518206412,0.00610269182068927,-3.95166386251526e-05,-0.267152656896623,"finite Zipf reference",95,2095,"strict equifinality"
100,0.017616301824501,0.0176865242509876,-7.02224264865874e-05,-0.38653375772985,"finite Zipf reference",95,2095,"strict equifinality"
25,0.177919547070472,0.00192054402587398,0.175999003044598,1432.96272091677,"Zipf Markov control",95,2095,"strict equifinality"
50,0.193828089550963,0.00622760021099062,0.187600489339972,1083.03813057945,"Zipf Markov control",95,2095,"strict equifinality"
100,0.218169676675029,0.0179282908714377,0.200241385803591,1000.60849509741,"Zipf Markov control",95,2095,"strict equifinality"
25,0.211622453858408,0.21263984490125,-0.0010173910428426,-1.18179166389684,"latent mixture",95,2095,"strict equifinality"
50,0.19987543711533,0.200251491029748,-0.000376053914418306,-0.58737792468711,"latent mixture",95,2095,"strict equifinality"
100,0.196062557945734,0.196405484658448,-0.000342926712713465,-0.619005005265656,"latent mixture",95,2095,"strict equifinality"
25,0.393041333352315,0.0133400916821563,0.379701241670159,3095.12719299711,"sample-space reduction",95,2095,"strict equifinality"
50,0.36653015285985,0.0157607106833636,0.350769442176486,1825.10032954934,"sample-space reduction",95,2095,"strict equifinality"
100,0.346306709284386,0.0264139581925563,0.31989275109183,1441.64277702357,"sample-space reduction",95,2095,"strict equifinality"
25,0.00173611179436462,0.00181998174065492,-8.38699462903038e-05,-1.01862205239113,"finite Zipf reference",96,2096,"strict equifinality"
50,0.00598044968354746,0.00606661844561673,-8.61687620692646e-05,-0.564312373965313,"finite Zipf reference",96,2096,"strict equifinality"
100,0.0176963211207834,0.0176006239060006,9.56972147827875e-05,0.481442937237566,"finite Zipf reference",96,2096,"strict equifinality"
25,0.177793690284929,0.00190542781139668,0.175888262473532,1268.45958625147,"Zipf Markov control",96,2096,"strict equifinality"
50,0.194527395847632,0.00618245624261008,0.188344939605022,1092.57794183059,"Zipf Markov control",96,2096,"strict equifinality"
100,0.216344532924748,0.0178099920012101,0.198534540923538,1174.05655665152,"Zipf Markov control",96,2096,"strict equifinality"
25,0.207821711342673,0.206627367159092,0.00119434418358055,2.31028784572846,"latent mixture",96,2096,"strict equifinality"
50,0.197597565332015,0.196414563946537,0.00118300138547825,2.0839291524764,"latent mixture",96,2096,"strict equifinality"
100,0.195733151369963,0.19475173161569,0.000981419754272989,2.93917859717092,"latent mixture",96,2096,"strict equifinality"
25,0.391707554168644,0.0133153384589747,0.378392215709669,2983.83157072678,"sample-space reduction",96,2096,"strict equifinality"
50,0.366991984833793,0.0157663720041,0.351225612829693,1832.20926007363,"sample-space reduction",96,2096,"strict equifinality"
100,0.347232974321755,0.0265941689713684,0.320638805350387,1875.10344413926,"sample-space reduction",96,2096,"strict equifinality"
25,0.0019201118050328,0.00179144606540061,0.000128665739632195,0.988196235894536,"finite Zipf reference",97,2097,"strict equifinality"
50,0.00643643843413851,0.00599710823656231,0.000439330197576198,3.13830347827931,"finite Zipf reference",97,2097,"strict equifinality"
100,0.0177639233693423,0.0175348957740273,0.000229027595315012,1.33522567194464,"finite Zipf reference",97,2097,"strict equifinality"
25,0.180959419659948,0.00187644497032479,0.179082974689623,1349.29731960473,"Zipf Markov control",97,2097,"strict equifinality"
50,0.197456642858791,0.00616812430052081,0.19128851855827,1015.91205785367,"Zipf Markov control",97,2097,"strict equifinality"
100,0.217342032415358,0.0178485632556264,0.199493469159732,862.242993589214,"Zipf Markov control",97,2097,"strict equifinality"
25,0.201885243321144,0.201499449601462,0.000385793719682254,0.56928361654391,"latent mixture",97,2097,"strict equifinality"
50,0.188712389995592,0.188753755403888,-4.13654082965509e-05,-0.0761645736334868,"latent mixture",97,2097,"strict equifinality"
100,0.187959233361113,0.188119266161675,-0.000160032800561871,-0.367724760924442,"latent mixture",97,2097,"strict equifinality"
25,0.393183783985108,0.0133439788043681,0.37983980518074,3602.04188156404,"sample-space reduction",97,2097,"strict equifinality"
50,0.367551669811865,0.0158299163004211,0.351721753511444,2317.32631461413,"sample-space reduction",97,2097,"strict equifinality"
100,0.347633616005235,0.0265508387910572,0.321082777214178,1514.42698770199,"sample-space reduction",97,2097,"strict equifinality"
25,0.00183849648757701,0.00178225580168299,5.62406858940166e-05,0.468409882851093,"finite Zipf reference",98,2098,"strict equifinality"
50,0.00603509182372511,0.00599077032656832,4.43214971567905e-05,0.277018541502338,"finite Zipf reference",98,2098,"strict equifinality"
100,0.0178093567977312,0.0175525851309553,0.000256771666775908,1.29048725833085,"finite Zipf reference",98,2098,"strict equifinality"
25,0.177791799690935,0.00193497868618042,0.175856821004754,1686.8388790709,"Zipf Markov control",98,2098,"strict equifinality"
50,0.196084102865369,0.0061879043724111,0.189896198492958,1429.82410943401,"Zipf Markov control",98,2098,"strict equifinality"
100,0.217810446634577,0.0179725837328501,0.199837862901727,1117.5508304733,"Zipf Markov control",98,2098,"strict equifinality"
25,0.215387177299422,0.215141810110938,0.000245367188484086,0.305649206903888,"latent mixture",98,2098,"strict equifinality"
50,0.20185244862058,0.201970912317998,-0.000118463697417664,-0.168711228612705,"latent mixture",98,2098,"strict equifinality"
100,0.195681982806047,0.19597763616249,-0.000295653356442604,-0.538451774849415,"latent mixture",98,2098,"strict equifinality"
25,0.392088344729825,0.0133624042251453,0.37872594050468,3098.07228667438,"sample-space reduction",98,2098,"strict equifinality"
50,0.366824411094099,0.015748246878659,0.35107616421544,2187.96789663907,"sample-space reduction",98,2098,"strict equifinality"
100,0.346836944638197,0.0265371957974406,0.320299748840757,1405.83598621296,"sample-space reduction",98,2098,"strict equifinality"
25,0.00190258796785247,0.00178634212885425,0.00011624583899822,1.30556650838063,"finite Zipf reference",99,2099,"strict equifinality"
50,0.00602869748043387,0.00603518065165104,-6.48317121717309e-06,-0.0433112977977817,"finite Zipf reference",99,2099,"strict equifinality"
100,0.0175505461690907,0.0175359967140473,1.45494550434083e-05,0.0737947659096171,"finite Zipf reference",99,2099,"strict equifinality"
25,0.176618938798895,0.00192081508575419,0.174698123713141,1645.20715743975,"Zipf Markov control",99,2099,"strict equifinality"
50,0.191099140584881,0.00617790762600655,0.184921232958875,1088.08328263207,"Zipf Markov control",99,2099,"strict equifinality"
100,0.210685597416212,0.0178344270214873,0.192851170394724,912.908058739932,"Zipf Markov control",99,2099,"strict equifinality"
25,0.216695240549511,0.216471206084334,0.000224034465177186,0.471901370181957,"latent mixture",99,2099,"strict equifinality"
50,0.20363115132773,0.203019864656095,0.000611286671635625,1.28180902316555,"latent mixture",99,2099,"strict equifinality"
100,0.199398836425451,0.199453431151076,-5.459472562519e-05,-0.113054335344656,"latent mixture",99,2099,"strict equifinality"
25,0.39142522671291,0.0132761931002936,0.378149033612616,3747.66294008859,"sample-space reduction",99,2099,"strict equifinality"
50,0.365836378116919,0.015749396218617,0.350086981898302,3521.01582179392,"sample-space reduction",99,2099,"strict equifinality"
100,0.346744406689711,0.0265442295538211,0.32020017713589,1802.20005130069,"sample-space reduction",99,2099,"strict equifinality"
25,0.00193783132991989,0.00181528892764238,0.000122542402277519,1.03970452683335,"finite Zipf reference",100,2100,"strict equifinality"
50,0.00620609853910469,0.00602605946574657,0.000180039073358122,1.40974245403311,"finite Zipf reference",100,2100,"strict equifinality"
100,0.0177338181821363,0.0176196082767305,0.000114209905405734,0.773175894177489,"finite Zipf reference",100,2100,"strict equifinality"
25,0.179049905598409,0.00192575914092335,0.177124146457486,1353.44005963276,"Zipf Markov control",100,2100,"strict equifinality"
50,0.19545344945425,0.00618192180000055,0.18927152765425,1065.2021658337,"Zipf Markov control",100,2100,"strict equifinality"
100,0.216564793946425,0.0179131025491024,0.198651691397322,1012.25632421021,"Zipf Markov control",100,2100,"strict equifinality"
25,0.202842765621025,0.204098900441696,-0.00125613482067125,-1.84561875504516,"latent mixture",100,2100,"strict equifinality"
50,0.187540678095383,0.188611643345084,-0.00107096524970079,-1.93820152181909,"latent mixture",100,2100,"strict equifinality"
100,0.183343651307309,0.184675136609053,-0.00133148530174432,-3.15145380185065,"latent mixture",100,2100,"strict equifinality"
25,0.390277076267997,0.0133371850620315,0.376939891205966,3060.92022829548,"sample-space reduction",100,2100,"strict equifinality"
50,0.366313763119712,0.01576257126227,0.350551191857442,2151.66378071082,"sample-space reduction",100,2100,"strict equifinality"
100,0.34651987899517,0.0265319621516425,0.319987916843528,1373.45611102293,"sample-space reduction",100,2100,"strict equifinality"
